Symbol,title,type,date,url,announcement_id,adjunct_url,download_url,adjunct_type,adjunct_size_kb,text_excerpt,text_status,content,time,source,CacheSource
601899,紫金矿业集团股份有限公司关于紫金黄金国际超额配售权获悉数行使的公告,,2025-10-09 00:00:00,https://www.cninfo.com.cn/new/disclosure/detail?annoId=1224701191,1224701191,finalpage/2025-10-09/1224701191.PDF,https://static.cninfo.com.cn/finalpage/2025-10-09/1224701191.PDF,PDF,84,"证券代码：601899        股票简称：紫金矿业         编号：临 2025-080

                  紫金矿业集团股份有限公司
       关于紫金黄金国际超额配售权获悉数行使的公告

   本公司董事会及全体董事保证本公告内容不存在任何虚假记载、误导性陈述

或者重大遗漏，并对其内容的真实性、准确性和完整性承担法律责任。

   经香港联合交易所有限公司（以下简称“香港联交所”）批准，紫金矿业集团

股份有限公司（以下简称“紫金矿业”）子公司紫金黄金国际有限公司（以下简称

“紫金黄金国际”，股票代码：2259）发行的 348,990,700 股股份（超额配售权行

使前）已于 2025 年 9 月 30 日在香港联交所主板挂牌并上市交易。

   根据发行方案，紫金黄金国际同意由整体协调人（为其本身及代表国际承销

商）于 2025 年 10 月 8 日悉数行使超额配售权，按发售价 71.59 港元/股再发行

52,348,600 股股份。

   前述超额配售权悉数行使后，紫金黄金国际发行的总股份数从 348,990,700 股

增加至 401,339,300 股，约占紫金黄金国际总股数 2,676,339,300 股（超额配售权行

使后）的 15%，募资总额约 287 亿港元。紫金矿业仍持有紫金黄金国际 85%股权，

并维持对紫金黄金国际的控制及财务并表。

   经香港联交所批准，前述超额配售的 52,348,600 股股份预计将于 2025 年 10

月 13 日在香港联交所主板上市及买卖。

   特此公告。

                                  紫金矿业集团股份有限公司

                                        董   事   会

                                     二〇二五年十月九日",ok,,,,agent_preflight
601899,紫金矿业集团股份有限公司关于哈萨克斯坦Raygorodok金矿项目收购完成交割的公告,,2025-10-13 00:00:00,https://www.cninfo.com.cn/new/disclosure/detail?annoId=1224707140,1224707140,finalpage/2025-10-13/1224707140.PDF,https://static.cninfo.com.cn/finalpage/2025-10-13/1224707140.PDF,PDF,110,"证券代码：601899     股票简称：紫金矿业         编号：临 2025-081

              紫金矿业集团股份有限公司
  关于哈萨克斯坦Raygorodok金矿项目收购完成交割的公告

  本公司董事会及全体董事保证本公告内容不存在任何虚假记载、误导性陈述

或者重大遗漏，并对其内容的真实性、准确性和完整性承担法律责任。

  紫金矿业集团股份有限公司（以下简称“公司”）于 2025 年 6 月 30 日披露《关

于收购哈萨克斯坦 Raygorodok 金矿项目的公告》
                           （编号：临 2025-060），公司控股

子公司紫金黄金国际有限公司（以下简称“紫金黄金国际”，股票代码：HK2259）

通过全资子公司收购哈萨克斯坦 Raygorodok 金矿（以下简称“RG 金矿”）100%

权益。鉴于协议中约定的交割先决条件已全部实现或豁免，本次收购已于 2025 年

10 月 10 日完成交割，紫金黄金国际现已持有 RG 金矿 100%权益。

  根据紫金黄金国际招股说明书显示，截至 2025 年 6 月 30 日，RG 金矿项目保

有资源量：控制+推断级别矿石量 2.08 亿吨，金平均品位 1.0 克/吨，金金属量 197.4

吨；RG 金矿保有储量：矿石量 9,700 万吨，金平均品位 0.9 克/吨，金金属量 87

吨。RG 金矿交割完成后，公司将加速推进项目可研和露采境界优化，在目前金价

背景下，有望进一步提高露采资源利用率，并扩建矿山生产规模。

  公司认为，RG 金矿位于哈萨克斯坦黄金成矿带，资源量较大，为大型在产露

天矿山，服务期限长，基础设施完善，项目选矿工艺成熟，综合成本较低，盈利

能力较强，并购当年即可为公司贡献产量和利润，预期投资回报期短，经济效益

良好。RG 金矿 2023-2024 年年均产金约 6 吨，目前生产运营正常且仍有进一步提

升空间，有望显著支撑公司 2028 年矿产金 100-110 吨的规划目标。

  RG 金矿的顺利交割使紫金黄金国际旗下在产黄金矿山增至 9 座，进一步夯实

其资产规模、盈利水平和全球行业地位。RG 金矿将与塔吉克斯坦吉劳/塔罗金矿、
吉尔吉斯斯坦左岸金矿在物流通道、技术管理及人才调配等方面形成良好协同，

有助于紫金黄金国际持续深耕中亚，提升区域抗风险能力与综合竞争力，为紫金

黄金国际的发展注入新动能。

 特此公告。

                       紫金矿业集团股份有限公司

                           董   事   会

                        二〇二五年十月十三日",ok,,,,agent_preflight
601899,紫金矿业集团股份有限公司关于召开2025年第三季度业绩说明会的公告,,2025-10-15 00:00:00,https://www.cninfo.com.cn/new/disclosure/detail?annoId=1224711641,1224711641,finalpage/2025-10-15/1224711641.PDF,https://static.cninfo.com.cn/finalpage/2025-10-15/1224711641.PDF,PDF,103,"证券代码：601899      证券简称：紫金矿业            编号：临 2025-082

              紫金矿业集团股份有限公司
       关于召开2025年第三季度业绩说明会的公告

  本公司董事会及全体董事保证本公告内容不存在任何虚假记载、误导性陈述

或者重大遗漏，并对其内容的真实性、准确性和完整性承担法律责任。

重要内容提示：

   会议召开时间：2025 年 10 月 22 日（星期三）16:00-17:00

   会议召开地点：上海证券交易所上证路演中心（roadshow.sseinfo.com）

   会议召开方式：网络文字互动

  一、业绩说明会类型

  本次业绩说明会以网络文字互动形式召开，公司将针对 2025 年第三季度的经

营情况、财务状况等与投资者进行互动交流和沟通，在信息披露允许的范围内就

投资者普遍关注的问题进行回答。

  二、业绩说明会召开的时间、地点

  （一）会议召开时间：2025 年 10 月 22 日（星期三）16:00-17:00

  （二）会议召开地点：上证路演中心（roadshow.sseinfo.com）

  （三）会议召开方式：网络文字互动

  三、参加人员

  参加业绩说明会的人员为公司管理层。

  四、投资者参加方式

  （一）投资者可在 2025 年 10 月 22 日（星期三）16:00-17:00，通过互联网登

录上证路演中心在线参与本次业绩说明会，公司将及时回答投资者的提问。

  （二）投资者可于 2025 年 10 月 15 日（星期三）至 10 月 21 日（星期二）16:00
前登录上证路演中心网站首页点击“提问预征集”栏目或通过公司邮箱

ir@zijinmining.com 进行提问。

   五、联系方式

   电话：0592-2933058

   邮箱：ir@zijinmining.com

   六、其他事项

   本次业绩说明会召开后，投资者可以通过上证路演中心查看本次业绩说明会

的召开情况及主要内容。

   特此公告。

                           紫金矿业集团股份有限公司

                               董 事 会

                            二〇二五年十月十五日",ok,,,,agent_preflight
601899,紫金矿业集团股份有限公司关于向参股公司提供财务资助的公告,,2025-10-18 00:00:00,https://www.cninfo.com.cn/new/disclosure/detail?annoId=1224719364,1224719364,finalpage/2025-10-18/1224719364.PDF,https://static.cninfo.com.cn/finalpage/2025-10-18/1224719364.PDF,PDF,103,"证券代码：601899    证券简称：紫金矿业       公告编号：2025-090

              紫金矿业集团股份有限公司
          关于向参股公司提供财务资助的公告

  本公司董事会及全体董事保证本公告内容不存在任何虚假记载、误导性陈述

或者重大遗漏，并对其内容的真实性、准确性和完整性承担法律责任。

重要内容提示：

   紫金矿业集团股份有限公司（以下简称“公司”）拟按持股比例向参股公

司松潘县紫金工贸有限责任公司（以下简称“松潘紫金”,公司直接持有 23.8%股

权）提供股东借款人民币 3,461 万元（币种下同），期限 5 年，借款利率为年化 5%。

   本次财务资助事项已经公司第八届董事会第十三次会议审议通过，该事项

无需提交公司股东会审议。

   本次财务资助事项不会影响公司正常生产经营及资金使用，有利于参股公

司业务稳定与发展，风险可控，符合公司和股东整体利益。

  一、财务资助事项概述

  （一）基本情况

  为解决松潘紫金项目开发的资金需求，公司拟按持股比例向松潘紫金提供股

东借款，具体情况如下：
被资助对象名称        松潘县紫金工贸有限责任公司
资助方式           借款
资助金额           3,461 万元
资助期限           60 个月
资助利息           有息，年化 5%，利息按月计算，按年支付
担保措施           无

  （二）内部决策程序
  公司于 2025 年 10 月 17 日召开的第八届董事会第十三次会议审议通过了《关

于向参股公司松潘紫金提供财务资助的议案》，12 票同意、0 票反对、0 票弃权。

该事项无需提交公司股东会审议。

  （三）提供财务资助的原因

  为加快推进“探转采”工作，尽早把资源优势转化为经济优势，松潘紫金需

资金 14,541 万元，为解决该资金缺口，松潘紫金拟向各股东按持股比例借款。

  本次财务资助事项不会影响公司正常生产经营及资金使用，不属于《上海证

券交易所股票上市规则》
          《上海证券交易所上市公司自律监管指引第 1 号——规范

运作》等规定的不得提供财务资助的情形。

  二、被资助对象的基本情况

  （一）基本情况
被资助对象名称       松潘县紫金工贸有限责任公司
法定代表人         杨春
统一社会信用代码      91513224772964096A
成立时间          2005 年 4 月 13 日
              四川省阿坝藏族羌族自治州松潘县进安镇金坑坝金坑
注册地
              坝路 9 号
              四川省阿坝藏族羌族自治州松潘县进安镇金坑坝金坑
主要办公地点
              坝路 9 号
注册资本          18,000 万人民币（实缴资本：18000 万人民币）
主营业务          许可项目：矿产资源勘查。
              公司直接持有松潘紫金 23.8%股权，阿坝州国鑫矿产资
              源开发有限公司、云南经纬矿业投资有限公司、四川省
主要股东或实际控制人
              地质矿产勘查开发局川西北地质队分别持有松潘紫金
              30%、23.1%、23.1%股权。
与上市公司的关系      参股公司（其他股东是否有关联方：否）
                          2025 年 09 月 30 日     2024 年 12 月 31 日
                 项目         /2025 年 1-9 月          /2024 年度
主要财务指标（万元）                   （未经审计）              （未经审计）
              资产总额                 33,244.23          28,854.66
              负债总额        9,187.68    6,418.55
              资产净额       24,056.55   22,436.11
              营业收入               0           0
              净利润          -164.56     -138.18
是否存在影响被资助人偿
债能力的重大或有事项
            无
（包括担保、抵押、诉讼
与仲裁事项等）

  （二）被资助对象的资信或信用等级状况

  松潘紫金未被列为失信被执行人。公司上一个会计年度向松潘紫金提供财务

资助合计 0 万元，不存在到期未清偿的情形。

  （三）与被资助对象的关系

  公司直接持有松潘紫金 23.8%的股权，松潘紫金不是公司的关联参股公司。

  三、财务资助协议的主要内容

  借款本金：人民币 3,461 万元；

  借款利率：年化 5%，利息按月计算，按年支付；

  借款期限：5 年。

  四、财务资助风险分析及风控措施

  本次财务资助将为松潘紫金推进项目开发提供资金支持。本次财务资助条件

公允，且松潘紫金其他股东亦按照股权比例和同等条件提供股东借款，符合公平

合理原则。公司将密切关注项目资产负债情况，确保资金安全。

  五、董事会意见

  董事会认为，公司本次按股权比例向参股公司提供财务资助，是为了支持参

股公司经营发展，有利于参股公司业务稳定与发展，且被资助对象资信情况正常，

财务资助风险可控，符合公司及全体股东利益。
  本次财务资助金额为人民币 3,461 万元，占公司最近一期经审计归母净资产

的 0.025%，不会对公司产生重大影响，不存在损害公司及全体股东利益的情形。

  六、累计提供财务资助金额及逾期金额
                                占上市公司最近一期经审
     项目         金额（万元）
                                 计净资产的比例（%）
对合并报表外单位累计提
                    1,379,686            9.87
供财务资助余额
逾期未收回的金额                    0               0

  特此公告。

                          紫金矿业集团股份有限公司

                                 董 事 会

                            二〇二五年十月十八日",ok,,,,agent_preflight
601899,紫金矿业集团股份有限公司2025年第三季度报告,,2025-10-18 00:00:00,https://www.cninfo.com.cn/new/disclosure/detail?annoId=1224719363,1224719363,finalpage/2025-10-18/1224719363.PDF,https://static.cninfo.com.cn/finalpage/2025-10-18/1224719363.PDF,PDF,260,"紫金矿业集团股份有限公司2025 年第三季度报告

证券代码：601899                                                  证券简称：紫金矿业

              紫金矿业集团股份有限公司
               2025 年第三季度报告
  本公司董事会及全体董事保证本公告内容不存在任何虚假记载、误导性陈述或者
重大遗漏，并对其内容的真实性、准确性和完整性承担法律责任。

重要内容提示：

公司董事会、监事会及董事、监事、高级管理人员保证季度报告内容的真实、准确、完整，不存

在虚假记载、误导性陈述或重大遗漏，并承担个别和连带的法律责任。

公司负责人、主管会计工作负责人及会计机构负责人（会计主管人员）保证季度报告中财务信息

的真实、准确、完整。

第三季度财务报表是否经审计
□是 √否

一、主要财务数据

（一） 主要会计数据和财务指标
                                                          单位：元         币种：人民币
                                  本报告期比上                               年初至报告期末
       项目        本报告期             年同期增减变             年初至报告期末           比上年同期增减
                                   动幅度(%)                               变动幅度(%)
营业收入            86,488,690,009                8.14   254,199,543,240         10.33
利润总额            21,149,045,307               53.95    55,645,581,474         57.52
净利润             17,056,118,231               52.25    45,701,159,981         53.99
归属于上市公司股东的
                14,571,868,503               57.14    37,863,620,974         55.45
净利润
归属于上市公司股东的
扣除非经常性损益的净      12,502,666,197               50.37    34,126,643,303         43.71
利润
经营活动产生的现金流
                23,277,531,472               48.62    52,107,388,420         44.31
量净额
基本每股收益（元/股）             0.548                57.02             1.425         54.39
稀释每股收益（元/股）             0.537                56.56             1.396         52.24
加权平均净资产收益率                9.80            增加 2.66              25.45      增加 5.23

                                 1 / 22
              紫金矿业集团股份有限公司2025 年第三季度报告

（%）                                        个百分点                                 个百分点
                                                                         本报告期末比上
               本报告期末                              上年度末                   年度末增减变动
                                                                           幅度(%)
总资产            483,007,569,343                         396,610,730,026             21.78
归属于上市公司股东的
               169,312,403,158                         139,785,524,982             21.12
所有者权益
净流动资产           23,509,664,219                            -845,284,425           不适用
                                                                              下降 2.18 个
资产负债率                  53.01%                                  55.19%
                                                                                 百分点
注：“本报告期”指本季度初至本季度末 3 个月期间，下同。

（二） 非经常性损益项目和金额
√适用 □不适用
                                                               单位:元      币种:人民币
        非经常性损益项目                     本期金额              年初至报告期末金额                说明
非流动性资产处置损益，包括已计提资产减值
                                      -31,082,527              -103,963,176
准备的冲销部分
计入当期损益的政府补助，但与公司正常经营
业务密切相关、符合国家政策规定、按照确定
                                     129,517,035                376,836,397
的标准享有、对公司损益产生持续影响的政府
补助除外
除同公司正常经营业务相关的有效套期保值
业务外，非金融企业持有金融资产和金融负债
                                   1,490,847,898              3,030,147,379
产生的公允价值变动损益以及处置金融资产
和金融负债产生的损益
计入当期损益的对非金融企业收取的资金占
                                           9,102,473             27,361,078
用费
单独进行减值测试的应收款项减值准备转回                        7,539,440              8,042,107
债务重组损益                                      -608,376               -872,129
除上述各项之外的其他营业外收入和支出                  -169,083,426               -715,473,975
                                                                              处置长期股
其他符合非经常性损益定义的损益项目                    711,630,687              1,297,180,758   权投资取得
                                                                              的投资收益
减：所得税影响额                                  89,764,312            311,755,110
  少数股东权益影响额（税后）                       -11,103,414              -129,474,342
         合计          2,069,202,306 3,736,977,671
对公司将《公开发行证券的公司信息披露解释性公告第 1 号——非经常性损益》未列举的项目认
定为非经常性损益项目且金额重大的，以及将《公开发行证券的公司信息披露解释性公告第 1 号
——非经常性损益》中列举的非经常性损益项目界定为经常性损益的项目，应说明原因。
□适用 √不适用
本集团为联合营公司及其子公司提",ok,,,,agent_preflight
601899,紫金矿业集团股份有限公司第八届监事会第十三次会议决议公告,,2025-10-18 00:00:00,https://www.cninfo.com.cn/new/disclosure/detail?annoId=1224719362,1224719362,finalpage/2025-10-18/1224719362.PDF,https://static.cninfo.com.cn/finalpage/2025-10-18/1224719362.PDF,PDF,107,"证券代码：601899     股票简称：紫金矿业    编号：临 2025-084

              紫金矿业集团股份有限公司
         第八届监事会第十三次会议决议公告

  本公司监事会及全体监事保证本公告内容不存在任何虚假记载、误导性陈述

或者重大遗漏，并对其内容的真实性、准确性和完整性承担法律责任。

  紫金矿业集团股份有限公司（以下简称“公司”）第八届监事会第十三次会

议于2025年10月17日在厦门紫金酒店会议室和公司上杭总部以现场和视频方式召

开，会议应出席监事5名，实际出席监事5名，本次会议有效表决票5票。会议的召

集和召开符合《公司法》和《公司章程》的有关规定，会议表决合法有效。监事

会主席林水清先生主持会议，以投票表决方式审议通过了以下议案：

  一、审议通过《公司2025年第三季度报告》

  经监事会认真审核董事会编制的《公司2025年第三季度报告》，提出如下书

面审核意见：

  （一）公司2025年第三季度报告编制和审议程序符合法律、法规、公司章程

和公司内部管理制度的各项规定。

  （二）公司严格按照股份制公司财务制度规范运作，公司2025年第三季度报

告的内容和格式符合中国证监会和上海证券交易所的各项规定，所包含的信息能

从各个方面真实地反映出公司2025年第三季度的经营成果和财务状况等事项。

  （三）在提出本意见前，监事会未发现参与2025年第三季度报告编制和审议

的人员有违反保密规定的行为。

  表决结果：同意5票，反对0票，弃权0票。

  二、审议通过《关于回购注销2020年限制性股票激励计划部分激励对象限制

性股票及调整回购价格的议案》

                   1
  公司本次回购注销1名激励对象所涉部分限制性股票事项符合《上市公司股权

激励管理办法》等法律法规及《2020年限制性股票激励计划（草案修订稿）》的

有关规定，符合公司全体股东和激励对象的一致利益。董事会关于本次回购注销

限制性股票的审议程序符合相关规定，合法有效。公司回购股份的资金全部为自

有资金，不会对公司的财务状况和经营成果产生实质性影响，不会影响公司管理

团队与核心骨干的勤勉尽职，也不存在损害公司及全体股东利益的情形。

  公司监事会同意回购注销1名激励对象已获授但尚未解除限售的限制性股票

1.02万股。同时，基于公司2024年度利润分派方案（每股派发现金红利含税人民

币0.28元）和2025年半年度利润分派方案（每股派发现金红利含税人民币0.22元）

的实施情况，公司监事会同意对2020年限制性股票激励计划回购价格由4.08元/股

调整为3.58元/股。

  表决结果：同意5票，反对0票，弃权0票。

  三、审议通过《关于2020年限制性股票激励计划预留授予部分第三个解除限

售期解除限售条件成就的议案》

  根据公司《2020年限制性股票激励计划（草案修订稿）》（以下简称“《激

励计划》”）、《2020年限制性股票激励计划实施考核管理办法》的相关规定，

经核查，公司2020年限制性股票激励计划预留授予部分的第三个解除限售期解除

限售条件已成就，公司董事会根据公司2020年第三次临时股东大会、2020年第三

次A股类别股东大会、2020年第三次H股类别股东大会的授权，按照《激励计划》

的有关规定为符合解除限售条件的33名激励对象办理解除限售的相关事宜，可申

请解除限售并上市流通的限制性股票数量合计为754,800股（以中国证券登记结算

有限责任公司上海分公司实际登记数量为准），该等事项符合现行法律法规、《激

励计划》及《公司章程》的有关规定，不存在损害公司及全体股东利益的情形，

同意公司后续为激励对象办理相关解除限售手续。

  表决结果：同意5票，反对0票，弃权0票。

  四、审议通过《关于调整2023年股票期权激励计划行权价格的议案》

                    2
  公司董事会基于权益分派实施情况对本次激励计划行权价格的调整，符合公

司2023年第一次临时股东大会、2023年第二次A股类别股东大会、2023年第二次H

股类别股东大会对董事会的授权范围，调整程序合法、合规，符合《上市公司股

权激励管理办法》以及公司《2023年股票期权激励计划（草案）》的相关规定，

不存在损害公司及全体股东利益的情形。因此，我们同意公司将本次激励计划的

行权价格由11.95元/股调整为11.15元/股。

  表决结果：同意5票，反对0票，弃权0票。

  五、审议通过《关于2023年股票期权激励计划第一个行权期行权条件成就并

注销部分已授予期权的议案》

  经核查，2023年股票期权激励计划第一个行权期行权条件已成就。经对公司

本激励计划可行权的12名激励对象名单的审查，其作为公司本次可行权的激励对

象主体资格合法、有效。本次可行权激励对象资格符合《上市公司股权激励管理

办法》等法律法规及《2023年股票期权激励计划（草案）》的规定，本次可行权

的激励对象的资格合法、有效，不存在损害公司及股东利益的情形。综上所述，

同意12名激励对象在本激励计划第一个行权期内按规定采用自主行权的方式行权，

并由公司办理相应的行权手续。

  鉴于本激励计划中 1 名激励对象因个人原因离职不再具备激励对象资格，同

意公司董事会对上述激励对象已获授但尚未行权的 270 万份股票期权进行注销。

本次注销符合《上市公司股权激励管理办法》及《2023 年股票期权激励计划（草

案）》的规定。

  表决结果：同意5票，反对0票，弃权0票。

  特此公告。

                            紫金矿业集团股份有限公司

                               监   事   会

                            二〇二五年十月十八日

                       3",ok,,,,agent_preflight
601899,紫金矿业集团股份有限公司第八届董事会第十三次会议决议公告,,2025-10-18 00:00:00,https://www.cninfo.com.cn/new/disclosure/detail?annoId=1224719361,1224719361,finalpage/2025-10-18/1224719361.PDF,https://static.cninfo.com.cn/finalpage/2025-10-18/1224719361.PDF,PDF,99,"证券代码：601899    股票简称：紫金矿业        编号：临 2025-083

              紫金矿业集团股份有限公司
         第八届董事会第十三次会议决议公告

  本公司董事会及全体董事保证本公告内容不存在任何虚假记载、误导性陈述

或者重大遗漏，并对其内容的真实性、准确性和完整性承担法律责任。

  紫金矿业集团股份有限公司（以下简称“公司”）第八届董事会第十三次会议

于 2025 年 10 月 17 日在厦门紫金酒店会议室以现场和视频相结合的方式召开。会

议应出席董事 12 名，实际出席董事 12 名，本次会议有效表决票 12 票，公司监事

及高管列席会议。本次会议的召集和召开程序符合《公司法》和《公司章程》的

有关规定，会议由陈景河董事长主持，以投票表决方式审议通过了以下议案：

  一、审议通过《公司 2025 年第三季度报告》

  本议案提交董事会审议前，已经董事会审计与内控委员会审议通过。

  表决结果：同意 12 票，反对 0 票，弃权 0 票。

  具体内容详见公司同日披露于上海证券交易所网站及公司网站的公告。

  二、审议通过《关于沙坪沟钼矿 1,000 万吨/年采选项目内部立项的议案》

  董事会同意对安徽沙坪沟钼矿采选项目进行内部立项，项目估算总投资约

72.06 亿元，采矿方法为大直径深孔空场嗣后充填法，建设采选规模为 1,000 万吨

/年，主要产品为钼精矿（含钼品位 57%）。

  表决结果：同意 12 票，反对 0 票，弃权 0 票。

  三、审议通过《关于向参股公司松潘紫金提供财务资助的议案》

  表决结果：同意 12 票，反对 0 票，弃权 0 票。

  具体内容详见公司同日披露于上海证券交易所网站及公司网站的公告。

  四、审议通过《关于回购注销 2020 年限制性股票激励计划部分激励对象限制

                      1
性股票及调整回购价格的议案》

 本议案提交董事会审议前，已经董事会提名与薪酬委员会审议通过。

 表决结果：同意 6 票，反对 0 票，弃权 0 票。董事陈景河、邹来昌、林泓富、

林红英、谢雄辉、吴健辉作为本次激励计划的激励对象，属于关联董事，已就本

议案回避表决。

 具体内容详见公司同日披露于上海证券交易所网站及公司网站的公告。

 五、审议通过《关于 2020 年限制性股票激励计划预留授予部分第三个解除限

售期解除限售条件成就的议案》

 本议案提交董事会审议前，已经董事会提名与薪酬委员会审议通过。

 表决结果：同意 11 票，反对 0 票，弃权 0 票。董事吴健辉作为本次激励计划

预留部分的激励对象，属于关联董事，已就本议案回避表决。

 具体内容详见公司同日披露于上海证券交易所网站及公司网站的公告。

 六、审议通过《关于调整 2023 年股票期权激励计划行权价格的议案》

 本议案提交董事会审议前，已经董事会提名与薪酬委员会审议通过。

 表决结果：同意 6 票，反对 0 票，弃权 0 票。董事陈景河、邹来昌、林泓富、

林红英、谢雄辉、吴健辉作为本次激励计划的激励对象，属于关联董事，就本议

案回避表决。

 具体内容详见公司同日披露于上海证券交易所网站及公司网站的公告。

 七、审议通过《关于 2023 年股票期权激励计划第一个行权期行权条件成就并

注销部分已授予期权的议案》

 本议案提交董事会审议前，已经董事会提名与薪酬委员会审议通过。

 表决结果：同意 6 票，反对 0 票，弃权 0 票。董事陈景河、邹来昌、林泓富、

林红英、谢雄辉、吴健辉作为本次激励计划的激励对象，属于关联董事，就本议

案回避表决。

 具体内容详见公司同日披露于上海证券交易所网站及公司网站的公告。

 八、审议通过《关于对外捐赠的议案》

                   2
表决结果：同意 12 票，反对 0 票，弃权 0 票。

特此公告。

                              紫金矿业集团股份有限公司

                                  董 事 会

                               二〇二五年十月十八日

                    3",ok,,,,agent_preflight
601899,福建至理律师事务所关于紫金矿业集团股份有限公司2020年限制性股票激励计划预留授予部分第三期解除限售、回购注销部分限制性股票及调整回购价格相关事项的法律意见书,,2025-10-18 00:00:00,https://www.cninfo.com.cn/new/disclosure/detail?annoId=1224719360,1224719360,finalpage/2025-10-18/1224719360.PDF,https://static.cninfo.com.cn/finalpage/2025-10-18/1224719360.PDF,PDF,529,"关于紫金矿业集团股份有限公司

2020 年限制性股票激励计划预留授予部分第三期解除限售、

    回购注销部分限制性股票及调整回购价格相关事项的

              法      律       意      见      书

                      福建至理律师事务所
         地址：福州市鼓楼区洪山园路华润万象城三期 TB#写字楼 22 层
邮政编码：350025 电话：
              （86 591）8806 5558 网址：http://www.zenithlawyer.com
             福建至理律师事务所
         关于紫金矿业集团股份有限公司
 2020 年限制性股票激励计划预留授予部分第三期解除限售、
   回购注销部分限制性股票及调整回购价格相关事项的
                 法律意见书

                       闽理非诉字〔2025〕第 2020188-11 号

致：紫金矿业集团股份有限公司

  福建至理律师事务所（以下简称本所）接受紫金矿业集团股份有限公司（以
下简称紫金矿业或公司）的委托，担任公司实施 2020 年限制性股票激励计划（以
下简称本次激励计划）的专项法律顾问。根据《中华人民共和国公司法》（以下
简称《公司法》）
       、《中华人民共和国证券法》
                   （以下简称《证券法》）、中国证券监
督管理委员会（以下简称中国证监会）
                《上市公司股权激励管理办法》
                             （以下简称
《管理办法》）等有关法律、法规、规范性文件和《紫金矿业集团股份有限公司
章程》
  （以下简称《公司章程》）的有关规定，按照律师行业公认的业务标准、道
德规范和勤勉尽责精神，就公司 2020 年限制性股票激励计划预留授予部分第三
期解除限售（以下简称本次解除限售）、回购注销部分限制性股票（以下简称本
次回购注销）及调整回购价格相关事项，特此出具本法律意见书。

  对于本法律意见书，本所特作如下声明：
  1.本所及经办律师依据《证券法》
                 《律师事务所从事证券法律业务管理办法》
《律师事务所证券法律业务执业规则(试行)》等现行有效的法律、法规、规章、
规范性文件的规定及本法律意见书出具日以前已经发生或者存在的事实，严格履
行了法定职责，遵循了勤勉尽责和诚实信用原则，进行了充分的核查验证，保证
本法律意见书所认定的事实真实、准确、完整，所发表的结论性意见合法、准确，
不存在虚假记载、误导性陈述或者重大遗漏。
  2.本所律师同意将本法律意见书作为公司本次激励计划的必备法律文件之

                   1
一，随其他材料一同公开披露，并愿意依法承担相应的法律责任。
  3.本所律师并不对有关会计、审计、验资、盈利预测及盈利预测审核、资产
评估等非法律专业事项发表意见。本所律师在本法律意见书中引用有关会计报
表、审计报告、验资报告、盈利预测报告、盈利预测审核报告、资产评估报告中
的数据或结论时，并不意味着本所律师对这些数据或结论的真实性和准确性作出
任何明示或默示的保证。
  4.公司保证已经提供了本所律师认为作为出具本法律意见书所必需的、真实
的原始书面材料、副本材料、复印件或者口头证言，有关材料上的签名和/或盖
章是真实有效的，所有副本材料、复印件与正本材料或原件是一致的，并无任何
隐瞒、虚假记载、误导性陈述或重大遗漏。
  5.对于本法律意见书至关重要而又无法得到独立的证据支持的事实，本所律
师依赖于政府有关部门、其他有关机构出具的证明文件以及本次激励计划相关各
方对有关事实和法律问题的声明和承诺发表法律意见。
  6.本法律意见书仅供公司本次激励计划之目的使用，不得用作任何其他目
的。

  基于上述声明，本所出具法律意见书如下：

  一、本次解除限售、本次回购注销及回购价格调整的决策程序

  (一)2020 年 11 月 17 日，公司召开第七届董事会 2020 年第 24 次临时会议，
审议通过了《关于公司<2020 年限制性股票激励计划（草案）>及其摘要的议案》
《关于公司<2020 年限制性股票激励计划实施考核管理办法>的议案》和《关于
提请股东大会授权董事会办理公司 2020 年限制性股票激励计划相关事宜的议
案》。公司独立董事对本次激励计划发表了同意的独立意见，认为本次激励计划
有利于公司的持续发展，不存在损害公司及全体股东尤其是中小股东合法权益的
情形。
  2020 年 11 月 17 日，公司召开第七届监事会 2020 年第 4 次临时会议，审议
通过了《关于公司<2020 年限制性股票激励计划（草案）>及其摘要的议案》
                                    《关
于公司<2020 年限制性股票激励计划实施考核管理办法>的议案》和《关于核实
公司<2020 年限制性股票激励计划激励对象名单>的议案》，并出具了核查意见，

                        2
公司监事会认为，本次激励计划的实施将有利于公司的持续健康发展，不存在明
显损害公司及全体股东利益的情形；激励对象符合《管理办法》规定的激励对象
条件，符合公司《2020 年限制性股票激励计划（草案）》及其摘要规定的激励对
象范围。
  (二)2020 年 11 月 20 日，公司收到控股股东闽西兴杭国有资产投资经营有
限公司转发的龙岩市上杭县财政局作出的《关于紫金矿业集团股份有限公司实施
限制性股票激励计划的批复》
            （杭财国资〔2020〕125 号），根据《龙岩市国资委
关于紫金矿业集团股份有限公司实施限制性股票激励计划的批复》（龙国资
〔2020〕147 号），上杭县财政局原则同意公司实施限制性股票激励计划。
  (三)2020 年 12 月 11 日，公司召开第七届董事会 2020 年第 25 次临时会议
和第七届监事会 2020 年第 5 次临时会议，审议通过了《关于公司<2020 年限制
性股票激励计划（草案修订稿）>及其摘要的议案》。公司独立董事对修订后的股
权激励计划相关事项发表了独立意见。公司监事会认为，本次激励计划的实施将
有利于公司的持续健康发展，不存在明显损害公司及全体股东利益的情形。
  (四)2020 年 12 月 23 日，公司监事会对《2020 年限制性股票激励计划激励
对象名单（调整后）
        》出具了核查意见，认为本次激励计划的激励对象的主体资
格合法、有效。
  (五)2020 年 12 月 29 日，公司召开 2020 年第三次临时股东大会、2020 年第
三次 A 股类别股东大会，审议通过了《关于公司<2020 年限制性股票激励计划（草
案修订稿）>及其摘要的议案》
             《关于公司<2020 年限制性股票激励计划实施考核
管理办法>的议案》和《关于提请股东大会授权董事会办理公司 2020 年限制性股
票激励计划相关事宜的议案》。2021 年 1 月 11 日，公司召开 2020 年第三次 H 股
类别股东大会，审议通过了上述议案。
  (六)根据公司 2020 年第三次临时股东大会、2020 年第三次 A 股类别股东大
会、2020 年第三次 H 股类别股东大会审议通过的《关于提请股东大会授权董事
会办理公司 2020 年限制性股票激励计划相关事宜的议案》中股东大会对董事会
的授权，2021 年 1 月 13 日，公司召开第七届董事会 2021 年第 1 次临时会议和
第七届监事会 2021 年第 1 次临时会议，审议通过了《关于向激励对象首次授予
限制性股票的议案》，确定了本次授予限制性股票的授予日为 2021 年 1 月 13 日，
向 697 名激励对象授予限制性股票 9,749 万股，授予价格为 4.95 元/股。公司独

                        3
立董事已就上述相关事项发表了同意的独立意见。公司监事会对本次激励计划的
授予安排进行了审核，并发表了核查意见，认为列入本次激励计划授予日激励对
象名单的人员符合相关法律、法规及规范性文件所规定的条件，符合公司本次激
励计划确定的激励对象范围，其作为本次激励计划激励对象的主体资格合法、有
效。
  2021 年 2 月 2 日，公司披露了《关于 2020 年限制性股票激励计划授予结果
的公告》（公告编号：临 2021-012），公司本次激励计划实际授予人数 686 人，
授予数量 9,598.06 万股，授予价格为 4.95 元/股。
  (七)2021 年 11 月 15 日，公司召开第七届董事会 2021 年第 11 次临时会议
和第七届监事会 2021 年第 2 次临时会议，审议通过了《关于向激励对象授予预
留限制性股票的议案》和《关于回购注销 2020 年限制性股票激励计划部分激励
对象限制性股票及调整回购价格的议案》，确定了本次授予预留限制性股票的授
予日为 2021 年 11 月 15 日，向 39 名激励对象授予限制性股票 251 万股；同意回
购注销不再具备激励资格的 7 名激励对象已获授但尚未解除限售的限制性股票
合计 80 万股，回购价格为 4.83 元/股。公司独立董事对相关事项发表了同意的
独立意见。公司监事会对本次激励计划预留授予事",ok,,,,agent_preflight
601899,紫金矿业集团股份有限公司关于回购注销2020年限制性股票激励计划部分激励对象限制性股票及调整回购价格的公告,,2025-10-18 00:00:00,https://www.cninfo.com.cn/new/disclosure/detail?annoId=1224719359,1224719359,finalpage/2025-10-18/1224719359.PDF,https://static.cninfo.com.cn/finalpage/2025-10-18/1224719359.PDF,PDF,134,"证券代码：601899         证券简称：紫金矿业              编号：临 2025-085

                 紫金矿业集团股份有限公司
关于回购注销 2020 年限制性股票激励计划部分激励对象限制性股
                  票及调整回购价格的公告

   本公司董事会及全体董事保证本公告内容不存在任何虚假记载、误导性陈述
或者重大遗漏，并对其内容的真实性、准确性和完整性承担法律责任。

   重要内容提示：

      限制性股票回购数量：1.02 万股。

      限制性股票回购价格：回购价格由 4.08 元/股调整为 3.58 元/股。

   紫金矿业集团股份有限公司（以下简称“公司”）于 2025 年 10 月 17 日召开

了第八届董事会第十三次会议、第八届监事会第十三次会议，审议通过了《关于

回购注销 2020 年限制性股票激励计划部分激励对象限制性股票及调整回购价格的

议案》，根据公司 2020 年第三次临时股东大会、2020 年第三次 A 股类别股东大会、

2020 年第三次 H 股类别股东大会授权，公司拟回购 2020 年限制性股票激励计划部

分激励对象已获授但尚未解除限售的限制性股票并对回购价格进行调整，现对有

关事项说明如下：

   一、本次限制性股票激励计划已履行的相关审批程序

   公司 2020 年限制性股票激励计划已根据规定履行相关审批程序，具体详见公

司分别于 2020 年 11 月 18 日（编号：临 2020-078、079）、2020 年 11 月 21 日（编

号：临 2020-081）、2020 年 12 月 12 日（编号：临 2020-084、085）、2020 年 12

月 23 日（编号：临 2020-092）、2020 年 12 月 30 日（编号：临 2020-094）、2021

年 1 月 12 日（编号：临 2021-002）、2021 年 1 月 14 日（编号：临 2021-003、004）、

2021 年 2 月 2 日（编号：临 2021-012）、2021 年 11 月 16 日（编号：临 2021-069、
070）、2021 年 12 月 10 日（编号：临 2021-077）、2022 年 1 月 13 日（编号：临

2022-001）、2022 年 11 月 22 日（编号：临 2022-075）、2023 年 1 月 9 日（编号：

临 2023-003、004、005、006）、2023 年 1 月 17 日（编号：临 2023-011）、2023

年 2 月 20 日（编号：临 2023-021、
                        022、025）、2023 年 4 月 13 日（编号：临 2023-044）、

2023 年 11 月 15 日（编号：临 2023-090）、2024 年 1 月 13 日（编号：临 2024-004、

005、006）、2024 年 3 月 15 日（编号：临 2024-018）、2024 年 11 月 18 日（编号：

临 2024-062、063、064、065）、2024 年 12 月 3 日（编号：临 2024-068）、2025

年 1 月 11 日（编号：临 2025-003、
                        004、005）、2025 年 1 月 14 日（编号：临 2025-010）、

2025 年 1 月 22 日（编号：临 2025-014）等在上海证券交易所网站披露的公告。

   二、本次回购注销部分限制性股票及调整回购价格的说明

   (一)回购原因及数量

   根据公司《2020 年限制性股票激励计划(草案修订稿)》（以下简称“《激励计

划》”）的规定，公司限制性股票激励对象中有 1 名激励对象因离职不再符合激励

对象条件，根据公司 2020 年第三次临时股东大会、2020 年第三次 A 股类别股东大

会、2020 年第三次 H 股类别股东大会的授权，公司董事会决定对上述 1 名激励对

象持有的 1.02 万股已获授但尚未解除限售的限制性股票进行回购注销。

   (二)回购价格调整

   基于公司 2024 年度利润分派方案（每股派发现金红利含税人民币 0.28 元）

和 2025 年半年度利润分派方案（每股派发现金红利含税人民币 0.22 元）的实施

情况，根据《激励计划》规定，本次限制性股票回购价格由 4.08 元/股调整为 3.58

元/股。

   (三)回购资金来源

   本次预计支付的回购资金总额为人民币 36,516 元（未包含利息），全部以公

司自有资金支付。根据公司 2020 年第三次临时股东大会、2020 年第三次 A 股类别

股东大会、2020 年第三次 H 股类别股东大会审议通过的《关于提请股东大会授权

董事会办理公司 2020 年限制性股票激励计划相关事宜的议案》中股东大会对董事
会的授权，本次回购注销限制性股票一切事项已授权公司董事会办理，无需提交

股东大会审议。公司后续将按照相关规定办理本次回购注销涉及的股份注销登记、

变更注册资本等工作，并及时履行信息披露义务。

  三、本次回购注销后股本结构变动情况

  本 次 回 购 注 销 完 成 后 ， 公 司 股 份 总 数 将 由 26,577,573,940 股 变 更 为

26,577,563,740 股。公司股本结构变化如下：
                      本次变动前                       本次变动后
   股份类别
                股份数量（股）             比例       股份数量（股）           比例

一、有限售条件股份               795,600    0.003%           785,400    0.003%

1、人民币普通股                795,600     0.003%          785,400     0.003%

二、无限售条件股份         26,576,778,340   99.997%    26,576,778,340   99.997%

1、人民币普通股          20,587,938,340    77.46%    20,587,938,340    77.46%

2、境外上市外资股          5,988,840,000    22.53%     5,988,840,000    22.53%

三、股份总数            26,577,573,940     100%     26,577,563,740     100%

1、人民币普通股          20,588,733,940    77.47%    20,588,723,740    77.47%

2、境外上市外资股          5,988,840,000    22.53%     5,988,840,000    22.53%

  四、本次回购注销对公司的影响

  本次回购注销部分限制性股票事项不会对公司财务状况和经营成果产生实质

性影响，不会影响公司股权激励计划的继续实施，也不会影响公司管理团队的勤

勉尽职。公司管理团队将继续认真履行工作职责，努力为股东创造价值。

  五、监事会意见

  公司监事会同意本次回购注销并对回购价格进行调整，具体详见公司于同日

在上海证券交易所网站披露的公告。

  六、董事会提名与薪酬委员会意见

  董事会提名与薪酬委员会认为：公司本次回购注销部分限制性股票及调整回

购价格事项符合《上市公司股权激励管理办法》等法律法规、规范性文件及《激

励计划》的规定，不会对公司的正常生产经营产生重大影响，不存在损害全体股
东尤其是中小股东利益的情形，同意本次回购注销并对回购价格进行调整。

  七、法律意见书的结论意见

  福建至理律师事务所律师认为，公司本次回购注销及回购价格调整事项已取

得现阶段必要的批准与授权；公司本次回购注销部分限制性股票的原因、数量、

回购价格及其调整、回购资金来源符合《公司法》《上市公司股权激励管理办法》

等法律、法规、规范性文件的规定及《激励计划》的安排；公司尚需根据相关规

定办理本次回购的限制性股票注销登记及注册资本变更登记手续，并履行相应的

信息披露义务。

  特此公告。

                       紫金矿业集团股份有限公司

                           董   事   会

                        二〇二五年十月十八日",ok,,,,agent_preflight
601899,福建至理律师事务所关于紫金矿业集团股份有限公司2023年股票期权激励计划第一个行权期行权条件成就、注销部分期权及调整行权价格的法律意见书,,2025-10-18 00:00:00,https://www.cninfo.com.cn/new/disclosure/detail?annoId=1224719358,1224719358,finalpage/2025-10-18/1224719358.PDF,https://static.cninfo.com.cn/finalpage/2025-10-18/1224719358.PDF,PDF,510,"关于紫金矿业集团股份有限公司

2023 年股票期权激励计划第一个行权期行权条件成就、注销部
                  分股票期权及调整行权价格的

                法       律       意        见       书

                         福建至理律师事务所
          地址：福州市鼓楼区洪山园路华润万象城三期 TB#写字楼 22 层
电话：
  （86 591）8806 5558 传真：
                      （86 591）8806 8008 网址：http://www.zenithlawyer.com
            福建至理律师事务所
         关于紫金矿业集团股份有限公司
2023 年股票期权激励计划第一个行权期行权条件成就、注销部
      分股票期权及调整行权价格的法律意见书

                      闽理非诉字〔2025〕第 2023232-03 号

致：紫金矿业集团股份有限公司

  根据紫金矿业集团股份有限公司（以下简称公司或紫金矿业）与福建至理律
师事务所（以下简称本所）签订的《专项法律业务委托协议书》，本所接受紫金
矿业的委托，担任紫金矿业实施 2023 年股票期权激励计划（以下简称本次激励
计划或本激励计划）的专项法律顾问。根据《中华人民共和国证券法》（以下简
称《证券法》）、
       《中华人民共和国公司法》
                  （以下简称《公司法》）、中国证券监督
管理委员会（以下简称中国证监会）发布的《上市公司股权激励管理办法》（以
下简称《管理办法》）、
          《国有控股上市公司（境内）实施股权激励试行办法》
                                 《关
于规范国有控股上市公司实施股权激励制度有关问题的通知》等有关法律、法规
和规范性文件的规定，按照律师行业公认的业务标准、道德规范和勤勉尽责精神，
就公司 2023 年股票期权激励计划第一个行权期行权条件成就（以下简称本次行
权）、注销部分股票期权（以下简称本次注销）及调整行权价格相关事项，特此
出具本法律意见书。

  对于本法律意见书，本所特作如下声明：
  1.本所及经办律师依据《证券法》
                 《律师事务所从事证券法律业务管理办法》
和《律师事务所证券法律业务执业规则(试行)》等中国现行有效的法律、法规、
规章、规范性文件的规定及本法律意见书出具日以前已经发生或者存在的事实，
严格履行了法定职责，遵循了勤勉尽责和诚实信用原则，进行了充分的核查验证，
保证本法律意见书所认定的事实真实、准确、完整，所发表的结论性意见合法、
准确，不存在虚假记载、误导性陈述或者重大遗漏，并承担相应法律责任。

                  1
  2.本所律师同意将本法律意见书作为公司本次激励计划的必备的法律文件，
随其他材料一同上报或公开披露，并愿意依法承担相应的法律责任。
  3.本所律师仅就公司本次激励计划的相关法律事项发表意见，而不对公司本
次激励计划所涉及的会计、财务等非法律专业事项发表意见。本所律师在本法律
意见书中引用与该等非法律专业事项有关的财务数据或结论时，并不意味着本所
律师对这些数据或结论的真实性和准确性作出任何明示或默示的保证。对于该等
文件所涉的内容，本所律师依法并不具备进行核查和作出评价的适当资格。
  4.为出具本法律意见书之目的，本所律师已得到紫金矿业作出的如下保证：
其所提供的所有资料、信息和作出的声明、承诺、确认及说明等均为真实、准确、
完整和及时的，资料副本或复印件与其原始资料或原件一致；所有文件的签名、
印章均是真实的，该等文件的签署人业经合法授权并有效签署该等文件，不存在
任何虚假记载、误导性陈述或者重大遗漏。
  5.对于出具本法律意见书至关重要而又无法得到独立的证据支持的事实，本
所律师依赖于政府有关部门、紫金矿业或其他有关机构出具的证明文件以及本次
激励计划相关各方对有关事实和法律问题的声明和承诺发表法律意见。
  6.本所律师同意公司在为本次激励计划所制作的相关文件中引用本法律意
见书的相关内容，但公司作上述引用时，不得因引用而导致法律上的歧义或曲解。
  7.本法律意见书仅供公司本次激励计划之目的使用，不得用作任何其他目
的。

  一、本次激励计划的批准与授权

  (一)2023 年 11 月 14 日，公司召开第八届董事会 2023 年第 16 次临时会议，
审议通过了《关于公司<2023 年股票期权激励计划(草案)>及其摘要的议案》
                                     《关
于公司<2023 年股票期权激励计划实施考核管理办法>的议案》和《关于提请股
东大会授权董事会办理公司 2023 年股票期权激励计划相关事宜的议案》。公司独
立董事对本次激励计划发表了独立意见，认为本次激励计划有利于公司的持续发
展，不会损害公司及全体股东尤其是中小股东的合法权益。
  (二)2023 年 11 月 14 日，公司召开第八届监事会 2023 年第 4 次临时会议，
审议通过了《关于公司<2023 年股票期权激励计划(草案)>及其摘要的议案》
                                     《关

                       2
于公司<2023 年股票期权激励计划实施考核管理办法>的议案》和《关于核实公
司<2023 年股票期权激励计划激励对象名单>的议案》。公司监事会认为，本次激
励计划的实施有利于公司的持续发展，不存在明显损害公司及全体股东利益的情
形。
  (三)2023 年 12 月 5 日，
                    龙岩市人民政府国有资产监督管理委员会出具了《龙
岩市国资委关于同意紫金矿业实施 2023 年股票期权激励计划的批复》（龙国资
〔2023〕129 号），原则同意公司实施 2023 年股票期权激励计划。
     (四)2023 年 12 月 8 日，公司召开 2023 年第一次临时股东大会、2023 年第
二次 A 股类别股东大会、2023 年第二次 H 股类别股东大会，审议通过了《关于
公司<2023 年股票期权激励计划(草案)>及其摘要的议案》《关于公司<2023 年股
票期权激励计划实施考核管理办法>的议案》和《关于提请股东大会授权董事会
办理公司 2023 年股票期权激励计划相关事宜的议案》。
  (五)2023 年 12 月 8 日，公司召开第八届董事会 2023 年第 17 次临时会议，
审议通过了《关于向激励对象授予股票期权的议案》，确定了本次激励计划的授
予日、授予对象及授予数量。公司独立董事已就上述相关事项发表了同意的独立
意见。
  (六)2023 年 12 月 8 日，公司召开第八届监事会 2023 年第 5 次临时会议，
审议通过了《关于向激励对象授予股票期权的议案》。公司监事会对本次激励计
划授予日激励对象名单和授予安排等相关事项进行了核查，并发表了核查意见。
  (七)2023 年 12 月 25 日，公司召开第八届董事会 2023 年第 19 次临时会议，
审议通过了《关于调整 2023 年股票期权激励计划行权价格的议案》，因公司实施
2023 年半年度利润分配，公司本次激励计划行权价格由 12.00 元/股调整为 11.95
元/股。公司独立董事对调整事项发表了独立意见。
  (八)2025 年 10 月 17 日，公司召开第八届董事会第十三次会议和第八届监
事会第十三次会议，审议通过了《关于 2023 年股票期权激励计划第一个行权期
行权条件成就并注销部分已授予期权的议案》
                   《关于调整 2023 年股票期权激励计
划行权价格的议案》，同意为符合行权条件的 12 名激励对象进行股票期权行权，
可行权数量合计 1,310 万份；因公司实施利润分配，公司本次激励计划行权价格
由 11.95 元/股调整为 11.15 元/股，公司提名与薪酬委员会对前述事项发表了明
确意见。

                          3
  本所律师认为，截至本法律意见书出具日，公司本次行权、本次注销及行权
价格调整事项已取得现阶段必要的批准与授权，符合《管理办法》以及《2023
年股票期权激励计划(草案)》（以下简称《激励计划(草案)》）的有关规定。

  二、本次行权的具体情况

  (一)本次行权的时间及比例

  根据《激励计划(草案)》，本激励计划授予的股票期权第一个行权期为自授
予之日起 24 个月后的首个交易日至授予之日起 36 个月内的最后一个交易日当日
止。本激励计划授予日期为 2023 年 12 月 8 日，本激励计划第一个行权期的等待
期将于 2025 年 12 月 7 日届满，本次行权比例为获授股票期权总数的 1/3。

  (二)本次行权条件成就情况

  根据《激励计划(草案)》、公司提供的相关资料并经本所律师核查，本次行
权的相关条件及成就情况如下：

         行权条件                      是否满足行权条件的说明
1．公司未发生如下任一情形：
（1）最近一个会计年度财务会计报告被注册
会计师出具否定意见或者无法表示意见的审
计报告；
（2）最近一个会计年度",ok,,,,agent_preflight
601899,紫金矿业集团股份有限公司关于2023年股票期权激励计划第一个行权期行权条件成就及注销部分股票期权的公告,,2025-10-18 00:00:00,https://www.cninfo.com.cn/new/disclosure/detail?annoId=1224719357,1224719357,finalpage/2025-10-18/1224719357.PDF,https://static.cninfo.com.cn/finalpage/2025-10-18/1224719357.PDF,PDF,122,"证券代码：601899         证券简称：紫金矿业              编号：临 2025-089

                 紫金矿业集团股份有限公司
               关于 2023 年股票期权激励计划
     第一个行权期行权条件成就及注销部分股票期权的公告

   本公司董事会及全体董事保证本公告内容不存在任何虚假记载、误导性陈述

或者重大遗漏，并对其内容的真实性、准确性和完整性承担法律责任。

   重要内容提示：

    股票期权拟行权数量：1,310 万份

    行权股票来源：公司向激励对象定向发行公司 A 股普通股股票

   紫金矿业集团股份有限公司（以下简称“公司”）于 2025 年 10 月 17 日召开

第八届董事会第十三次会议和第八届监事会第十三次会议，审议通过了《关于 2023

年股票期权激励计划第一个行权期行权条件成就并注销部分已授予期权的议案》，

公司董事会认为 2023 年股票期权激励计划（以下简称“本激励计划”）第一个行

权期行权条件已成就，同意符合行权条件的激励对象进行股票期权行权，第一个

行权期可行权人员合计 12 名，可行权数量合计 1,310 万份。现对有关事项说明如

下：

   一、股权激励计划批准及实施情况

   （一）本激励计划已履行的相关审批程序

   公司 2023 年股票期权激励计划已根据规定履行相关审批程序，具体详见公司

分别于 2023 年 11 月 15 日（编号：临 2023-090、091）、2023 年 12 月 2 日（编号：

临 2023-099）、2023 年 12 月 7 日（编号：临 2023-100）、2023 年 12 月 9 日（编

号：临 2023-101、102、103、104、105）、2023 年 12 月 26 日（编号：临 2023-109、
110）等在上海证券交易所网站披露的公告。

   （二）股票期权授予情况
                     授予价格     授予数量        授予人数
    授予日期
                     （元/股）    （万份）         （人）
 2023 年 12 月 8 日      12.00   4,200          13

   因实施 2023 年半年度权益分派（每 10 股派发现金红利 0.5 元）、2023 年度权

益分派（每 10 股派发现金红利 2 元）、2024 年半年度权益分派（每 10 股派发现金

红利 1 元）、2024 年度权益分派（每 10 股派发现金红利 2.8 元）和 2025 年半年度

权益分派
   （每 10 股派发现金红利 2.2 元），本激励计划股票期权的行权价格由 12.00

元/股调整为 11.15 元/股。

   （三）历次股票期权行权情况

   本次行权为本激励计划股票期权第一次行权。

   二、本激励计划第一个行权期行权条件成就的说明

   根据《公司 2023 年股票期权激励计划（草案）》(以下简称“《激励计划》”)

的规定，本激励计划第一个行权期行权条件已达成，具体情况如下：

   (一)等待期即将届满

   根据《激励计划》的规定，本激励计划等待期为自股票期权授予之日起的 24

个月，本激励计划授予日期为 2023 年 12 月 8 日，等待期将于 2025 年 12 月 7 日

届满。

   本次激励计划授予的股票期权第一个行权期为自授予之日起 24 个月后的首个

交易日至授予之日起 36 个月内的最后一个交易日当日止，可行权比例为获授股票

期权总数的 1/3。

   (二)行权条件已经成就

   根据《激励计划》的规定，行权期内，同时满足下列条件时，激励对象获授

的股票期权方可行权：
                   行权条件               成就情况
（一）公司未发生如下任一情形：
                               公司未发生前述情形，满足行权
1、最近一个会计年度财务会计报告被注册会计师出具
                               条件。
否定意见或者无法表示意见的审计报告；
2、最近一个会计年度财务报告内部控制被注册会计师
出具否定意见或无法表示意见的审计报告；
3、上市后最近 36 个月内出现过未按法律法规、公司章
程、公开承诺进行利润分配的情形；
4、法律法规规定不得实行股权激励的；
5、中国证监会认定的其他情形。
（二）激励对象未发生如下任一情形：
1、最近 12 个月内被证券交易所认定为不适当人选；
2、最近 12 个月内被中国证监会及其派出机构认定为不
适当人选；
3、最近 12 个月内因重大违法违规行为被中国证监会及       激励对象未发生前述情形，满足
其派出机构行政处罚或者采取市场禁入措施；              行权条件。
4、具有《公司法》规定的不得担任公司董事、高级管
理人员情形的；
5、法律法规规定不得参与上市公司股权激励的；
6、中国证监会认定的其他情形。
（三）公司层面和个人层面业绩考核要求                公司层面和个人层面满足本激励
本激励计划第一个行权期业绩考核目标：                计划第一个行权期业绩考核目
1、以 2022 年业绩为基数，2024 年度的营业收入增长率   标：
不低于 10%，且不低于同行业均值或对标企业 75 分位值     1、以 2022 年业绩为基数，2024
水平；                               年度的营业收入增长率为 12%，高
2、2024 年的净资产收益率不低于 12%,且不低于同行业    于 10%，且高于同行业均值 9%；
均值或对标企业 75 分位值水平；                 2、2024 年的净资产收益率为 26%，
3、2024 年末资产负债率不高于 65%；            高于 12%,且高于同行业均值 7%；
4、2024 年度激励对象绩效考核 B（含）以上。         3、2024 年末资产负债率为 55%，
（注：1、净资产收益率为经审计的扣除非经常性损益的加权平      低于 65%；
均净资产收益率，计算上述考核指标均不含因实施激励计划产生      4、2024 年度，12 名获授股票期
的激励成本；2、在激励计划有效期内，如公司有增发、配股等      权的激励对象绩效考核均为 B
事项导致净资产变动的，考核时剔除该事项所引起的净资产变动      （含）以上。
额及其产生的相应收益额。
           ）

  综上所述，本激励计划设定的第一个行权期行权条件已成就；股票期权授予

的 13 名激励对象中 1 名激励对象因个人原因离职不再具备激励对象资格，公司将

对上述激励对象已获授但尚未行权的 270 万份股票期权进行注销。

  三、本次行权的具体情况

  （一）授予日：2023 年 12 月 8 日

  （二）行权数量：1,310 万份

  （三）行权人数：12 人

  （四）行权价格：11.15 元/股
    （五）行权方式：自主行权

    （六）股票来源：公司向激励对象定向发行公司 A 股普通股股票

    （七）行权安排：本次股票期权行权起始日将根据自主行权业务办理情况确

定，行权截止日为 2026 年 12 月 7 日。行权所得股票可于行权日（T 日）后的第二

个交易日（T+2）日上市交易。

    （八）激励对象名单及行权情况：
                   获授的股票    本次可行    本次可行权数    本次可行权
 姓名          职务     期权数量    权数量     量占已获授股    数量占当前
                    （万份）    （万份）     票期权比例    总股份比例
陈景河          董事长     600     200     33.33%    0.008%

邹来昌     副董事长、总裁      510     170     33.33%    0.006%

林泓富     董事、常务副总裁     300     100     33.33%    0.004%

林红英     董事、副总裁       300     100     33.33%    0.004%

谢雄辉     董事、副总裁       300     100     33.33%    0.004%

吴健辉     董事、副总裁       300     100     33.33%    0.004%

沈绍阳          副总裁     270     90      33.33%    0.003%

龙   翼        副总裁     270     90      33.33%    0.003%

吴红辉       财务总监       270     90      33.33%    0.003%

郑友诚      董事会秘书       270     90      33.33%    0.003%

王   春        副总裁     270     90     ",ok,,,,agent_preflight
601899,紫金矿业集团股份有限公司关于2020年限制性股票激励计划预留授予部分第三个解除限售期解除限售条件成就的公告,,2025-10-18 00:00:00,https://www.cninfo.com.cn/new/disclosure/detail?annoId=1224719356,1224719356,finalpage/2025-10-18/1224719356.PDF,https://static.cninfo.com.cn/finalpage/2025-10-18/1224719356.PDF,PDF,120,"证券代码：601899    证券简称：紫金矿业       编号：临 2025-086

              紫金矿业集团股份有限公司
     关于 2020 年限制性股票激励计划预留授予部分
      第三个解除限售期解除限售条件成就的公告

  本公司董事会及全体董事保证本公告内容不存在任何虚假记载、误导性陈述

或者重大遗漏，并对其内容的真实性、准确性和完整性承担法律责任。

  重要内容提示：

   紫金矿业集团股份有限公司（以下简称“公司”）2020 年限制性股票激励

计划（以下简称“本激励计划”）预留授予部分第三个解除限售期将于 2025 年 12

月 7 日届满，相应解除限售条件已成就。

   本次符合解除限售条件的激励对象共计 33 人，可解除限售的限制性股票

数量合计 754,800 股（以中国证券登记结算有限责任公司上海分公司实际登记数

量为准）
   ，占公司总股份数的 0.003%。

   本次限制性股票解除限售事宜办理完毕解除限售申请手续后，在上市流通

前，公司将另行发布公告，敬请投资者注意。

  公司于 2025 年 10 月 17 日召开第八届董事会第十三次会议，审议通过了《关

于 2020 年限制性股票激励计划预留授予部分第三个解除限售期解除限售条件成就

的议案》
   ，公司董事吴健辉先生为本激励计划预留授予部分的激励对象，对本议案

回避表决，其余 11 名董事参与表决并一致通过。

  公司于 2025 年 10 月 17 日召开第八届监事会第十三次会议，审议通过了《关

于 2020 年限制性股票激励计划预留授予部分第三个解除限售期解除限售条件成就

的议案》
   ，5 名监事参与表决并一致通过。
   现对有关事项说明如下：

   一、本激励计划已履行的相关审批程序

   公司 2020 年限制性股票激励计划已根据规定履行相关审批程序，具体详见公

司分别于 2020 年 11 月 18 日（编号：临 2020-078、079）、2020 年 11 月 21 日（编

号：临 2020-081）、2020 年 12 月 12 日（编号：临 2020-084、085）、2020 年 12

月 23 日（编号：临 2020-092）、2020 年 12 月 30 日（编号：临 2020-094）、2021

年 1 月 12 日（编号：临 2021-002）、2021 年 1 月 14 日（编号：临 2021-003、004）、

2021 年 2 月 2 日（编号：临 2021-012）、2021 年 11 月 16 日（编号：临 2021-069、

070）、2021 年 12 月 10 日（编号：临 2021-077）、2022 年 1 月 13 日（编号：临

2022-001）、2022 年 11 月 22 日（编号：临 2022-075）、2023 年 1 月 9 日（编号：

临 2023-003、004、005、006）、2023 年 1 月 17 日（编号：临 2023-011）、2023

年 2 月 20 日（编号：临 2023-021、
                        022、025）、2023 年 4 月 13 日（编号：临 2023-044）、

2023 年 11 月 15 日（编号：临 2023-090）、2024 年 1 月 13 日（编号：临 2024-004、

005、006）、2024 年 3 月 15 日（编号：临 2024-018）、2024 年 11 月 18 日（编号：

临 2024-062、063、064、065）、2024 年 12 月 3 日（编号：临 2024-068）、2025

年 1 月 11 日（编号：临 2025-003、
                        004、005）、2025 年 1 月 14 日（编号：临 2025-010）、

2025 年 1 月 22 日（编号：临 2025-014）等在上海证券交易所网站披露的公告。

   二、本激励计划预留授予部分第三个解除限售期解除限售条件成就的说明

   根据《公司 2020 年限制性股票激励计划（草案修订稿）》(以下简称“《激励

计划》”)的规定，本激励计划预留授予部分第三个解除限售期解除限售条件已达

成，具体情况如下：

   (一)限售期即将届满

   根据《激励计划》的规定，本激励计划预留授予的限制性股票第三个解除限

售期为自预留授予的限制性股票完成登记之日起 48 个月后的首个交易日起至预留

授予的限制性股票完成登记之日起 60 个月内的最后一个交易日当日止，解除限售

比例为获授限制性股票总数的 34%。
   本激励计划预留授予登记完成之日为 2021 年 12 月 8 日，本激励计划预留授

予的限制性股票第三个限售期将于 2025 年 12 月 7 日届满。

   (二)解除限售条件已经成就

   根据《激励计划》的规定，解除限售期内，同时满足下列条件时，激励对象

获授的限制性股票方可解除限售：
         解除限售条件                        成就情况
（一）公司未发生如下任一情形：
1、最近一个会计年度财务会计报告被注册会计
师出具否定意见或者无法表示意见的审计报告；
2、最近一个会计年度财务报告内部控制被注册
会计师出具否定意见或者无法表示意见的审计 公司未发生前述情形，满足解除限售条
报告；                      件。
3、上市后最近 36 个月内出现过未按法律法规、
公司章程、公开承诺进行利润分配的情形；
4、法律法规规定不得实行股权激励的；
5、中国证监会认定的其他情形。
（二）激励对象未发生如下任一情形：
1、最近 12 个月内被证券交易所认定为不适当人
选；
2、最近 12 个月内被中国证监会及其派出机构认
定为不适当人选；
3、最近 12 个月内因重大违法违规行为被中国证 激励对象未发生前述情形，满足解除限售
监会及其派出机构行政处罚或者采取市场禁入 条件。
措施；
4、具有《公司法》规定的不得担任公司董事、
高级管理人员情形的；
5、法律法规规定不得参与上市公司股权激励的；
6、中国证监会认定的其他情形。
（三）公司层面和个人层面业绩考核要求            公司层面和个人层面满足本激励计划预
本激励计划预留授予限制性股票的第三个解除          留授予限制性股票的第三个解除限售期
限售期业绩考核目标：                    业绩考核目标：
1、以 2019 年业绩为基数，2023 年度的净利润   1、以 2019 年业绩为基数，2023 年度的净
年复合增长率不低于 25%，且不低于同行业均值       利润年复合增长率为 52.68%，高于 25%，
或对标企业 75 分位值水平；               且高于同行业平均值 19.02%；
2、以 2019 年业绩为基数，2023 年的净资产收   2、以 2019 年业绩为基数，2023 年的净资
益率年复合增长率不低于 10%,且不低于同行业       产收益率年复合增长率为 20.14%，高于
均值或对标企业 75 分位值水平；             10%,且高于同行业平均值 8.43%；
3、2023 年末资产负债率不高于 65%；        3、2023 年末资产负债率为 59.66%，低于
4、2023 年度激励对象绩效考核 B（含）以上。     目标值 65%；
（注：上述净利润指标指为扣除非经常性损益后的归属      4、2023 年度，33 名预留授予限制性股票
母公司所有者的净利润；净资产收益率为扣除非经常性      的激励对象绩效考核均为 B（含）以上。
损益的加权平均净资产收益率，计算上述考核指标均不    （注：同行业公司是按照证监会行业分类“有色
含因实施激励计划产生的激励成本。在股权激励计划有    金属矿采选业”标准划分。
                                       ）
效期内，如公司有增发、配股等事项导致净资产变动的，
考核时剔除该事项所引起的净资产变动额及其产生的
相应收益额。
     ）

     综上所述，本激励计划设定的预留授予限制性股票第三个限售期即将届满，

解除限售条件已成就。

     三、本次限制性股票解除限售情况

     本次共有 33 名激励对象符合解除限售条件，可解除限售的限制性股票数量为

预留授予股份数量的 34%，即 754,800 股（以中国证券登记结算有限责任公司上海

分公司实际登记数量为准），占公司总股份的 0.003%，具体如下：
                                    本次解锁数量
                预留授予部分已   本次可解除限             剩余未解除限
                                    占已获授预留
姓名         职务   获授限制性股票   售限制性股票              售的数量
                                    部分限制性股
                总量（万股）    数量（万股）             ",ok,,,,agent_preflight
601899,紫金矿业集团股份有限公司关于调整2023年股票期权激励计划行权价格的公告,,2025-10-18 00:00:00,https://www.cninfo.com.cn/new/disclosure/detail?annoId=1224719355,1224719355,finalpage/2025-10-18/1224719355.PDF,https://static.cninfo.com.cn/finalpage/2025-10-18/1224719355.PDF,PDF,90,"证券代码：601899         证券简称：紫金矿业              编号：临 2025-088

                 紫金矿业集团股份有限公司
      关于调整 2023 年股票期权激励计划行权价格的公告

   本公司董事会及全体董事保证本公告内容不存在任何虚假记载、误导性陈述

或者重大遗漏，并对其内容的真实性、准确性和完整性承担法律责任。

   紫金矿业集团股份有限公司（以下简称“公司”）于 2025 年 10 月 17 日召开

第八届董事会第十三次会议和第八届监事会第十三次会议，审议通过了《关于调

整 2023 年股票期权激励计划行权价格的议案》，因公司实施利润分配，根据公司

2023 年第一次临时股东大会、2023 年第二次 A 股类别股东大会、2023 年第二次 H

股类别股东大会授权，2023 年股票期权行权价格调整为 11.15 元/股。现将有关事

项说明如下：

   一、已履行的相关审批程序

   公司 2023 年股票期权激励计划已根据规定履行相关审批程序，具体详见公司

分别于 2023 年 11 月 15 日（编号：临 2023-090、091）、2023 年 12 月 2 日（编号：

临 2023-099）、2023 年 12 月 7 日（编号：临 2023-100）、2023 年 12 月 9 日（编

号：临 2023-101、102、103、104、105）、2023 年 12 月 26 日（编号：临 2023-109、

110）等在上海证券交易所网站披露的公告。

   二、本次激励计划行权价格调整事由

   公司 2023 年度权益分派已于 2024 年 6 月 11 日实施完毕，以权益分派股权登

记日登记的总股份为基数，向全体股东每 10 股派发现金红利 2 元（含税）。

   公司 2024 年半年度权益分派已于 2024 年 8 月 9 日实施完毕，以权益分派股

权登记日登记的总股份为基数，向全体股东每 10 股派发现金红利 1 元（含税）。

   公司 2024 年度权益分派已于 2025 年 6 月 13 日实施完毕，以权益分派股权登
记日登记的总股份扣减公司回购专用证券账户及 2020 年限制性股票激励计划中待

回购注销股份为基数，向全体股东每 10 股派发现金红利 2.8 元（含税）。

  公司 2025 年半年度 A 股权益分派已于 2025 年 9 月 30 日实施完毕，以权益分

派股权登记日登记的总股份扣减 2020 年限制性股票激励计划中待回购注销股份为

基数，向全体股东每 10 股派发现金红利 2.2 元（含税）。

  鉴于上述权益分派均已实施完毕，根据《上市公司股权激励管理办法》
                                （以下

简称《管理办法》）、
         《公司 2023 年股票期权激励计划(草案)》
                               （以下简称《激励计

划》）的有关规定，公司需对股票期权行权价格进行调整。

  三、本次激励计划行权价格调整方法

  根据《激励计划》的规定，
             “若在激励对象行权前，公司有资本公积转增股本、

派送股票红利、股票拆细、配股或缩股、派息等事项，应对股票期权行权价格进

行相应的调整。调整方法如下：

  ……

  （四）派息

  P＝P0-V

  其中：P0 为调整前的行权价格；V 为每股的派息额；P 为调整后的行权价格。

经派息调整后，P 仍须大于 1。”

  经调整后，本次激励计划的行权价格由 11.95 元/股调整为 11.15 元/股。

  四、本次调整对公司的影响

  本次激励计划行权价格的调整不会对公司的财务状况和经营成果产生实质性

影响。

  五、监事会意见

  公司监事会同意公司董事会对本次激励计划的行权价格进行调整，具体详见

公司于同日在上海证券交易所网站披露的公告。

  六、董事会提名与薪酬委员会意见

  董事会提名与薪酬委员会认为：本次激励计划行权价格的调整方法、调整程
序符合《管理办法》以及公司《激励计划》的相关规定，不存在损害公司及全体

股东利益的情形，同意公司对本次激励计划的行权价格进行调整。

  七、法律意见书的结论意见

  福建至理律师事务所对公司本次激励计划行权价格调整出具的法律意见书认

为：截至法律意见书出具日，公司本次行权价格调整事项已取得现阶段必要的批

准与授权；本次行权价格调整方法符合《管理办法》和《激励计划》的相关规定；

公司尚需就本次行权价格调整事宜依法履行信息披露义务。

  特此公告。

                       紫金矿业集团股份有限公司

                             董   事   会

                        二〇二五年十月十八日",ok,,,,agent_preflight
601899,紫金矿业集团股份有限公司关于回购注销部分限制性股票通知债权人的公告,,2025-10-18 00:00:00,https://www.cninfo.com.cn/new/disclosure/detail?annoId=1224719354,1224719354,finalpage/2025-10-18/1224719354.PDF,https://static.cninfo.com.cn/finalpage/2025-10-18/1224719354.PDF,PDF,67,"证券代码：601899         证券简称：紫金矿业               编号：临 2025-087

                   紫金矿业集团股份有限公司
        关于回购注销部分限制性股票通知债权人的公告

   本公司董事会及全体董事保证本公告内容不存在任何虚假记载、误导性陈述
或者重大遗漏，并对其内容的真实性、准确性和完整性承担法律责任。

   紫金矿业集团股份有限公司（以下简称“公司”）于 2025 年 10 月 17 日召开

第八届董事会第十三次会议、第八届监事会第十三次会议，审议通过了《关于回

购注销 2020 年限制性股票激励计划部分激励对象限制性股票及调整回购价格的议

案》，公司限制性股票激励对象中的 1 名激励对象因离职原因，不再符合激励对象

条件。根据公司《2020 年限制性股票激励计划(草案修订稿)》的相关规定，公司

决定回购注销上述 1 名激励对象合计持有的 1.02 万股已获授但尚未解除限售的限

制性股票。具体内容详见公司同日在上海证券交易所网站披露的《关于回购注销

2020 年限制性股票激励计划部分激励对象限制性股票及调整回购价格的公告》
                                    （编

号：临 2025—085）。

   本 次 回 购 注 销 完 成 后 ， 公 司 股 份 总 数 将 由 26,577,573,940 股 减 少 至

26,577,563,740 股 ， 公 司 注 册 资 本 也 相 应 由 2,657,757,394 元 减 少 为

2,657,756,374 元。

   根据《中华人民共和国公司法》等相关法律、法规的规定，公司特此通知债

权人，债权人自本公告披露之日起 45 日内，有权凭有效债权文件及相关凭证要求

公司清偿债务或者提供相应担保。债权人未在规定期限内行使上述权利的，不会

影响其债权的有效性，本次回购注销将按法定程序继续实施。

   债权申报所需材料：公司债权人可持证明债权债务关系存在的合同、协议及

其他凭证的原件及复印件到公司申报债权。债权人为法人的，需同时携带法人营

业执照副本原件及复印件、法定代表人身份证明文件；委托他人申报的，除上述
文件外，还需携带法定代表人授权委托书和代理人有效身份证的原件及复印件。

债权人为自然人的，需同时携带有效身份证的原件及复印件；委托他人申报的，

除上述文件外，还需携带授权委托书和代理人有效身份证件的原件及复印件。

  债权申报可采用现场、邮寄、传真、电子邮箱等方式，债权申报联系方式如

下：

  1.债权申报登记地点：福建省龙岩市上杭县紫金大道 1 号

  2.申报时间：2025 年 10 月 18 日起 45 天内

  3.联系人：黄隆

  4.电话：0597-3833049

  5.传真：0597-3882122

  6.邮箱：huang_long@zijinmining.com

  特别提示：以现场方式申报的，接待时间为工作日 8:30-17:30；以邮寄方式

申报的，申报日以公司签收日为准；以传真、电子邮箱方式申报的，申报日以公

司收到文件日为准。申报文件请注明“债权申报”字样。

  特此公告。

                                    紫金矿业集团股份有限公司

                                       董   事   会

                                     二〇二五年十月十八日",ok,,,,agent_preflight
601899,紫金矿业集团股份有限公司第八届董事会临时会议决议公告,,2025-10-25 00:00:00,https://www.cninfo.com.cn/new/disclosure/detail?annoId=1224737642,1224737642,finalpage/2025-10-25/1224737642.PDF,https://static.cninfo.com.cn/finalpage/2025-10-25/1224737642.PDF,PDF,102,"证券代码：601899      股票简称：紫金矿业          编号：临 2025-091

              紫金矿业集团股份有限公司
            第八届董事会临时会议决议公告

  本公司董事会及全体董事保证本公告内容不存在任何虚假记载、误导性陈述

或者重大遗漏，并对其内容的真实性、准确性和完整性承担法律责任。

  紫金矿业集团股份有限公司（以下简称“公司”）第八届董事会 2025 年第 16

次临时会议于 2025 年 10 月 24 日以通讯方式召开，会议应收董事反馈意见 12 份，

实收 12 份。本次会议的召集和召开程序符合《公司法》和《公司章程》的有关规

定，表决结果合法有效，决议如下：

  审议通过《关于全额认购龙净环保定向发行 A 股股票的议案》

  董事会同意公司以现金方式全额认购公司控股子公司福建龙净环保股份有限

公司（以下简称“龙净环保”，股票代码 600388）定向发行的不超过 167,926,112

股 A 股股票，认购价格为人民币 11.91 元/股（不低于定价基准日前 20 个交易日股

票均价 14.88 元/股的 80%），认购资金不超过人民币 200,000 万元。龙净环保本次

募集资金拟全额补充流动资金。

  截至 2025 年 9 月 30 日，公司及全资子公司合计持有龙净环保 317,511,529 股

股份，占龙净环保总股本的 25%。本次认购完成后，公司及全资子公司合计将持

有龙净环保不超过 485,437,641 股股份，预计占龙净环保发行完成后总股本的

33.76%。根据《上市公司收购管理办法》，若获龙净环保股东会同意，本次认购可

免于发出要约。

  自公司于 2022 年 5 月完成对龙净环保的控制权收购以来，公司积极推动与龙

净环保上下游业务的协同发展，已初步建成“环保+新能源”双轮驱动的发展格局，

龙净环保营业收入、归母净利润、经营性净现金流等核心经营指标均持续改善，

                        1
大气治理行业龙头地位持续巩固，新能源板块增速显著，战略转型成效逐步显现，

估值水平和市场价值亦获得明显提升。

  本次认购充分表明公司坚定看好龙净环保的长期价值，在强化控股地位的同

时，为其“环保+新能源”战略提速注入资本动能，进一步提升龙净环保的核心竞争

力、盈利能力和长期内在价值。

  龙净环保本次定向发行 A 股股票尚需取得龙净环保股东会的同意及相关监管

机构的核准，敬请广大投资者注意投资风险。

  公司曾于 2023 年 7 月审议通过认购龙净环保定向发行股票的议案，后因龙净

环保董事会基于当时资本市场环境、相关政策等原因决定终止发行，公司未能进

行认购。

  表决结果：同意 12 票，反对 0 票，弃权 0 票。

  特此公告。

                                紫金矿业集团股份有限公司

                                    董 事 会

                                 二〇二五年十月二十五日

                      2",ok,,,,agent_preflight
601899,紫金矿业集团股份有限公司股权激励限制性股票回购注销实施公告,,2025-10-31 00:00:00,https://www.cninfo.com.cn/new/disclosure/detail?annoId=1224773839,1224773839,finalpage/2025-10-31/1224773839.PDF,https://static.cninfo.com.cn/finalpage/2025-10-31/1224773839.PDF,PDF,133,"证券代码：601899      证券简称：紫金矿业          编号：临 2025-092

               紫金矿业集团股份有限公司
           股权激励限制性股票回购注销实施公告

  本公司董事会及全体董事保证本公告内容不存在任何虚假记载、误导性陈述

或者重大遗漏，并对其内容的真实性、准确性和完整性承担法律责任。

  重要内容提示：

   回购注销原因：公司 2020 年限制性股票激励计划中有 1 名激励对象因离

职不再符合激励对象条件，公司对该名激励对象已获授但尚未解除限售的 30,600

股限制性股票予以回购注销。

     本次注销股份的有关情况
 回购股份数量（股）        注销股份数量（股）          预计注销日期
      30,600          30,600        2025 年 11 月 4 日

  一、本次限制性股票回购注销的决策与信息披露

  2024 年 11 月 17 日，公司召开第八届董事会 2024 年第 15 次临时会议、第八

届监事会 2024 年第 2 次临时会议，审议通过了《关于回购注销 2020 年限制性股

票激励计划部分激励对象限制性股票及调整回购价格的议案》，公司授予限制性股

票激励对象中有 10 名激励对象因离职不再符合激励对象条件，根据《紫金矿业集

团股份有限公司 2020 年限制性股票激励计划（草案修订稿）》（以下简称“《激励

计划》”）的相关规定，公司决定回购注销上述 10 名激励对象合计持有的 345,600

股已获授但尚未解除限售的限制性股票，其中 9 名激励对象持有的 315,000 股限

制性股票已于 2025 年 1 月 16 日完成注销，剩余 1 名激励对象持有的 30,600 股限

制性股票因个人原因被法院冻结无法注销，具体内容详见公司 2024 年 11 月 18 日、

2025 年 1 月 14 日于上海证券交易所网站披露的《关于回购注销 2020 年限制性股
票激励计划部分激励对象限制性股票及调整回购价格的公告》
                          （编号：临 2024-065）

及《股权激励限制性股票回购注销实施公告》（编号：临 2025-010）。近日，上述

被法院冻结的 30,600 股限制性股票已解除冻结，公司将继续对该部分限制性股票

办理回购注销手续。

  公司已根据法律规定就本次限制性股票回购注销事项履行了债权人通知程序，

具体内容详见公司 2024 年 11 月 18 日于上海证券交易所网站（www.sse.com.cn）

及指定信息披露媒体披露的《关于回购注销部分限制性股票通知债权人的公告》

（编号：临 2024-066）。截至本公告日，通知期已满 45 天，公司未收到任何债权

人关于清偿债务或者提供相应担保的要求，也未收到任何债权人对本次限制性股

票回购注销事项提出的异议。

  二、本次限制性股票回购注销情况

  (一)本次回购注销限制性股票的原因及依据

  公司 2020 年限制性股票授予的激励对象中有 1 名激励对象因离职不再符合激

励对象条件，根据《激励计划》的相关规定，前述 1 名激励对象已获授但尚未解

除限售的 30,600 股限制性股票应由公司回购注销。

  (二)本次回购注销的相关人员、数量

  本次限制性股票回购注销涉及的激励对象共 1 人，回购注销限制性股票 30,600

股。本次回购注销完成后，剩余股权激励限制性股票 765,000 股。

  (三)回购注销安排

  公司已在中国证券登记结算有限责任公司上海分公司（以下简称“中登上海

分公司”）开设了回购专用证券账户（账户号码：B884520988），并向中登上海分

公司申请办理本次限制性股票回购注销手续，预计本次限制性股票将于 2025 年 11

月 4 日完成注销，公司后续将依法办理工商变更等相关手续。

  三、本次限制性股票回购注销前后公司股本结构的变动情况

  本 次 回 购 注 销 完 成 后 ， 公 司 股 份 总 数 将 由 26,577,573,940 股 变 更 为

26,577,543,340 股。股本结构变化如下：
               本次变动前               本次变动增减（＋,－）              本次变动后
  类别
          数量（股）           比例       增加（股）   减少（股）       数量（股）           比例

一、有限售条
               795,600    0.003%       -     -30,600        765,000    0.003%
件股份

1、A 股          795,600    0.003%       -     -30,600        765,000    0.003%

二、无限售条
         26,576,778,340 99.997%        -           - 26,576,778,340 99.997%
件股份

1、A 股    20,587,938,340   77.46%       -           - 20,587,938,340    77.46%

2、H 股     5,988,840,000   22.53%       -           -   5,988,840,000   22.53%

三、股份总数   26,577,573,940    100%        -     -30,600 26,577,543,340     100%

1、A 股    20,588,733,940   77.47%       -     -30,600 20,588,703,340    77.47%

2、H 股     5,988,840,000   22.53%       -           -   5,988,840,000   22.53%

    四、说明及承诺

    公司董事会说明：本次回购注销限制性股票事项涉及的决策程序、信息披露

符合《公司法》
      《上市公司股权激励管理办法》等相关法律、法规及规范性文件的

规定以及《激励计划》的安排，不存在损害激励对象合法权益及债权人利益的情

形。

    公司承诺：已核实并保证本次回购注销限制性股票涉及的对象、股份数量、

注销日期等信息真实、准确、完整，已充分告知相关激励对象本次限制性股票回

购注销事宜。如因本次限制性股票回购注销与有关激励对象产生纠纷，公司将自

行承担由此产生的相关法律责任。

    五、法律意见书的结论性意见

    福建至理律师事务所认为，公司本次限制性股票回购注销事项已获得现阶段

必要的批准和授权，本次回购注销部分限制性股票的原因、数量、回购价格及回

购资金来源符合《公司法》
           《上市公司股权激励管理办法》等法律、法规、规范性

文件的规定以及《激励计划》的安排；公司尚需根据相关规定办理本次回购的限

制性股票注销登记及注册资本变更登记手续，并履行相应的信息披露义务。具体

内容详见公司于 2024 年 11 月 18 日披露的《福建至理律师事务所关于紫金矿业集
团股份有限公司 2020 年限制性股票激励计划预留授予部分第二期解除限售和回购

注销部分限制性股票及调整回购价格相关事项的法律意见书》。

  特此公告。

                         紫金矿业集团股份有限公司

                             董   事   会

                         二〇二五年十月三十一日",ok,,,,agent_preflight
601899,紫金矿业H股市场公告,,2025-11-01 00:00:00,https://www.cninfo.com.cn/new/disclosure/detail?annoId=1224780334,1224780334,finalpage/2025-11-01/1224780334.PDF,https://static.cninfo.com.cn/finalpage/2025-11-01/1224780334.PDF,PDF,144,"FF301

股份發行人及根據《上市規則》第十九B章上市的香港預託證券發行人的證券變動月報表

截至月份:          2025年10月31日                                                            狀態: 新提交

致：香港交易及結算所有限公司

公司名稱:          紫金礦業集團股份有限公司

呈交日期:          2025年11月1日

I. 法定/註冊股本變動

1. 股份分類        普通股            股份類別         A                        於香港聯交所上市 (註1)       否

證券代號 (如上市)     601899         說明
                              法定/註冊股份數目                        面值                            法定/註冊股本

上月底結存                                20,591,232,240 RMB                     0.1 RMB                         2,059,123,224

增加 / 減少 (-)                                      0                             RMB                                         0

本月底結存                                20,591,232,240 RMB                     0.1 RMB                         2,059,123,224

2. 股份分類        普通股            股份類別         H                        於香港聯交所上市 (註1)       是

證券代號 (如上市)     02899          說明
                              法定/註冊股份數目                        面值                            法定/註冊股本

上月底結存                                 5,736,940,000 RMB                     0.1 RMB                          573,694,000

增加 / 減少 (-)                                      0                             RMB                                         0

本月底結存                                 5,736,940,000 RMB                     0.1 RMB                          573,694,000

                                                     本月底法定/註冊股本總額： RMB                      2,632,817,224

                                               第 1 頁 共 10 頁                                                      v 1.1.1
                                                                                                      FF301

II. 已發行股份及/或庫存股份變動

1. 股份分類       普通股            股份類別          A                       於香港聯交所上市 (註1)   否

證券代號 (如上市)    601899         說明
                       已發行股份（不包括庫存股份）數目                       庫存股份數目                   已發行股份總數

上月底結存                               20,588,733,940                          0                    20,588,733,940

增加 / 減少 (-)                                     0                           0

本月底結存                               20,588,733,940                          0                    20,588,733,940

2. 股份分類       普通股            股份類別          H                       於香港聯交所上市 (註1)   是

證券代號 (如上市)    02899          說明
                       已發行股份（不包括庫存股份）數目                       庫存股份數目                   已發行股份總數

上月底結存                                5,988,840,000                          0                     5,988,840,000

增加 / 減少 (-)                                     0                           0

本月底結存                                5,988,840,000                          0                     5,988,840,000

                                               第 2 頁 共 10 頁                                            v 1.1.1
                                                                                                                                                    FF301

III.已發行股份及/或庫存股份變動詳情

 (A). 股份期權（根據發行人的股份期權計劃）

1. 股份分類                 普通股                       股份類別              A                          於香港聯交所上市 (註1)                    否

證券代號(如上市)               601899                    說明
                                                                                                                                              本月底可於所有根據計劃
                      上月底結存的股份期權數                                       本月底結存的股份期權數          本月內因此發行的新股數   本月内因此自庫存轉讓的    本月底因此可能發行或自         授出的股份期權予以行使
      股份期權計劃詳情                                    本月內變動
                           目                                                 目                   目 (A1)     庫存股份數目 (A2)    庫存轉讓的股份數目          時發行或自庫存轉讓的股
                                                                                                                                                  份總數

1).   2023年股票",ok,,,,agent_preflight
601899,紫金矿业H股市场公告,,2025-11-05 00:00:00,https://www.cninfo.com.cn/new/disclosure/detail?annoId=1224786646,1224786646,finalpage/2025-11-05/1224786646.PDF,https://static.cninfo.com.cn/finalpage/2025-11-05/1224786646.PDF,PDF,127,"FF305

                                                        翌日披露報表
                                       (股份發行人 ── 已發行股份或庫存股份變動、股份購回及/或在場内出售庫存股份)

表格類別：                  股票                                                                           狀態：          新提交

公司名稱：                  紫金礦業集團股份有限公司

呈交日期：                  2025年11月4日

如上市發行人的已發行股份或庫存股份出現變動而須根據《香港聯合交易所有限公司（「香港聯交所」）證券上市規則》(「《主板上市規則》」)第13.25A條 / 《香港聯合交易所有限公司GEM證券
上市規則》(「《GEM上市規則》」)第17.27A條作出披露，必須填妥第一章節 。

第一章節

1. 股份分類                     普通股                 股份類別          A                             於香港聯交所上市              否

證券代號 (如上市)                  601899              說明

A. 已發行股份或庫存股份變動

                                                  已發行股份（不包括庫存股份）變動                         庫存股份變動

                       事件                                               佔有關事件前的現有已發                        每股發行/出售價 (註4)      已發行股份總數
                                             已發行股份（不包括庫存股份）數
                                                                         行股份（不包括庫存股        庫存股份數目
                                                    目
                                                                         份）數目百分比 (註3)

於下列日期開始時的結存(註1)          2025年10月31日                   20,588,733,940                                0                          20,588,733,940

1).   購回股份 (股份購回並註銷)                                          -30,600          0.00015 %                 RMB           4.08

      本公司日期為2025年10月30日的公告所披露根據A股限制性股票激勵
      計劃回購註銷A股限制性股票，並於2025年11月4日完成辦理註銷手
      續。

      變動日期       2025年11月4日

於下列日期結束時的結存 (註5及6)       2025年11月4日                    20,588,703,340                                0                          20,588,703,340

                                                                第1頁共6頁                                                              v 1.3.0
                                                  FF305

B. 贖回/購回股份 (擬註銷但截至期終結存日期尚未註銷) (註5及6)

                                       第2頁共6頁   v 1.3.0
                                                                                                        FF305

確認
根據《主板上市規則》第13.25C條 / 《GEM上市規則》第17.27C條，我們在此確認，據我們所知所信，第一章節所述的每項股份發行或庫存股份出售或轉讓已獲發行人董事會正式授權批准，並遵
照所有適用上市規則、法律及其他監管規定進行，並在適用的情況下：

(註7)

(i)    上市發行人已收取其在是次股份發行或庫存股份出售或轉讓應得的全部款項；

(ii) 已履行《主板上市規則》 / 《GEM上市規則》「上市資格」項下所規定有關上市的一切先決條件；

(iii) 批准證券上市買賣的正式函件內所載的所有條件（如有）已予履行；

(iv) 每類證券在各方面均屬相同(註8)；

(v)    《公司（清盤及雜項條文）條例》規定送呈公司註冊處處長存檔的全部文件已經正式存檔，而一切其他法律規定亦已全部遵行；

(vi) 確實所有權文件按照發行、出售或轉讓條款的規定經已發送/現正準備發送/正在準備中並將會發送；

(vii) 發行人的上市文件所示已由其購買或同意購買的全部物業的交易已完成；全部該等物業的購買代價已予繳付；及

(viii) 有關債券、借貸股份、票據或公司債券的信託契約/平邊契據經已製備及簽署，有關詳情已送呈公司註冊處處長存檔（如法律如此規定）。

 第一章節註釋：

 1.      請填上根據《主板上市規則》第13.25A條 / 《GEM上市規則》第17.27A條刊發的上一份「翌日披露報表」或根據《主板上市規則》第13.25B條 / 《GEM上市規則》第17.27B條刊發的上
         一份「月報表」（以較後者為準）的期終結存日期。

 2.      請列出所有根據《主板上市規則》第13.25A條 / 《GEM上市規則》第17.27A條須披露的已發行股份或庫存股份變動，連同有關的變動日期。每個類別須獨立披露，並提供充足資料，以
         便使用者可在上市發行人的「月報表」內識別有關類別。例如：因多次根據同一股份期權計劃行使股份期權或多次根據同一可換股票據進行換股而多次發行的股份，必須綜合計算，在同
         一個類別下披露。然而，若因根據兩項股份期權計劃行使股份期權或根據兩項可換股票據進行換股而進行的發行，則必須分開兩個類別披露。

 3.      上市發行人已發行股份（不包括庫存股份）數目變動的百分比將參照該份「翌日披露報表」所披露的已發行股份（不包括庫存股份）的期初結存計算。

 4.      在購回/贖回股份的情況下，「每股發行/出售價」應理解為「每股購回價」或「每股贖回價」。

         若股份曾以超過一個每股價格發行/出售/購回/贖回，則須提供每股成交量加權平均價格。

                                                    第3頁共6頁                                            v 1.3.0
                                                                                                                 FF305

5.   期終結存日期為最後一宗披露的相關事件的日期。

6.       就購回/贖回股份而言，若有關事件經已發生，則須作出相關披露（受《主板上市規則》第10.06(4)(a), 13.25A及13.31條 / 《GEM上市規則》第13.13(1), 17.27A及17.35條的規定所規
     限），即使該等購回/贖回股份尚未被註銷。

     若購回/贖回股份將於期終結存日期之後購回/贖回結算完成之時予以註銷，則該等購回/贖回股份仍屬A部所述期終結存當日的已發行股份的一部分。該等購回/贖回股份的詳情應在B部作
     出披露。

7.   (i) 至 (viii) 項為確認内容的建議格式。上市發行人可按個別情況就不適用的項目予以修訂。

8.   在此「相同」指：

     -       證券的面值相同，須繳或繳足的股款亦相同；

     -       證券有權領取同一期間內按同一息率計算的股息╱利息，下次派息時每單位應獲派發的股息╱利息額亦完全相同（總額及淨額）；及

     -       證券附有相同權益，如不受限制的轉讓、出席會議及於會上投",ok,,,,agent_preflight
601899,紫金矿业集团股份有限公司关联交易管理办法,,2025-11-29 00:00:00,https://www.cninfo.com.cn/new/disclosure/detail?annoId=1224836789,1224836789,finalpage/2025-11-29/1224836789.PDF,https://static.cninfo.com.cn/finalpage/2025-11-29/1224836789.PDF,PDF,145,"紫金矿业集团股份有限公司
               关联交易管理办法

                  第一章 总则

  第一条 为进一步加强紫金矿业集团股份有限公司（以下简称“公司”）的关联交易

管理，明确管理职责和分工，维护公司股东和债权人的合法权益，特别是中小投资者的

合法权益，保证公司与关联方之间的关联交易符合公平、公开、公正的原则，根据《中

华人民共和国公司法》《中华人民共和国证券法》《上海证券交易所股票上市规则》（以

下简称“《上交所上市规则》”）、《上海证券交易所上市公司自律监管指引第1号——

规范运作》（以下简称“《上交所自律监管指引第1号》”）、《上海证券交易所上市公

                   （以下简称“《上交所自律监管指引第5号》”）、
司自律监管指引第5号——交易与关联交易》

《香港联合交易所有限公司证券上市规则》（以下简称“《联交所上市规则》”）和公

司章程等有关规定，制订本办法。

  第二条 公司将关联交易合同的订立、变更、终止及履行情况纳入企业管理，并严格

按照有关监管规定和本办法予以办理。

  第三条 公司董事会办公室负责根据相关规定，建立完善公司关联交易管理相关制

度，规范关联交易管理；负责组织将关联交易的议案提交董事会、股东会审议，并履行

信息披露义务。

              第二章 关联方和关联交易

  第四条 本办法的关联方是指根据《上交所上市规则》和《联交所上市规则》，以及

两地相关监管规则规定的关联人和/或关连人士。

  第五条 本办法的关联交易是指根据中国证券监督管理委员会、上海证券交易所（以

下简称“上交所”）、香港联合交易所有限公司（以下简称“联交所”）有关规定，公

司、控股子公司及控制的其他主体与公司关联方之间发生的转移资源或义务的事项、或

其他通过约定可能引致资源或者义务转移的事项。

            第三章 关联交易的原则及价格确定
  第六条 公司关联交易遵循的基本原则：

  （一）合法合规原则；

  （二）诚实信用原则；

  （三）公平、公开、公正原则；

  （四）决策程序严谨原则；

  （五）信息披露规范原则。

  第七条 公司关联交易价格是指公司与关联人之间发生的关联交易所涉及之商品或

劳务等的交易价格。公司进行关联交易应当签订书面协议，明确定价政策。关联交易执

行过程中，协议中交易价格等主要条款发生重大变化的，公司应当按变更后的交易金额

重新履行相应的审批程序。

  第八条 公司关联交易定价：

  公司关联交易定价应当公允，符合公司全体股东的整体利益，参照下列原则执行：

  （一）交易事项实行政府定价的，可以直接适用该价格；

  （二）交易事项实行政府指导价的，可以在政府指导价的范围内合理确定交易价格；

  （三）除实行政府定价或政府指导价外，交易事项有可比的独立第三方的市场价格

或收费标准的，可以优先参考该价格或标准确定交易价格；

  （四）关联事项无可比的独立第三方市场价格的，交易定价可以参考关联方与独立

于关联方的第三方发生非关联交易价格确定；

  （五）既无独立第三方的市场价格，也无独立的非关联交易价格可供参考的，可以

合理的构成价格作为定价的依据，构成价格为合理成本费用加合理利润。

          第四章 关联交易的审议、批准与披露

  第九条 公司或控股子公司及控制的其他主体在经营管理过程中，如拟与关联方进

行交易，相关部门和单位须提前将关联交易有关情况（包括但不限于交易背景、交易对

方优势、交易目的和必要性、对公司的影响、交易的数量、价格及定价原则、总金额、

付款安排等）以书面形式报告董事会办公室。

  第十条 公司董事会办公室收到材料后，应会同相关部门对拟进行的关联交易进行
初步审核，并根据《上交所上市规则》和《联交所上市规则》中规定的关联交易审批权

限，对交易金额进行测算后反馈有关意见。拟发起关联交易的相关部门或单位应结合董

事会办公室反馈意见，依据公司有关规章制度规定的审批权限，将关联交易事项提交公

司有权审批层级决策。

  第十一条 须披露的关联交易，拟发起关联交易的相关部门或单位应在董事会办公

室指导下拟订相关议案，提交董事会审议。

  公司与关联人发生的交易达到《上交所上市规则》和《联交所上市规则》规定应当

披露标准的，应当经独立董事专门会议审议，由全体独立董事过半数同意后提交董事会

审议，并及时披露。独立董事做出判断前，可根据有关规定，聘请律师、会计师、财务

顾问等中介机构提供相关的咨询或意见，作为其判断的依据。

  第十二条 关联交易超出董事会决策权限的，董事会应当将该关联交易提交公司股

东会审议，该关联交易经股东会批准后方可实施。公司为关联人提供担保的，除应当经

全体非关联董事的过半数审议通过外，还应当经出席董事会会议的非关联董事的三分之

二以上董事审议同意并作出决议，并提交股东会审议。

  有关信息披露程序按《上交所上市规则》和《联交所上市规则》规定履行。

  第十三条 公司与不同关联人就相同类别下标的或者公司与同一关联人在连续12个

月内达成的关联交易累计金额达到提交董事会审议标准或提交股东会审议标准，公司应

当按照本管理办法规定的程序作出决策。

  第十四条 公司应当从严掌握关联交易的批准权限，以两地上市规则中界定的披露

和批准权限更加严格者为准。

  第十五条 公司董事会办公室应按照《上交所上市规则》和《联交所上市规则》的有

关规定，及时编制关联交易的公告文稿，做好信息披露的有关工作。

             第五章 关联交易的回避与决策程序

  第十六条 公司关联人与公司签署涉及关联交易的协议，应当采取必要的回避措施：

  （一）任何个人只能代表一方签署协议；

  （二）关联人不得以任何方式干预公司的决定；
  （三）公司董事会审议关联交易事项时，关联董事应回避表决，不得对该项决议行

使表决权，也不得代理其他董事行使表决权，其表决权不计入表决权总数。该董事会会

议由过半数的无关联关系董事出席即可举行，董事会会议所作决议须经无关联关系董事

过半数通过。出席董事会的无关联董事人数不足三人的，公司应将该关联交易提交股东

会审议。前述“关联董事”按《上交所上市规则》和《联交所上市规则》所定义者分别

确定。

  （四）股东会审议有关关联交易事项时，关联股东应当回避表决，也不得代理其他

股东行使表决权，其所代表的有表决权的股份数不计入有效表决总数。股东会对有关关

联交易事项作出决议时，视普通决议和特别决议不同，分别由出席股东会的非关联股东

所持表决权的过半数或者三分之二以上通过。股东会决议应当充分披露非关联股东的表

决情况。

  第十七条 董事会审计与监督委员会应当积极履行公司关联交易控制和日常监督的

职责。董事会审计与监督委员会有权决定对重大关联交易进行审计，并就审计发现的问

题向董事会报告。

                第六章 附则

  第十八条 本办法未尽事宜或与有关法律、行政法规、部门规章、公司股票上市地证

券监管规则和《公司章程》不一致时，按照有关法律、行政法规、部门规章、公司股票

上市地证券监管规则和《公司章程》执行。

  第十九条 本办法经公司股东会审议通过之日起生效，修改时亦同。

  第二十条 本办法解释权属于公司董事会。

                          紫金矿业集团股份有限公司

                          二○二五年十一月二十八日",ok,,,,agent_preflight
601899,紫金矿业集团股份有限公司董事会议事规则,,2025-11-29 00:00:00,https://www.cninfo.com.cn/new/disclosure/detail?annoId=1224836788,1224836788,finalpage/2025-11-29/1224836788.PDF,https://static.cninfo.com.cn/finalpage/2025-11-29/1224836788.PDF,PDF,237,"紫金矿业集团股份有限公司
                  董事会议事规则

                    第一章 总则

  第一条 为进一步规范紫金矿业集团股份有限公司（以下简称“公司”）董事会的议

事方式和决策程序，促使董事和董事会有效地履行其职责，提高董事会规范运作和科学

决策水平，根据《中华人民共和国公司法》
                  《中华人民共和国证券法》等法律、行政法规、

部门规章、公司股票上市地证券监管规则和《公司章程》等有关规定，制定本规则。

  第二条 本规则自生效之日起，即成为规范公司董事会的内部机构设置、召集、召

开、议事及表决程序等事项的具有约束力的制度文件。

              第二章 董事会的组成与办事机构

  第三条 公司设董事会，董事会由 15 名董事组成，其中执行董事 7 名（含 1 名职工

董事）、非执行董事 1 名、独立董事 7 名。

  董事会设董事长 1 名，根据需要设副董事长 1-2 名，设首席独立董事 1 名。

  第四条 公司董事会设置战略与可持续发展(ESG)委员会、执行与投资委员会、审计

与监督委员会、提名与薪酬委员会四个专门委员会。董事会应另行制定规则，明确各专

门委员会职责权限和议事规则。

  第五条 董事会下设董事会办公室作为办事机构，负责处理董事会日常事务。董事

会秘书分管董事会办公室工作，董事会秘书可以指定公司有关人员协助其处理日常事务。

              第三章 董事会会议的召集与通知

  第六条 在本规则中，议案指正式列入董事会会议审议范围的待审议事项，提案人

已提交但尚未列入董事会会议审议范围的待审议事项称为提案，提出提案的人士或单位

称为提案人。提案内容应包括但不限于提案名称、内容、必要的论证分析等内容。

  第七条 下列主体有权向董事会提出提案：

  （一）任何一名董事；

  （二）董事会专门委员会；

                      1/8
  （三）总裁、常务副总裁、副总裁、财务总监及联席财务总监、董事会秘书、总工

程师等高级管理人员；

  （四）单独或合并持股百分之一以上的股东；

  上述第(二)、(三)项主体所提的提案应限于其职责所及范围内的事项且属于董事会

审议事项。

  第八条 董事会提案应当符合下列条件：

  （一）内容与法律、行政法规、部门规章和《公司章程》的规定不相抵触，并且属

于董事会的职责范围；

  （二）有明确议题和具体决议事项，内容充分完整、论证明确、形式规范，符合公

司《董事会会议提案管理规定》的相关要求；

  （三）必须符合公司和股东的利益。

  第九条 会议提案应经董事会秘书收集、整理汇总后交董事长审阅，由董事长决定

是否列入议程。

  第十条 董事会会议分为定期会议和临时会议。董事会每年应当至少召开四次定期

会议。代表十分之一以上表决权的股东、三分之一以上董事、二分之一以上独立董事、

董事长、总裁或者审计与监督委员会可以提议召开董事会临时会议。

  第十一条 按照前条规定提议召开董事会临时会议的，应当向董事会秘书提交经提

议人签字或盖章的书面提议。书面提议中应当载明下列事项：

  （一）提议人的姓名或者名称；

  （二）提议理由或者提议所基于的客观事由；

  （三）提议会议召开的时间或者时限、地点和方式；

  （四）明确和具体的提案；

  （五）提议人的联系方式和提议日期等。

  提案内容应当属于《公司章程》规定的董事会职权范围内的事项，与提案有关的材

料应当一并提交。

                     2/8
  董事会秘书在收到上述书面提议和有关材料后，应当于当日转交董事长。董事长认

为提案内容不明确、具体或者有关材料不充分的，可以要求提议人修改或者补充；不存

在上述情况的，董事长应当自接到提议后 10 日内召集和主持董事会会议。

  第十二条 董事会会议由董事长召集和主持；董事长不能履行职务或者不履行职务

的，由副董事长召集和主持（公司有两位或两位以上副董事长的，由半数以上董事共同

推举的副董事长召集和主持）；副董事长不能履行职务或者不履行职务的，由半数以上

董事共同推举一名董事召集和主持。

  第十三条 召开董事会定期会议和临时会议，董事会办公室应当分别提前 14 日和 5

日将书面的会议通知通过直接送达、传真、邮件或者其他方式，提交全体董事、总裁和

董事会秘书。非直接送达的，还应当通过电话进行确认并做相应记录。情况紧急，需要

尽快召开董事会临时会议的，可以随时通过电话或者其他口头方式发出会议通知，但召

集人应当在会议上作出说明。

  第十四条 董事会的会议通知应当至少包括以下内容：

  （一）会议的时间、地点、期限；

  （二）会议的召开方式；

  （三）拟审议的议题；

  （四）会议召集人和主持人、临时会议的提议人及其书面提议；

  （五）发出通知的日期。

  口头会议通知至少应包括上述第（一）、
                   （二）项内容，以及情况紧急需要尽快召开

董事会临时会议的说明。

  董事会议案可与会议通知同时发出，也可在会议通知发出后提供，但至迟应于会议

召开前 3 日发出；延迟发出的，提案人应在会上说明理由，并确保董事有充分时间审阅

及讨论。董事会议案发出后，原则上不得修改；确需补充或调整的，仅限非实质性内容，

并应及时发送更新版本。

  第十五条 董事会定期会议的书面会议通知发出后，如果需要变更会议的时间、地

点等事项或者增加、变更、取消会议议案的，应当在原定会议召开日之前 3 日发出书面

                    3/8
变更通知，说明情况和新议案的有关内容及相关材料。不足 3 日的，会议日期应当相应

顺延或者取得全体与会董事的书面认可后按原定日期召开。

  董事会临时会议的会议通知发出后，如果需要变更会议的时间、地点等事项或者增

加、变更、取消会议议案的，应当事先取得全体与会董事的认可并做好相应记录。

             第四章 董事会会议的召开与表决

  第十六条 董事会会议应当有过半数的董事出席方可举行。有关董事拒不出席或者

怠于出席会议导致无法满足会议召开的最低人数要求时，董事长和董事会秘书应当及时

向证券监管部门报告。

  未担任董事的高级管理人员应当列席董事会会议。会议召集人认为有必要的，可以

通知其他有关人员列席董事会会议。

  第十七条 董事原则上应当亲自出席董事会会议。董事因故不能出席会议的，应当

事先审阅会议材料，形成明确的意见，书面委托其他董事代为出席。

  委托书应当载明：

  （一）委托人和受托人的姓名、身份证号码；

  （二）委托人不能出席会议的原因；

  （三）委托事项、授权范围和有效期限；

  （四）委托人对每项议案的简要意见；

  （五）委托人的授权范围和对议案表决意向的指示；

  （六）委托人和受托人的签字、日期等。

  受托董事应当向会议主持人提交书面委托书，在会议签到簿上说明受托出席的情况。

  第十八条 委托和受托出席董事会会议应当遵循以下原则：

  （一）董事不得委托董事以外的其他人士出席董事会会议；

  （二）在审议关联交易事项时，非关联董事不得委托关联董事代为出席和表决，关

联董事也不得接受非关联董事的委托；

  （三）独立董事不得委托非独立董事代为出席和表决，非独立董事也不得接受独立

董事的委托；

                     4/8
     （四）董事不得在未说明其本人对议案的个人意见和表决意向的情况下全权委托其

他董事代为出席，有关董事也不得接受全权委托和授权不明确的委托。

     （五）一名董事不得接受超过两名董事的委托，董事也不得委托已经接受两名其他

董事委托的董事代为出席和表决。

     第十九条 董事会可邀请中介机构或行业、经营、法律、财务等方面的专家列席董事

会会议，并提供专业意见。列席会议人员如需在会上发言，应获得会议主持人同意并服

从会议主持人的安排。主持人认为会议审议事项涉及公司机密时，可要求列席会议人员

回避。

     第二十条 董事会会议以现场召开为原则。必要时，在保障全体参会董事能充分沟

通并表达意见的前提下，经召集人（主持人）、提议人同意，也可以通过视频、电话、传

真或者电子邮件表决等方式召开。董事会会议也可以采取现场与其他方式同时进行的方

式召开。

  非以现场方式召开的，以视频显示在场的董事、在电话会议中发表意见的董事、规

定期限内实际收到传真或者电子邮件等有效表决票，或者董事事后提交的曾参加会议的

书面确认函等计算出席会议的董事人数。

     第二十一条 会议主持人应当逐一提请出席董事会会议的董事对各项议案发表明确

的意见。

     对于根据规定需要事先经独立董事专门会议审议或董事会专门委员会审议的议案，

会议主持人应当在讨论有关议案前，指定一名独立董事或董事会专门委员会委员宣读意

见。

  除征得全体与会董事的一致同意外，董事会会议不得就未包括在会议通知中的议案

进行表决。董事接受其他董事委托代为出席董事会会议的，不得代表其他董事对未包括

在会议通知中的议案进行表决。

     第二十二条 董事应当认真阅读有关会议材料，在充分了解情况的基础上独立、审

慎地发表意见。

",ok,,,,agent_preflight
601899,紫金矿业集团股份有限公司董事和高级管理人员薪酬管理制度,,2025-11-29 00:00:00,https://www.cninfo.com.cn/new/disclosure/detail?annoId=1224836786,1224836786,finalpage/2025-11-29/1224836786.PDF,https://static.cninfo.com.cn/finalpage/2025-11-29/1224836786.PDF,PDF,161,"紫金矿业集团股份有限公司
            董事和高级管理人员薪酬管理制度

                 第一章 总则

  第一条 为规范紫金矿业集团股份有限公司（以下简称“公司”）董事、高级管理人

员（以下简称“高管”）的薪酬管理，建立科学有效的激励与约束机制，提高公司经营管

理水平，促进公司稳健经营和可持续发展，根据《中华人民共和国公司法》
                                《中华人民共

和国证券法》
     《上市公司治理准则》、公司股票上市地证券监管规则和《公司章程》等有

关规定，制定本制度。

  第二条 本制度适用于公司董事，包括执行董事（含职工董事）、非执行董事、独立

董事以及高管。

  第三条 公司薪酬管理应遵循以下原则：

  （一）薪酬与公司国际行业地位及中国矿业企业实际情况相匹配的原则；

  （二）薪酬与公司业绩和股东回报相结合的原则；

  （三）薪酬与个人职责、贡献和绩效相适应的原则；

  （四）薪酬与公司市值和市场表现相挂钩的原则；

  （五）薪酬与公司总体薪酬体系、公司其他重要管理和技术人才薪酬相适配的原则；

  （六）薪酬与公司可持续发展和 ESG 指标相联系的原则。

               第二章 薪酬方案及构成

  第四条 提名与薪酬委员会负责根据本制度要求，制订每一届董事、高管薪酬方案。

其中，董事薪酬方案经董事会审议后，报股东会批准生效；高管薪酬方案由董事会审议

通过后生效。

  提名与薪酬委员会制定薪酬方案应考虑的因素包括全球范围内与公司盈利规模、市

场价值、行业排名相当的矿业公司向其董事、高管支付的薪酬待遇水平等。

  第五条 公司执行董事、高管的薪酬由基本年薪和绩效薪酬组成：

  （一）基本年薪

                    1/3
  薪酬方案应载明执行董事、高管基本年薪区间，依据个人职务及责任差异在聘任合

同中具体确定。

  （二）绩效薪酬

  绩效薪酬考核应重点关注公司净资产报酬率和净利润等关键指标，其中，绩效薪酬

占总薪酬的比例原则上不低于 50%。绩效薪酬包含即期奖励和递延奖励，具体比例由薪

酬方案另行确定。

  第六条 公司非执行董事、独立董事实行固定津贴和出勤补贴制度：

  （一）固定津贴

  薪酬方案应载明非执行董事、独立董事固定津贴标准。

  （二）出勤补贴

  薪酬方案应载明非执行董事、独立董事出勤补贴标准。前述出勤，包括但不限于参

加股东会、董事会及其各专门委员会、独立董事专门会议，以及对公司总部部门或权属

企业进行现场调研等活动。

               第三章 薪酬的核定与发放

  第七条 执行董事、高管的基本年薪，以及非执行董事、独立董事的固定津贴和出勤

补贴按月发放。

  第八条 每年度结束后，提名与薪酬委员会应根据薪酬方案的规定，在综合考虑年

度业绩完成难易程度、ESG 绩效、安全环保、风险事件、市值表现、主营矿产品市场价

格波动、税费及通胀对成本影响等因素的基础上，拟订当年执行董事、高管绩效薪酬总

额；经股东会、董事会审议通过后，参考董事长、总裁相关意见，根据个人绩效考核结

果，核定各位董事、高管个人的具体绩效薪酬金额。绩效薪酬中的即期奖励在审议通过

后 1 个月内发放；递延奖励可用于认购公司股票期权、限制性股票及员工持股计划，或

折算为与公司市值表现挂钩的虚拟股份后再予递延兑现。

                 第四章 止付追索

                    2/3
  第九条 若公司出现财务造假、股东资金占用、违规担保等违法违规行为，针对负有

责任的执行董事、高管，公司应当根据情节轻重减少、停止支付未支付的绩效薪酬，并

对相关行为发生期间已经支付的绩效薪酬予以全额或部分追回。

  若公司财务报告出现错误需追溯重述，应当及时对执行董事、高管绩效薪酬予以重

新考核并相应追回超额发放部分。

  第十条 若董事、高管出现下列任一情形，董事会有权以决议形式决定减少、暂停或

者终止向其发放薪酬：

  （一）被证券交易所公开谴责或者认定为不适当人选的；

  （二）因重大违法违规行为被公司股票上市地证券监管机构予以行政处罚的；

  （三）决策失误导致公司遭受重大的经济或者声誉损失，个人负有主要责任的；

  （四）公司董事、高管薪酬方案中规定的其他情形；

  （五）违反公司有关规定，对公司造成重大负面影响的其他情形。

                  第五章 附则

  第十一条 本制度未尽事宜或与有关法律、行政法规、部门规章、公司股票上市地证

券监管规则和《公司章程》不一致时，按照有关法律、行政法规、部门规章、公司股票

上市地证券监管规则和《公司章程》执行。

  第十二条 本制度经公司股东会审议通过后生效，修改时亦同。

  第十三条 本制度由公司董事会负责解释。

                            紫金矿业集团股份有限公司

                            二○二五年十一月二十八日

                    3/3",ok,,,,agent_preflight
601899,紫金矿业集团股份有限公司关于支援香港大埔区宏福苑火灾灾后建设的公告,,2025-11-29 00:00:00,https://www.cninfo.com.cn/new/disclosure/detail?annoId=1224836784,1224836784,finalpage/2025-11-29/1224836784.PDF,https://static.cninfo.com.cn/finalpage/2025-11-29/1224836784.PDF,PDF,82,"证券代码：601899    股票简称：紫金矿业     编号：临 2025-095

              紫金矿业集团股份有限公司
     关于支援香港大埔区宏福苑火灾灾后建设的公告

  本公司董事会及全体董事保证本公告内容不存在任何虚假记载、误导性陈述

或者重大遗漏，并对其内容的真实性、准确性和完整性承担法律责任。

  11 月 26 日，香港大埔区宏福苑多栋大楼发生严重火灾，造成重大人员伤亡及

财产损失，牵动社会各界关注。紫金矿业集团股份有限公司（以下简称“公司”）

高度关注灾情，为积极履行社会责任，董事会同意由公司捐赠现金 2,000 万港币，

用于受灾群众的紧急救助、生活安置等灾后建设工作。

  公司心系香港同胞的安危，将持续关注灾情进展，愿与社会各界携手，为灾

后建设贡献力量，与社区共同守望、共渡难关。

  特此公告。

                           紫金矿业集团股份有限公司

                               董   事   会

                           二〇二五年十一月二十九日

                   1",ok,,,,agent_preflight
601899,紫金矿业集团股份有限公司章程,,2025-11-29 00:00:00,https://www.cninfo.com.cn/new/disclosure/detail?annoId=1224836781,1224836781,finalpage/2025-11-29/1224836781.PDF,https://static.cninfo.com.cn/finalpage/2025-11-29/1224836781.PDF,PDF,666,"紫金矿业集团股份有限公司

    章        程

  2025 年 11 月 28 日修订
                                                         目录
第一章        总 则 .............................................................................................................. 1

第二章        经营宗旨和范围 ............................................................................................ 2

第三章        股 份 .............................................................................................................. 3

第一节 股份发行 ..................................................................................................................... 3

第二节 股份增减和回购 ....................................................................................................... 4

第三节 股份转让 ..................................................................................................................... 5

第四章        股东和股东会 ................................................................................................ 7

第一节 股东的一般规定 ....................................................................................................... 7

第二节 控股股东和实际控制人 ....................................................................................... 10

第三节 股东会的一般规定................................................................................................. 11

第四节 股东会的召集 .......................................................................................................... 13

第五节 股东会的提案与通知 ............................................................................................ 14

第六节 股东会的召开 .......................................................................................................... 16

第七节 股东会的表决和决议 ............................................................................................ 20

第五章        类别股东表决的特别程序 .......................................................................... 24

第六章        公司党委 ...................................................................................................... 25

第七章        董事和董事会 .............................................................................................. 26

第一节 董事的一般规定 ..................................................................................................... 26

第二节 董事会 ....................................................................................................................... 30

第三节 独立董事 ................................................................................................................... 34

第四节 董事会专门委员会................................................................................................. 36

第八章        总裁及其他高级管理人员 .......................................................................... 39

第九章        财务会计制度、利润分配和审计 .............................................................. 41

第一节 财务会计制度 .......................................................................................................... 41
第二节 内部审计 ................................................................................................................... 45

第三节 会计师事务所的聘任 ............................................................................................ 46

第十章         通知和公告 .................................................................................................. 46

第一节 通知 ............................................................................................................................ 46

第二节 公告 ............................................................................................................................ 47

第十一章            合并、分立、增资、减资、解散和清算 .............................................. 48

第一节 合并、分立、增资和减资 ................................................................................... 48

第二节 解散和清算 .............................................................................................................. 49

第十二章            修改章程 ............................................................................................",ok,,,,agent_preflight
601899,紫金矿业集团股份有限公司独立董事工作制度,,2025-11-29 00:00:00,https://www.cninfo.com.cn/new/disclosure/detail?annoId=1224836780,1224836780,finalpage/2025-11-29/1224836780.PDF,https://static.cninfo.com.cn/finalpage/2025-11-29/1224836780.PDF,PDF,227,"紫金矿业集团股份有限公司
                独立董事工作制度

                  第一章 总则

  第一条 为充分发挥紫金矿业集团股份有限公司（以下简称“公司”）独立董事在公

司治理中的作用，促进公司独立董事尽责履职，根据《中华人民共和国公司法》
                                  （以下简

称“《公司法》”）、
         《中华人民共和国证券法》
                    （以下简称“《证券法》”）
                                、《上市公司独立董

事管理办法》、公司股票上市地证券监管规则和《公司章程》等有关规定，制定本制度。

  第二条 独立董事是指不在公司担任除董事外的其他职务，并与公司及其主要股东、

实际控制人不存在直接或者间接利害关系或者其他可能影响其进行独立客观判断关系

的董事。

  独立董事必须具有公司股票上市地证券监管机构及证券交易所要求的独立性。独立

董事应当独立履行职责，不受公司及公司主要股东、实际控制人或者与上述主体存在利

害关系的单位或个人的影响。

  第三条 独立董事对公司及全体股东负有忠实与勤勉义务。

  独立董事应当按照相关法律、行政法规、中国证监会规定、公司股票上市地证券监

管规则和《公司章程》等规定，认真履行职责，在董事会中发挥参与决策、监督制衡、

专业咨询作用，维护公司整体利益，保护中小股东的合法权益。

  第四条 公司聘任的独立董事原则上最多在 3 家境内上市公司担任独立董事，并应

当确保有足够的时间和精力有效地履行独立董事的职责。

  第五条 公司董事会由 15 名董事组成，其中独立董事 7 名，并至少包括 1 名会计专

业人士。

  前款所称会计专业人士是指具备丰富的会计专业知识和经验，并至少符合下列条件

之一：

  （一）具有注册会计师资格的人士；

  （二）具有会计、审计或者财务管理专业的高级职称、副教授及以上职称或者博士

                     1 / 12
学位；

  （三）具有经济管理方面高级职称，且在会计、审计或者财务管理等专业岗位有 5

年以上全职工作经验。

  第六条 公司设首席独立董事 1 名，在独立董事中协商产生。首席独立董事负责协

调独立董事开展有关的会议和调研活动，审阅有关材料，并在必要时代表独立董事与公

司非独立董事、高级管理人员沟通、协调。

  第七条 独立董事作为与其他董事拥有同等地位的董事会成员，应定期出席董事会

及所任职的董事会下设专门委员会的会议并积极参与会务，以其技能、专业知识及不同

的背景及资格，通过提供独立、富建设性及有根据的意见为公司制定战略及政策作出贡

献；同时独立董事应出席股东会，对公司股东的意见有全面、公正的了解。

  第八条 独立董事有权参与董事会下设的审计与监督委员会、提名与薪酬委员会、

战略与可持续发展（ESG）委员会。其中，审计与监督委员会成员应当为不在公司担任高

级管理人员的董事，且独立董事应当过半数，并由独立董事中会计专业人士担任召集人；

提名与薪酬委员会中独立董事应当过半数并担任召集人。

             第二章 独立董事的任职条件

  第九条 担任公司独立董事的人士应当具备与其行使职权相适应的任职条件：

  （一）根据法律、行政法规及其他有关规定，具备担任上市公司董事的资格；

  （二）符合《上市公司独立董事管理办法》规定的独立性要求；

  （三）具备上市公司运作的基本知识，熟悉相关法律法规和规则；

  （四）具有五年以上履行独立董事职责所必需的法律、会计、或者经济等工作经验；

  （五）具有良好的个人品德，不存在重大失信等不良记录；

  （六）法律、行政法规、中国证监会规定、公司股票上市地证券监管规则和公司章

程规定的其他条件。

  第十条 独立董事候选人应当具有良好的个人品德，不得存在法律、行政法规和公

司股票上市地证券监管规则规定的不得被提名为上市公司董事的情形，并且不得存在下

列不良纪录：

                   2 / 12
  （一）最近 36 个月内因证券期货违法犯罪，受到中国证监会行政处罚或者司法机

关刑事处罚的；

  （二）因涉嫌证券期货违法犯罪，被中国证监会立案调查或者被司法机关立案侦查，

尚未有明确结论意见的；

  （三）最近 36 个月内受到证券交易所公开谴责或 3 次以上通报批评；

  （四）存在重大失信等不良记录；

  （五）在过往任职独立董事期间，因连续两次未能亲自出席董事会会议也不委托其

他独立董事代为出席董事会会议，被董事会提议召开股东会予以解除职务，未满 12 个

月的；

  （六）公司股票上市地证券监管机构及证券交易所认定的其他情形。

  第十一条 独立董事必须保持独立性。下列人员不得担任公司的独立董事：

  （一）在公司或者附属企业任职的人员及其配偶、父母、子女、主要社会关系；

  （二）直接或间接持有公司已发行股份 1%以上或者是公司前 10 名股东中的自然人

股东及其配偶、父母、子女；

  （三）在直接或间接持有公司已发行股份 5%以上的股东单位或者在公司前 5 名股

东单位任职的人员及其配偶、父母、子女；

  （四）在公司控股股东、实际控制人的附属企业任职的人员及其配偶、父母、子女；

  （五）与公司及其控股股东、实际控制人或者其各自的附属企业有重大业务往来的

人员，或者在有重大业务往来的单位及其控股股东、实际控制人任职的人员；

  （六）为公司及其控股股东、实际控制人或者其各自附属企业提供财务、法律、咨

询、保荐等服务的人员，包括但不限于提供服务的中介机构的项目组全体人员、各级复

核人员、在报告上签字的人员、合伙人、董事、高级管理人员及主要负责人；

  （七）最近 12 个月内曾经具有前六项所列举情形的人员；

  （八）法律、行政法规、中国证监会规定、证券交易所业务规则和公司章程规定的

不具备独立性的其他人员。

  前款所称“主要社会关系”是指兄弟姐妹、兄弟姐妹的配偶、配偶的父母、配偶的

                    3 / 12
兄弟姐妹、子女的配偶、子女配偶的父母等；所称“重大业务往来”是指根据公司股票

上市地证券交易所业务规则或者《公司章程》规定需提交股东会审议的事项，或者公司

股票上市地证券交易所认定的其他重大事项。

  公司控股股东、实际控制人的附属企业，不包括与公司受同一国有资产管理机构控

制且按照相关规定未与公司构成关联关系的企业。

  独立董事应当每年对独立性情况进行自查，并将自查情况提交董事会。董事会应当

每年对在任独立董事独立性情况进行评估并出具专项意见，与年度报告同时披露。

           第三章 独立董事的提名、选举和更换

  第十二条 公司董事会、单独或者合并持有公司已发行股份 1%以上的股东可以提名

独立董事候选人，并经股东会选举决定。

  依法设立的投资者保护机构可以公开请求股东委托其代为行使提名独立董事的权

利。

  第一款规定的提名人不得提名与其存在利害关系的人员或者有其他可能影响独立

履职情形的关系密切人员作为独立董事候选人。

  第十三条 独立董事的提名人在提名前应当征得被提名人的同意。

  第十四条 提名人应当充分了解被提名人职业、学历、职称、详细的工作经历、全部

兼职、有无重大失信等不良记录等情况，并对其符合独立性和担任独立董事的其他条件

发表意见。被提名人应当就其符合独立性和担任独立董事的其他条件作出公开声明。

  公司董事会提名与薪酬委员会应当对被提名人任职资格进行审查，并形成明确的审

查意见。

  在选举独立董事的股东会召开前，公司董事会应当按照规定披露上述内容。

  公司应将被提名人的有关材料报送公司股票上市地证券交易所，相关报送材料应当

真实、准确、完整。公司董事会对被提名人的有关情况有异议的，应同时报送董事会书

面意见。

  对公司股票上市地证券交易所持有异议的被提名人，不得提交股东会选举。在召开

股东会选举独立董事时，公司董事会应当对独立董事候选人是否被公司股票上市地证券

                     4 / 12
交易所提出异议的情况进行说明。

     公司股东会选举两名以上独立董事的，应当实行累积投票制。中小股东表决情况应

当单独计票并披露。

     第十五条 独立董事每届任期与公司其他董事任期相同，任期届满，连选可以连任，

但是连任时间不得超过 6 年。在公司连续任职独立董事已满 6 年的，自该事实发生之日

起 36 个月内不得被提名为公司独立董事候选人。

     第十六条 独立董事连续 2 次未亲自出席董事会会议的，也不委托其他独立董事代

为出席的，董事会应当在该事实发生之日起 30 日内提议召开股东会解除该独立董事职

务。

  除出现上述情况及《公司法》中规定的不得担任董事的情形外，独立董事任期届满

前不得无故被解除职务。提前解除职务的，公司应当及时披露具体理由和依据。独立董

事有异议的，公司应当及时予以披露。

     第十七条 独立董事在任期届满前可以提出辞职。独立董事辞职应向董事会提交书

面辞职报告，对任何与其辞职有关或其认为有必要引起公司股东和债权人注意的情况进

行说明。公司应当对独立董事辞职的原因",ok,,,,agent_preflight
601899,紫金矿业集团股份有限公司第八届董事会临时会议决议公告,,2025-11-29 00:00:00,https://www.cninfo.com.cn/new/disclosure/detail?annoId=1224836779,1224836779,finalpage/2025-11-29/1224836779.PDF,https://static.cninfo.com.cn/finalpage/2025-11-29/1224836779.PDF,PDF,178,"证券代码：601899    股票简称：紫金矿业        编号：临 2025-093

              紫金矿业集团股份有限公司
           第八届董事会临时会议决议公告

  本公司董事会及全体董事保证本公告内容不存在任何虚假记载、误导性陈述

或者重大遗漏，并对其内容的真实性、准确性和完整性承担法律责任。

  紫金矿业集团股份有限公司（以下简称“公司”）第八届董事会 2025 年第 18

次临时会议于 2025 年 11 月 28 日在公司上杭总部和厦门分部以现场和视频相结合

的方式召开。会议应出席董事 12 名，实际出席董事 12 名，本次会议有效表决票

12 票，公司监事及高管列席会议。本次会议的召集和召开程序符合《公司法》和

《公司章程》的有关规定，会议由陈景河董事长主持，以投票表决方式审议通过

了以下议案：

  一、审议通过《关于对外捐赠的议案》

  有关情况详见公司同日披露的公告。

  表决结果：同意 12 票，反对 0 票，弃权 0 票。

  二、审议通过《关于修订<公司章程>的议案》

  为落实新《公司法》及 2025 年以来中国证监会《上市公司章程指引》《关于

新<公司法>配套制度规则实施相关过渡期安排》等系列监管新规，公司拟取消监

事会设置，并结合公司实际情况对《公司章程》进行修订，主要修订内容和修订

后全文详见公司同日披露的公告。

  本议案尚需提交公司股东会审议。本议案不涉及类别股东权利的变更或者废

除，无需另行经过类别股东会审议。

  表决结果：同意 12 票，反对 0 票，弃权 0 票。

  三、审议通过《关于修订<股东会议事规则>的议案》

                      1
  为落实新《公司法》及 2025 年以来中国证监会《上市公司股东会规则》等系

列监管新规，并与本次《公司章程》修订相衔接，董事会同意对《股东会议事规

则》进行同步修订，重点就股东会的召集机制、提案主体、表决程序等事项予以

细化，以保障股东会规范、高效运作。修订后全文详见公司同日披露的公告。

  本议案尚需提交公司股东会审议。

  表决结果：同意 12 票，反对 0 票，弃权 0 票。

  四、审议通过《关于修订<董事会议事规则>的议案》

  为落实新《公司法》及 2025 年以来中国证监会《上市公司治理准则》等系列

监管新规，并与本次《公司章程》修订相衔接，董事会同意对《董事会议事规则》

进行同步修订，重点就董事会组成、临时会议召开、提案主体、提案规范、会议

通知、列席人员等事项予以修改，以保障董事会规范、高效运作。修订后全文详

见公司同日披露的公告。

  本议案尚需提交公司股东会审议。

  表决结果：同意 12 票，反对 0 票，弃权 0 票。

  五、审议通过《关于修订<独立董事工作制度>的议案》

  为落实新《公司法》及 2025 年以来证监会《上市公司治理准则》等系列监管

新规，并与本次《公司章程》修订相衔接，董事会同意对《独立董事工作制度》

作适应性修订，仅就监事会取消、专门委员会名称变化及部分文字表述作相应调

整。公司已于 2023 年依据《上市公司独立董事管理办法》完成制度升级，本次修

订不涉及对原有条款的实质性调整。修订后全文详见公司同日披露的公告。

  本议案尚需提交公司股东会审议。

  表决结果：同意 12 票，反对 0 票，弃权 0 票。

  六、审议通过《关于修订<关联交易管理办法>的议案》

  为落实新《公司法》及 2025 年以来证监会《上市公司治理准则》等系列监管

新规，并与本次《公司章程》修订相衔接，董事会同意对《关联交易管理办法》

作适应性修订，仅就监事会取消、关联交易应遵循的基本原则、应当披露的关联

                      2
交易需经独立董事专门会议审议等作相应调整。本次修订不涉及对原有条款的实

质性调整。修订后全文详见公司同日披露的公告。

  本议案尚需提交公司股东会审议。

  表决结果：同意 12 票，反对 0 票，弃权 0 票。

  七、审议通过《关于制订<董事和高级管理人员薪酬管理制度>的议案》

  为落实新《公司法》及 2025 年以来证监会《上市公司治理准则》等监管新规，

并与本次《公司章程》修订相衔接，董事会同意根据监管要求新增《董事和高级

管理人员薪酬管理制度》，明确董事和高级管理人员的薪酬构成、确定依据、绩效

考核、止付追索等事项。修订后全文详见公司同日披露的公告。

  本议案提交董事会审议前，已经董事会提名与薪酬委员会审议通过。

  本议案尚需提交公司股东会审议。

  表决结果：同意 12 票，反对 0 票，弃权 0 票。

  八、审议通过《关于第九届董事薪酬和考核方案的议案》

  根据薪酬与公司国际行业地位及中国矿业企业实际情况相匹配，与业绩和股

东回报相结合，与个人职责、贡献和绩效相适应，与公司市值和市场表现相挂钩，

与公司总体薪酬体系、公司其他重要管理和技术人才薪酬相适配的原则，与可持

续发展和 ESG 指标相联系，会议审议通过提名与薪酬委员会拟定的第九届董事薪

酬和考核方案，并同意将该议案提交股东会审议。

  （一）关于第九届执行董事薪酬和考核方案的议案

  表决结果：同意 8 票，反对 0 票，弃权 0 票。董事邹来昌、林泓富、谢雄辉、

吴健辉属于关联董事或存在潜在关联关系，已就本议案回避表决。

  （二）关于第九届非执行董事、独立董事津贴标准的议案

  表决结果：同意 9 票，反对 0 票，弃权 0 票。董事李建、薄少川、吴小敏属

于关联董事，已就本议案回避表决。

  本议案提交董事会审议前，已经董事会提名与薪酬委员会审议通过。

  本议案尚需提交公司股东会审议。

                      3
  九、审议通过《关于提名公司第九届董事会非独立董事候选人的议案》

  鉴于公司第八届董事会任期即将届满，根据相关法律法规及《公司章程》规

定，经董事会提名与薪酬委员会广泛征求意见，推荐邹来昌、林泓富、吴健辉、

沈绍阳、郑友诚、吴红辉、李建为公司第九届董事会非独立董事候选人；其中：

邹来昌、林泓富、吴健辉、沈绍阳、郑友诚、吴红辉为执行董事候选人，李建为

非执行董事候选人。

  上述非独立董事候选人简历详见附件一。

  本议案提交董事会审议前，已经董事会提名与薪酬委员会审议通过。

  本议案尚需提交公司股东会审议。

  依据新《公司法》及修订后《公司章程》，第九届董事会将增设 1 名职工董事，

该职工董事将作为执行董事，与股东会选举产生的其他董事共同组成董事会。公

司现任执行董事、副总裁谢雄辉先生已被提名为职工董事候选人，将提交职工代

表大会民主选举，选举结果另行公告。

  表决结果：同意 12 票，反对 0 票，弃权 0 票。

  十、审议通过《关于提名公司第九届董事会独立董事候选人的议案》

  鉴于公司第八届董事会任期即将届满，根据相关法律法规及《公司章程》规

定，经董事会提名与薪酬委员会广泛征求意见，推荐吴小敏、薄少川、张永涛、

林寿康、曲晓辉、洪波、王安建为公司第九届董事会独立董事候选人。

  上述独立董事候选人简历详见附件二。独立董事提名人和候选人声明详见公

司同日披露的公告。独立董事候选人的任职资格尚需报上海证券交易所审核。

  本议案提交董事会审议前，已经董事会提名与薪酬委员会审议通过。

  本议案尚需提交公司股东会审议。

  表决结果：同意 12 票，反对 0 票，弃权 0 票。

  十一、审议通过《关于拟聘任陈景河先生为公司终身荣誉董事长的议案》

  自 1993 年公司成立以来，在陈景河先生的带领下，公司经过 32 年艰苦创业，

现已成长为综合指标进入全球金属矿业企业前 3 位、市值突破 1,000 亿美元的跨

                      4
国矿业集团，形成了具有全球竞争力的技术和管理体系、企业文化和核心管理团

队，为公司可持续稳定发展奠定了坚实的基础。

  因年龄和家庭原因，陈景河先生提出不再接受公司第九届董事会董事候选人

提名。尽管控股股东及董事会极力挽留，陈景河先生认为，一个基业长青的企业

应从“创始人驱动”迈向“制度驱动”，目前公司新的核心管理团队已经成熟，是

实现新老交替的最好时机。

  为表彰陈景河先生建立的卓越功勋，传承其倡导的有紫金特色的创新理念和

企业文化，公司拟聘任陈景河先生为终身荣誉董事长、高级顾问，并将此安排写

入《公司章程》。陈景河先生将继续在重大战略决策、资源对接等方面为公司提供

指导与支持，助力公司长期发展。

  本议案提交董事会审议前，已经董事会提名与薪酬委员会审议通过。

  本议案尚需提交公司股东会审议。

  表决结果：同意 11 票，反对 0 票，弃权 0 票。董事陈景河属于关联董事，已

就本议案回避表决。

  十二、审议通过《关于召开 2025 年第二次临时股东会的议案》

  董事会同意，授权董事长及其授权人士办理召集和召开 2025 年第二次临时股

东会相关事宜，包括但不限于确定股东会具体时间、股权登记日、发出股东会通

知等。有关会议时间、会议通知及会议材料公司将另行公告。

  表决结果：同意 12 票，反对 0 票，弃权 0 票。

  特此公告。

                        ",ok,,,,agent_preflight
601899,紫金矿业集团股份有限公司独立董事提名人和候选人声明公告,,2025-11-29 00:00:00,https://www.cninfo.com.cn/new/disclosure/detail?annoId=1224836778,1224836778,finalpage/2025-11-29/1224836778.PDF,https://static.cninfo.com.cn/finalpage/2025-11-29/1224836778.PDF,PDF,201,"紫金矿业集团股份有限公司
      独立董事提名人和候选人声明公告

           独立董事提名人声明

  提名人紫金矿业集团股份有限公司董事会，经充分了解被提名人
职业、学历、职称、详细的工作经历、全部兼职、有无重大失信等不
良记录等情况，现提名吴小敏、薄少川、张永涛、林寿康、曲晓辉、
洪波、王安建为紫金矿业集团股份有限公司第九届董事会独立董事候
选人。被提名人均已同意出任紫金矿业集团股份有限公司第九届董事
会独立董事候选人（参见该独立董事候选人声明）
                     。
  提名人认为，被提名人具备独立董事任职资格，与紫金矿业集团
股份有限公司之间不存在任何影响其独立性的关系，具体声明如下：
  一、被提名人具备上市公司运作的基本知识，熟悉相关法律、行
政法规、规章及其他规范性文件，具有 5 年以上法律、经济、会计、
财务、管理或者其他履行独立董事职责所必需的工作经验。
  被提名人吴小敏、薄少川、张永涛、林寿康、曲晓辉、洪波、王
安建已经参加培训并取得证券交易所认可的相关培训证明材料。
  二、被提名人任职资格符合下列法律、行政法规和部门规章以及
公司规章的要求：
  （一）
    《中华人民共和国公司法》关于董事任职资格的规定；
  （二）
    《中华人民共和国公务员法》关于公务员兼任职务的规定（如
适用）
  ；
  （三）中国证监会《上市公司独立董事管理办法》、上海证券交易
所自律监管规则以及公司章程有关独立董事任职资格和条件的相关规
定；
  （四）中共中央纪委、中共中央组织部《关于规范中管干部辞去
公职或者退（离）休后担任上市公司、基金管理公司独立董事、独立
监事的通知》的规定（如适用）
             ；
  （五）中共中央组织部《关于进一步规范党政领导干部在企业兼
职（任职）问题的意见》的相关规定（如适用）
                    ；
  （六）中共中央纪委、教育部、监察部《关于加强高等学校反腐
倡廉建设的意见》的相关规定（如适用）
                 ；
  （七）中国人民银行《股份制商业银行独立董事和外部监事制度
指引》等的相关规定（如适用）
             ；
  （八）中国证监会《证券基金经营机构董事、监事、高级管理人
员及从业人员监督管理办法》等的相关规定（如适用）
                       ；
  （九）
    《银行业金融机构董事（理事）和高级管理人员任职资格管
理办法》
   《保险公司董事、监事和高级管理人员任职资格管理规定》
                            《保
险机构独立董事管理办法》等的相关规定（如适用）
                      ；
  （十）其他法律法规、部门规章、规范性文件和上海证券交易所
规定的情形。
  三、被提名人具备独立性，不属于下列情形：
  （一）在上市公司或者其附属企业任职的人员及其配偶、父母、
子女、主要社会关系（主要社会关系是指兄弟姐妹、兄弟姐妹的配偶、
配偶的父母、配偶的兄弟姐妹、子女的配偶、子女配偶的父母等）
                            ；
  （二）直接或间接持有上市公司已发行股份 1%以上或者是上市公
司前 10 名股东中的自然人股东及其配偶、父母、子女；
  （三）在直接或间接持有上市公司已发行股份 5%以上的股东或者
在上市公司前 5 名股东任职的人员及其配偶、父母、子女；
  （四）在上市公司控股股东、实际控制人的附属企业任职的人员
及其配偶、父母、子女；
  （五）与上市公司及其控股股东、实际控制人或者其各自的附属
企业有重大业务往来的人员，或者在有重大业务往来的单位及其控股
股东、实际控制人任职的人员；
  （六）为上市公司及其控股股东、实际控制人或者其各自附属企
业提供财务、法律、咨询、保荐等服务的人员，包括但不限于提供服
务的中介机构的项目组全体人员、各级复核人员、在报告上签字的人
员、合伙人、董事、高级管理人员及主要负责人；
  （七）最近 12 个月内曾经具有前六项所列举情形的人员；
  （八）其他上海证券交易所认定不具备独立性的情形。
  四、独立董事候选人无下列不良记录：
  （一）最近 36 个月内受到中国证监会行政处罚或者司法机关刑事
处罚的；
  （二）因涉嫌证券期货违法犯罪，被中国证监会立案调查或者被
司法机关立案侦查，尚未有明确结论意见的；
  （三）最近 36 个月内受到证券交易所公开谴责或 3 次以上通报批
评的；
  （四）存在重大失信等不良记录；
  （五）本所认定的其他情形。
  五、被提名人不是过往任职独立董事期间因连续两次未能亲自出
席也不委托其他董事出席董事会会议被董事会提议召开股东会予以解
除职务的人员。
  六、包括紫金矿业集团股份有限公司在内，被提名人兼任独立董
事的境内上市公司数量未超过 3 家，被提名人在紫金矿业集团股份有
限公司连续任职未超过六年。
  七、被提名人曲晓辉具备丰富的会计专业知识和经验，具备会计
学教授职称及博士学位且在会计专业岗位有 5 年以上全职工作经验。
  八、被提名人不存在影响独立董事诚信或者其他影响任职资格的
情况。
  被提名人已经通过紫金矿业集团股份有限公司第八届董事会提名
与薪酬委员会资格审查，提名人与被提名人不存在利害关系或者可能
妨碍独立履职的其他关系。
  提名人已经根据《上海证券交易所上市公司自律监管指引第 1 号
——规范运作》对独立董事候选人任职资格进行核实并确认符合要求。
  提名人保证上述声明真实、完整和准确，不存在任何虚假陈述或
误导成分，提名人完全明白做出虚假声明可能导致的后果。

  特此声明。

           提名人：紫金矿业集团股份有限公司董事会
                     2025 年 11 月 28 日
           独立董事候选人声明

  本人吴小敏、薄少川、张永涛、林寿康、洪波、王安建，已充分
了解并同意由提名人紫金矿业集团股份有限公司提名为紫金矿业集团
股份有限公司第九届董事会独立董事候选人。本人公开声明，本人具
备独立董事任职资格，保证不存在任何影响本人担任紫金矿业集团股
份有限公司独立董事独立性的关系，具体声明并承诺如下：
  一、本人具备上市公司运作的基本知识，熟悉相关法律、行政法
规、部门规章及其他规范性文件，具有 5 年以上法律、经济、会计、
财务、管理或者其他履行独立董事职责所必需的工作经验。
  本人已经参加培训并取得证券交易所认可的相关培训证明材料。
  二、本人任职资格符合下列法律、行政法规和部门规章以及公司
规章的要求：
  （一）
    《中华人民共和国公司法》关于董事任职资格的规定；
  （二）
    《中华人民共和国公务员法》关于公务员兼任职务的规定（如
适用）
  ；
  （三）中国证监会《上市公司独立董事管理办法》、上海证券交易
所自律监管规则以及公司章程有关独立董事任职资格和条件的相关规
定；
  （四）中共中央纪委、中共中央组织部《关于规范中管干部辞去
公职或者退（离）休后担任上市公司、基金管理公司独立董事、独立
监事的通知》的规定（如适用）
             ；
  （五）中共中央组织部《关于进一步规范党政领导干部在企业兼
职（任职）问题的意见》的相关规定（如适用）
                    ；
  （六）中共中央纪委、教育部、监察部《关于加强高等学校反腐
倡廉建设的意见》的相关规定（如适用）
                 ；
  （七）中国人民银行《股份制商业银行独立董事和外部监事制度
指引》等的相关规定（如适用）
             ；
  （八）中国证监会《证券基金经营机构董事、监事、高级管理人
员及从业人员监督管理办法》等的相关规定（如适用）
                       ；
  （九）
    《银行业金融机构董事（理事）和高级管理人员任职资格管
理办法》
   《保险公司董事、监事和高级管理人员任职资格管理规定》
                            《保
险机构独立董事管理办法》等的相关规定（如适用）
                      ；
  （十）其他法律法规、部门规章、规范性文件和上海证券交易所
规定的情形。
  三、本人具备独立性，不属于下列情形：
  （一）在上市公司或者其附属企业任职的人员及其配偶、父母、
子女、主要社会关系（主要社会关系是指兄弟姐妹、兄弟姐妹的配偶、
配偶的父母、配偶的兄弟姐妹、子女的配偶、子女配偶的父母等）
                            ；
  （二）直接或者间接持有上市公司已发行股份 1%以上或者是上市
公司前十名股东中的自然人股东及其配偶、父母、子女；
  （三）在直接或者间接持有上市公司已发行股份 5%以上的股东或
者在上市公司前五名股东任职的人员及其配偶、父母、子女；
  （四）在上市公司控股股东、实际控制人的附属企业任职的人员
及其配偶、父母、子女；
  （五）与上市公司及其控股股东、实际控制人或者其各自的附属
企业有重大业务往来的人员，或者在有重大业务往来的单位及其控股
股东、实际控制人任职的人员；
  （六）为上市公司及其控股股东、实际控制人或者其各自附属企
业提供财务、法律、咨询、保荐等服务的人员，包括但不限于提供服
务的中介",ok,,,,agent_preflight
601899,紫金矿业集团股份有限公司股东会议事规则,,2025-11-29 00:00:00,https://www.cninfo.com.cn/new/disclosure/detail?annoId=1224836777,1224836777,finalpage/2025-11-29/1224836777.PDF,https://static.cninfo.com.cn/finalpage/2025-11-29/1224836777.PDF,PDF,258,"紫金矿业集团股份有限公司
                  股东会议事规则

                   第一章 总则

  第一条 为规范紫金矿业集团股份有限公司（以下简称“公司”）行为，保证股东会

依法行使职权，根据《中华人民共和国公司法》
                    （以下简称“《公司法》”）、
                                 《中华人民共

和国证券法》
     （以下简称“《证券法》”）等法律、行政法规、部门规章、公司股票上市地

证券监管规则和《公司章程》等有关规定，制定本规则。

  第二条 公司股东会的召集、提案、通知、召开等事项适用本规则。

  第三条 公司应当严格按照法律、行政法规、部门规章、公司股票上市地证券监管规

则、《公司章程》及本规则的相关规定召开股东会，保证股东能够依法行使权利。

  公司董事会应当切实履行职责，认真、按时组织股东会。公司全体董事应当勤勉尽

责，确保股东会正常召开和依法行使职权。

  第四条 股东会应当在《公司法》和《公司章程》规定的范围内行使职权。

  第五条 股东会分为年度股东会和临时股东会。年度股东会每年召开一次，应当于

上一会计年度结束后的 6 个月内举行。临时股东会不定期召开，出现《公司法》第一百

一十三条或《公司章程》规定的应当召开临时股东会的情形时，临时股东会应当在 2 个

月内召开。

  公司在上述期限内不能召开股东会的，应当报告公司所在地中国证券监督管理委员

会（以下简称“中国证监会”）福建监管局和公司股票上市地证券交易所（以下简称“证

券交易所”），说明原因并公告。

  第六条 公司召开股东会，应当聘请律师对以下问题出具法律意见并公告：

  （一）会议的召集、召开程序是否符合法律、行政法规、部门规章、公司股票上市

地证券监管规则、《公司章程》及本规则的规定；

  （二）出席会议人员的资格、召集人资格是否合法有效；

  （三）会议的表决程序、表决结果是否合法有效；

                     1 / 12
  （四）应公司要求对其他有关问题出具的法律意见。

                 第二章 股东会的召集

  第七条 董事会应当在本规则第五条规定的期限内按时召集股东会。

  第八条 经全体独立董事过半数同意，独立董事有权向董事会提议召开临时股东会。

对独立董事要求召开临时股东会的提议，董事会应当根据法律、行政法规、
                                《公司章程》

及本规则的规定，在收到提议后 10 日内提出同意或者不同意召开临时股东会的书面反

馈意见。

  董事会同意召开临时股东会的，应当在作出董事会决议后的 5 日内发出召开股东会

的通知；董事会不同意召开临时股东会的，应当说明理由并公告。

  第九条 审计与监督委员会向董事会提议召开临时股东会，应当以书面形式向董事

会提出。董事会应当根据法律、行政法规和《公司章程》的规定，在收到提议后 10 日内

提出同意或者不同意召开临时股东会的书面反馈意见。

  董事会同意召开临时股东会的，应当在作出董事会决议后的 5 日内发出召开股东会

的通知，通知中对原提议的变更，应当征得审计与监督委员会的同意。

  董事会不同意召开临时股东会，或者在收到提议后 10 日内未作出书面反馈的，视

为董事会不能履行或者不履行召集股东会会议职责，审计与监督委员会可以自行召集和

主持。

  第十条 单独或者合计持有公司 10%以上股份的股东向董事会请求召开临时股东会，

应当以书面形式向董事会提出。

  董事会应当根据法律、行政法规和《公司章程》的规定，在收到请求后 10 日内提

出同意或者不同意召开临时股东会的书面反馈意见。

  董事会同意召开临时股东会的，应当在作出董事会决议后的 5 日内发出召开股东会

的通知，通知中对原请求的变更，应当征得相关股东的同意。董事会不同意召开临时股

东会，或者在收到请求后 10 日内未作出反馈的，单独或者合计持有公司 10%以上股份的

股东向审计与监督委员会提议召开临时股东会，应当以书面形式向审计与监督委员会提

出请求。

                     2 / 12
  审计与监督委员会同意召开临时股东会的，应在收到请求 5 日内发出召开股东会的

通知，通知中对原请求的变更，应当征得相关股东的同意。

  审计与监督委员会未在规定期限内发出股东会通知的，视为审计与监督委员会不召

集和主持股东会，连续 90 日以上单独或者合计持有公司 10%以上股份的股东可以自行

召集和主持。

  第十一条 审计与监督委员会或者股东决定自行召集股东会的，应当书面通知董事

会，同时向上海证券交易所备案。

  审计与监督委员会或者召集股东应在发出股东会通知及发布股东会决议公告时，向

上海证券交易所提交有关证明材料。

  在股东会决议公告前，召集股东持股比例不得低于百分之十。

  第十二条 对于审计与监督委员会或者股东自行召集的股东会，董事会和董事会秘

书应予配合。

  董事会应当提供股权登记日的股东名册。董事会未提供股东名册的，召集人可以持

召集股东会通知的相关公告，向证券登记结算机构申请获取。召集人所获取的股东名册

不得用于除召开股东会以外的其他用途。

  第十三条 审计与监督委员会或者股东自行召集的股东会，会议所必需的费用由公

司承担。

              第三章 股东会的提案与通知

  第十四条 公司召开股东会，董事会、审计与监督委员会以及单独或者合计持有公

司 1%以上股份的股东，有权向公司提出提案。提案的内容应当属于股东会职权范围，以

书面形式提交或送达董事会，有明确议题和具体决议事项，并且符合法律、行政法规、

部门规章、公司股票上市地证券监管规则和《公司章程》的有关规定。

  第十五条 单独或者合计持有公司 1%以上股份的股东，可以在股东会召开 10 日前

提出临时提案并书面提交召集人。召集人应当在收到提案后 2 日内发出股东会补充通知，

公告临时提案的内容，并将该临时提案提交股东会审议。但临时提案违反法律、行政法

规、部门规章、公司股票上市地证券监管规则、
                    《公司章程》的规定，或者不属于股东会

                     3 / 12
职权范围的除外。如根据公司股票上市地证券监管规则的规定，股东会须因刊发股东会

补充通知而延期的，股东会的召开应当按公司股票上市地证券监管规则的规定延期。公

司不得提高提出临时提案股东持股比例的标准。

  除前款规定的情形外，召集人在发出股东会通知公告后，不得修改股东会通知中已

列明的提案或者增加新的提案。召集人根据规定需对提案内容进行补充或更正的，不得

实质性修改提案，且相关补充或更正公告应当在股东会网络投票开始前发布，与股东会

决议同时披露的法律意见书中应当包含律师对提案内容的补充、更正是否构成提案实质

性修改出具的明确意见。对提案进行实质性修改的，有关变更应当视为一个新的提案，

不得在本次股东会上进行表决。

  股东会通知中未列明或者不符合本规则第十四条规定的提案，股东会不得进行表决

并作出决议。

  第十六条 召集人应当在年度股东会召开 20 日前以公告方式通知各股东，临时股东

会应当于会议召开 10 个营业日前或 15 日前（以较长者为准）以公告方式通知各股东。

  第十七条 股东会通知和补充通知中应当充分、完整披露所有提案的具体内容，以

及为使股东对拟讨论的事项作出合理判断所需的全部资料或者解释。

  第十八条 股东会拟讨论董事选举事项的，股东会通知中应当充分披露董事候选人

的详细资料，至少包括以下内容：

  （一）教育背景、工作经历、兼职等个人情况；

  （二）与公司或者其控股股东及实际控制人是否存在关联关系；

  （三）持有公司股份数量；

  （四）是否受过中国证监会及其他有关部门的处罚和证券交易所惩戒。

  除采取累积投票制选举董事外，每位董事候选人应当以单项提案提出。

  第十九条 股东会通知中应当列明会议时间、地点，并确定股权登记日。股权登记日

与会议日期之间的间隔应当不多于 7 个工作日。股权登记日一旦确认，不得变更。

  第二十条 发出股东会通知后，无正当理由，股东会不应延期或者取消，股东会通知

中列明的提案不应取消。一旦出现延期或者取消的情形，召集人应当在原定召开日前至

                    4 / 12
少 2 个工作日公告并说明原因。公司股票上市地证券监管规则就延期召开或者取消股东

会的程序有特别规定的，在不违反相关监管要求的前提下，从其规定。

                第四章 股东会的召开

  第二十一条 公司应当在公司住所地或股东会通知中指定地点召开股东会。

  股东会应当设置会场，以现场会议形式召开；股东会除设置会场以现场形式召开外，

还可以同时采用网络、视频、电话或其他具有同等效果的电子通信方式召开。公司还将

提供网络投票的方式为股东提供便利。

  股东可以亲自出席股东会并行使表决权，也可以委托他人代为出席和在授权范围内

行使表决权。

  如该股东为认可结算所（包括香港中央结算有限公司）或其代理人，该股东可以授

权一位或一位以上人士或公司在任何股东会、",ok,,,,agent_preflight
601899,紫金矿业集团股份有限公司董事会提名与薪酬委员会关于独立董事候选人任职资格的审查意见,,2025-11-29 00:00:00,https://www.cninfo.com.cn/new/disclosure/detail?annoId=1224836776,1224836776,finalpage/2025-11-29/1224836776.PDF,https://static.cninfo.com.cn/finalpage/2025-11-29/1224836776.PDF,PDF,154,"紫金矿业集团股份有限公司董事会提名与薪酬委员会
    关于董事候选人任职资格的审查意见

  根据《中华人民共和国公司法》
               《上市公司独立董事管理办法》
                            《上
海证券交易所上市公司自律监管指引第 1 号——规范运作》等法律法
规、规范性文件及《公司章程》等有关规定，紫金矿业集团股份有限
公司（以下简称“公司”）第八届董事会提名与薪酬委员会对第九届董
事会董事候选人的任职资格进行审核，并发表审查意见如下：
  一、关于对公司第九届董事会非独立董事候选人的审查意见
  经审阅第九届董事会非独立董事候选人邹来昌、林泓富、吴健辉、
沈绍阳、郑友诚、吴红辉、李建的个人履历和相关资料，我们认为：
上述候选人具备胜任拟担任董事职务的能力，任职资格符合担任上市
公司非独立董事的条件，未发现存在根据《公司法》等法律法规及其
他有关规定不得担任董事的情形，未发现存在被中国证券监督管理委
员会采取不得担任上市公司董事的市场禁入措施且期限尚未届满，或
被证券交易所公开认定为不适合担任上市公司董事且期限尚未届满的
情形，不存在重大失信等不良记录；本次非独立董事候选人提名程序
合法有效。
  二、关于对公司第九届董事会独立董事候选人的审查意见
  经审阅第九届董事会独立董事候选人吴小敏、薄少川、张永涛、
林寿康、曲晓辉、洪波、王安建的个人履历和相关资料，我们认为：
上述候选人具有丰富的专业知识、工作经验和能力，具有独立性及履
行独立董事职责的能力，其任职条件和任职资格符合《公司法》
                           《上市
公司独立董事管理办法》
          《上海证券交易所上市公司自律监管指引第 1
号——规范运作》等法律法规及规范性文件的规定，不存在不得担任
上市公司独立董事的情形；其中曲晓辉为会计专业人士，符合有关规

               1
范性文件及公司《独立董事工作制度》之要求；本次独立董事候选人
提名程序合法有效。

  综上，董事会提名与薪酬委员会同意提名邹来昌、林泓富、吴健
辉、沈绍阳、郑友诚、吴红辉、李建为公司第九届董事会非独立董事
候选人；同意提名吴小敏、薄少川、张永涛、林寿康、曲晓辉、洪波、
王安建为公司第九届董事会独立董事候选人，并同意将上述提名事项
提交公司董事会审议。

                   紫金矿业集团股份有限公司
                    董事会提名与薪酬委员会
                      2025 年 11 月 28 日

               2",ok,,,,agent_preflight
601899,紫金矿业集团股份有限公司关于修订《公司章程》的公告,,2025-11-29 00:00:00,https://www.cninfo.com.cn/new/disclosure/detail?annoId=1224836775,1224836775,finalpage/2025-11-29/1224836775.PDF,https://static.cninfo.com.cn/finalpage/2025-11-29/1224836775.PDF,PDF,103,"证券代码：601899          股票简称：紫金矿业              编号：临 2025-094

                 紫金矿业集团股份有限公司
                关于修订《公司章程》的公告

   本公司董事会及全体董事保证本公告内容不存在任何虚假记载、误导性陈述

或者重大遗漏，并对其内容的真实性、准确性和完整性承担法律责任。

   2025 年 11 月 28 日，紫金矿业集团股份有限公司（以下简称“公司”）第八届

董事会 2025 年第 18 次临时会议审议通过了《关于修订<公司章程>的议案》,现将

有关情况公告如下：

   一、取消公司监事会的情况

   根据《公司法》《上市公司章程指引》《关于新<公司法>配套制度规则实施相

关过渡期安排》等相关法律法规、规范性文件的规定，结合公司实际情况，公司

拟不再设置监事会，
        《公司法》规定的监事会法定职权由董事会审计与监督委员会

行使。

   公司现任监事的职务自股东会审议通过该议案之日起自然免除。在此之前，

公司第八届监事会仍将继续按照法律法规的有关规定履行监事会职责。

   二、变更公司章程所载注册资本的情况

   公司已分别于 2023 年 2 月 17 日、2024 年 1 月 12 日、2024 年 11 月 17 日和

2025 年 10 月 17 日决定回购注销 2020 年限制性股票激励计划部分激励对象合计

253.91 万股已获授但尚未解除限售的限制性股票，具体内容详见公司分别于 2023

年 2 月 20 日（编号：临 2023-025）、2024 年 1 月 13 日（编号：临 2024-007）、2024

年 11 月 18 日（编号：临 2024-065）、2025 年 10 月 18 日（编号：临 2025-085）

和 2025 年 10 月 31 日（编号：临 2025-092）披露的公告。此外，公司已于 2024

年 6 月 25 日完成 251,900,000 股新 H 股配售，具体内容详见公司于 2024 年 6 月

                              1
26 日（编号：临 2024-043）披露的公告。

   上 述 股 份 变 动 完 成 后 ， 公 司 股 份 总 数 由 26,328,172,240 股 变 更 为

26,577,533,140 股 ， 注 册 资 本 由 人 民 币 2,632,817,224 元 变 更 为 人 民 币

2,657,753,314 元。

   三、修订《公司章程》的情况

   根据有关法律、行政法规、中国证监会部门规章和《上市公司章程指引》
                                  《上

市公司股东会规则》等规范性文件，以及公司股票上市地证券交易所相关监管规

则，结合公司具有紫金特色的优秀实践，公司拟对《公司章程》进行修订。

   鉴于本次修订以中国证监会《上市公司章程指引》为蓝本，调整幅度较大，

公司拟提交修订后的《公司章程》全文供股东会审议，不再单独出具修正案。除

根据最新监管规则所作的适应性调整外，涉及公司治理架构的核心修订要点如下：

   （一）取消监事会

   根据监管新规，公司将取消监事会，其法定职权由董事会审计与监督委员会

承接并行使。

   （二）扩编董事会，聘任终身荣誉董事长

   董事会席位由 13 名增至 15 名：新增 1 名职工董事（执行董事）及 1 名独立

董事，扩编后的董事会由 7 名执行董事、1 名非执行董事、7 名独立董事组成，并

明确其中 1 名独立董事担任首席独立董事。为表彰公司创始人陈景河先生对公司

发展作出的重大贡献，公司拟聘任陈景河先生为终身荣誉董事长。

   （三）新增高级管理人员职位

   根据公司经营管理需要，新设常务副总裁、联席财务总监职务；调整后的高

级管理人员包括：总裁、常务副总裁、副总裁、财务总监及联席财务总监、董事

会秘书、总工程师。

   特此公告。

                                         紫金矿业集团股份有限公司

                                                董   事   会

                              2
    二〇二五年十一月二十九日

3",ok,,,,agent_preflight
601899,紫金矿业H股市场公告,,2025-12-02 00:00:00,https://www.cninfo.com.cn/new/disclosure/detail?annoId=1224840101,1224840101,finalpage/2025-12-02/1224840101.PDF,https://static.cninfo.com.cn/finalpage/2025-12-02/1224840101.PDF,PDF,145,"FF301

股份發行人及根據《上市規則》第十九B章上市的香港預託證券發行人的證券變動月報表

截至月份:          2025年11月30日                                                            狀態: 新提交

致：香港交易及結算所有限公司

公司名稱:          紫金礦業集團股份有限公司

呈交日期:          2025年12月1日

I. 法定/註冊股本變動

1. 股份分類        普通股            股份類別         A                        於香港聯交所上市 (註1)       否

證券代號 (如上市)     601899         說明
                              法定/註冊股份數目                        面值                            法定/註冊股本

上月底結存                                20,591,232,240 RMB                     0.1 RMB                         2,059,123,224

增加 / 減少 (-)                                      0                             RMB                                         0

本月底結存                                20,591,232,240 RMB                     0.1 RMB                         2,059,123,224

2. 股份分類        普通股            股份類別         H                        於香港聯交所上市 (註1)       是

證券代號 (如上市)     02899          說明
                              法定/註冊股份數目                        面值                            法定/註冊股本

上月底結存                                 5,736,940,000 RMB                     0.1 RMB                          573,694,000

增加 / 減少 (-)                                      0                             RMB                                         0

本月底結存                                 5,736,940,000 RMB                     0.1 RMB                          573,694,000

                                                     本月底法定/註冊股本總額： RMB                      2,632,817,224

                                               第 1 頁 共 10 頁                                                      v 1.1.1
                                                                                                      FF301

II. 已發行股份及/或庫存股份變動

1. 股份分類       普通股            股份類別          A                       於香港聯交所上市 (註1)   否

證券代號 (如上市)    601899         說明
                       已發行股份（不包括庫存股份）數目                       庫存股份數目                   已發行股份總數

上月底結存                               20,588,733,940                          0                    20,588,733,940

增加 / 減少 (-)                                -30,600                          0

本月底結存                               20,588,703,340                          0                    20,588,703,340

2. 股份分類       普通股            股份類別          H                       於香港聯交所上市 (註1)   是

證券代號 (如上市)    02899          說明
                       已發行股份（不包括庫存股份）數目                       庫存股份數目                   已發行股份總數

上月底結存                                5,988,840,000                          0                     5,988,840,000

增加 / 減少 (-)                                     0                           0

本月底結存                                5,988,840,000                          0                     5,988,840,000

                                               第 2 頁 共 10 頁                                            v 1.1.1
                                                                                                                                          FF301

III.已發行股份及/或庫存股份變動詳情

 (A). 股份期權（根據發行人的股份期權計劃）

1. 股份分類                 普通股                   股份類別        A                          於香港聯交所上市 (註1)                    否

證券代號(如上市)               601899                說明
                                                                                                                                    本月底可於所有根據計劃
                      上月底結存的股份期權數                             本月底結存的股份期權數          本月內因此發行的新股數   本月内因此自庫存轉讓的    本月底因此可能發行或自         授出的股份期權予以行使
      股份期權計劃詳情                                本月內變動
                           目                                       目                   目 (A1)     庫存股份數目 (A2)    庫存轉讓的股份數目          時發行或自庫存轉讓的股
                                                                                                                                        份總數

1).   2023年股票期權激勵計劃              39,300,000                           39,300,000 ",ok,,,,agent_preflight
601899,紫金矿业集团股份有限公司关于2020年限制性股票激励计划预留授予部分第三个解除限售期解除限售暨上市的公告,,2025-12-03 00:00:00,https://www.cninfo.com.cn/new/disclosure/detail?annoId=1224844379,1224844379,finalpage/2025-12-03/1224844379.PDF,https://static.cninfo.com.cn/finalpage/2025-12-03/1224844379.PDF,PDF,121,,,,,,agent_preflight
601899,紫金矿业集团股份有限公司关于2023年股票期权激励计划第一个行权期自主行权实施公告,,2025-12-03 00:00:00,https://www.cninfo.com.cn/new/disclosure/detail?annoId=1224844378,1224844378,finalpage/2025-12-03/1224844378.PDF,https://static.cninfo.com.cn/finalpage/2025-12-03/1224844378.PDF,PDF,120,,,,,,agent_preflight
601899,紫金矿业集团股份有限公司第八届董事会临时会议决议公告,,2025-12-10 00:00:00,https://www.cninfo.com.cn/new/disclosure/detail?annoId=1224862124,1224862124,finalpage/2025-12-10/1224862124.PDF,https://static.cninfo.com.cn/finalpage/2025-12-10/1224862124.PDF,PDF,151,,,,,,agent_preflight
601899,紫金矿业集团股份有限公司独立董事提名人和候选人声明公告（更新版）,,2025-12-10 00:00:00,https://www.cninfo.com.cn/new/disclosure/detail?annoId=1224862079,1224862079,finalpage/2025-12-10/1224862079.PDF,https://static.cninfo.com.cn/finalpage/2025-12-10/1224862079.PDF,PDF,201,,,,,,agent_preflight
601899,紫金矿业集团股份有限公司关于召开2025年第二次临时股东会的通知,,2025-12-13 00:00:00,https://www.cninfo.com.cn/new/disclosure/detail?annoId=1224873064,1224873064,finalpage/2025-12-13/1224873064.PDF,https://static.cninfo.com.cn/finalpage/2025-12-13/1224873064.PDF,PDF,169,,,,,,agent_preflight
601899,紫金矿业集团股份有限公司股权激励限制性股票回购注销实施公告,,2025-12-16 00:00:00,https://www.cninfo.com.cn/new/disclosure/detail?annoId=1224877975,1224877975,finalpage/2025-12-16/1224877975.PDF,https://static.cninfo.com.cn/finalpage/2025-12-16/1224877975.PDF,PDF,135,,,,,,agent_preflight
601899,紫金矿业集团股份有限公司2025年第二次临时股东会会议材料,,2025-12-24 00:00:00,https://www.cninfo.com.cn/new/disclosure/detail?annoId=1224893996,1224893996,finalpage/2025-12-24/1224893996.PDF,https://static.cninfo.com.cn/finalpage/2025-12-24/1224893996.PDF,PDF,530,,,,,,agent_preflight
601899,紫金矿业集团股份有限公司关于选举职工董事的公告,,2025-12-30 00:00:00,https://www.cninfo.com.cn/new/disclosure/detail?annoId=1224904427,1224904427,finalpage/2025-12-30/1224904427.PDF,https://static.cninfo.com.cn/finalpage/2025-12-30/1224904427.PDF,PDF,98,,,,,,agent_preflight
601899,紫金矿业集团股份有限公司2025年度业绩预增公告,,2025-12-31 00:00:00,https://www.cninfo.com.cn/new/disclosure/detail?annoId=1224910535,1224910535,finalpage/2025-12-31/1224910535.PDF,https://static.cninfo.com.cn/finalpage/2025-12-31/1224910535.PDF,PDF,58,,,,,,agent_preflight
601899,紫金矿业集团股份有限公司2025年第二次临时股东会决议公告,,2026-01-01 00:00:00,https://www.cninfo.com.cn/new/disclosure/detail?annoId=1224914995,1224914995,finalpage/2026-01-01/1224914995.PDF,https://static.cninfo.com.cn/finalpage/2026-01-01/1224914995.PDF,PDF,132,,,,,,agent_preflight
601899,紫金矿业集团股份有限公司章程（2025年12月31日）,,2026-01-01 00:00:00,https://www.cninfo.com.cn/new/disclosure/detail?annoId=1224914993,1224914993,finalpage/2026-01-01/1224914993.PDF,https://static.cninfo.com.cn/finalpage/2026-01-01/1224914993.PDF,PDF,985,,,,,,agent_preflight
601899,紫金矿业集团股份有限公司第九届董事会第一次会议决议公告,,2026-01-01 00:00:00,https://www.cninfo.com.cn/new/disclosure/detail?annoId=1224914992,1224914992,finalpage/2026-01-01/1224914992.PDF,https://static.cninfo.com.cn/finalpage/2026-01-01/1224914992.PDF,PDF,147,,,,,,agent_preflight
601899,福建至理律师事务所关于紫金矿业集团股份有限公司2025年第二次临时股东会的法律意见书,,2026-01-01 00:00:00,https://www.cninfo.com.cn/new/disclosure/detail?annoId=1224914991,1224914991,finalpage/2026-01-01/1224914991.PDF,https://static.cninfo.com.cn/finalpage/2026-01-01/1224914991.PDF,PDF,282,,,,,,agent_preflight
601899,紫金矿业集团股份有限公司关于2023年股票期权激励计划第一个行权期自主行权实施结果暨股份变动公告,,2026-01-06 00:00:00,https://www.cninfo.com.cn/new/disclosure/detail?annoId=1224919877,1224919877,finalpage/2026-01-06/1224919877.PDF,https://static.cninfo.com.cn/finalpage/2026-01-06/1224919877.PDF,PDF,134,,,,,,agent_preflight
601899,紫金矿业H股市场公告,,2026-01-06 00:00:00,https://www.cninfo.com.cn/new/disclosure/detail?annoId=1224919815,1224919815,finalpage/2026-01-06/1224919815.PDF,https://static.cninfo.com.cn/finalpage/2026-01-06/1224919815.PDF,PDF,149,,,,,,agent_preflight
601899,紫金矿业H股市场公告,,2026-01-09 00:00:00,https://www.cninfo.com.cn/new/disclosure/detail?annoId=1224925644,1224925644,finalpage/2026-01-09/1224925644.PDF,https://static.cninfo.com.cn/finalpage/2026-01-09/1224925644.PDF,PDF,241,,,,,,agent_preflight
601899,紫金矿业集团股份有限公司关于2026年度套期保值业务的公告,,2026-01-15 00:00:00,https://www.cninfo.com.cn/new/disclosure/detail?annoId=1224934785,1224934785,finalpage/2026-01-15/1224934785.PDF,https://static.cninfo.com.cn/finalpage/2026-01-15/1224934785.PDF,PDF,125,,,,,,agent_preflight
601899,紫金矿业集团股份有限公司董事会会议提案管理规定,,2026-01-15 00:00:00,https://www.cninfo.com.cn/new/disclosure/detail?annoId=1224934784,1224934784,finalpage/2026-01-15/1224934784.PDF,https://static.cninfo.com.cn/finalpage/2026-01-15/1224934784.PDF,PDF,238,,,,,,agent_preflight
601899,紫金矿业集团股份有限公司董事会审计与监督委员会工作细则,,2026-01-15 00:00:00,https://www.cninfo.com.cn/new/disclosure/detail?annoId=1224934783,1224934783,finalpage/2026-01-15/1224934783.PDF,https://static.cninfo.com.cn/finalpage/2026-01-15/1224934783.PDF,PDF,289,,,,,,agent_preflight
601899,紫金矿业集团股份有限公司关于2026年度委托理财的公告,,2026-01-15 00:00:00,https://www.cninfo.com.cn/new/disclosure/detail?annoId=1224934782,1224934782,finalpage/2026-01-15/1224934782.PDF,https://static.cninfo.com.cn/finalpage/2026-01-15/1224934782.PDF,PDF,116,,,,,,agent_preflight
601899,紫金矿业集团股份有限公司董事会提名与薪酬委员会工作细则,,2026-01-15 00:00:00,https://www.cninfo.com.cn/new/disclosure/detail?annoId=1224934781,1224934781,finalpage/2026-01-15/1224934781.PDF,https://static.cninfo.com.cn/finalpage/2026-01-15/1224934781.PDF,PDF,304,,,,,,agent_preflight
601899,紫金矿业集团股份有限公司董事会战略与可持续发展（ESG）委员会工作细则,,2026-01-15 00:00:00,https://www.cninfo.com.cn/new/disclosure/detail?annoId=1224934780,1224934780,finalpage/2026-01-15/1224934780.PDF,https://static.cninfo.com.cn/finalpage/2026-01-15/1224934780.PDF,PDF,359,,,,,,agent_preflight
601899,紫金矿业集团股份有限公司董事会执行与投资委员会工作细则,,2026-01-15 00:00:00,https://www.cninfo.com.cn/new/disclosure/detail?annoId=1224934779,1224934779,finalpage/2026-01-15/1224934779.PDF,https://static.cninfo.com.cn/finalpage/2026-01-15/1224934779.PDF,PDF,194,,,,,,agent_preflight
601899,紫金矿业集团股份有限公司第九届董事会临时会议决议公告,,2026-01-15 00:00:00,https://www.cninfo.com.cn/new/disclosure/detail?annoId=1224934778,1224934778,finalpage/2026-01-15/1224934778.PDF,https://static.cninfo.com.cn/finalpage/2026-01-15/1224934778.PDF,PDF,112,,,,,,agent_preflight
601899,紫金矿业集团股份有限公司董事和高级管理人员离职管理制度,,2026-01-15 00:00:00,https://www.cninfo.com.cn/new/disclosure/detail?annoId=1224934777,1224934777,finalpage/2026-01-15/1224934777.PDF,https://static.cninfo.com.cn/finalpage/2026-01-15/1224934777.PDF,PDF,198,,,,,,agent_preflight
601899,紫金矿业集团股份有限公司关于签署沙坪沟钼矿项目合作及股权转让协议的公告,,2026-01-16 00:00:00,https://www.cninfo.com.cn/new/disclosure/detail?annoId=1224935832,1224935832,finalpage/2026-01-16/1224935832.PDF,https://static.cninfo.com.cn/finalpage/2026-01-16/1224935832.PDF,PDF,111,,,,,,agent_preflight
601899,紫金矿业集团股份有限公司关于巨龙铜矿二期工程建成投产的公告,,2026-01-24 00:00:00,https://www.cninfo.com.cn/new/disclosure/detail?annoId=1224948177,1224948177,finalpage/2026-01-24/1224948177.PDF,https://static.cninfo.com.cn/finalpage/2026-01-24/1224948177.PDF,PDF,92,,,,,,agent_preflight
601899,紫金矿业集团股份有限公司关于拟收购Allied Gold Corporation 100%股权的公告,,2026-01-27 00:00:00,https://www.cninfo.com.cn/new/disclosure/detail?annoId=1224951157,1224951157,finalpage/2026-01-27/1224951157.PDF,https://static.cninfo.com.cn/finalpage/2026-01-27/1224951157.PDF,PDF,243,,,,,,agent_preflight
601899,紫金矿业集团股份有限公司关于根据一般性授权拟发行15亿美元零息可转换公司债券的公告,,2026-01-30 00:00:00,https://www.cninfo.com.cn/new/disclosure/detail?annoId=1224957529,1224957529,finalpage/2026-01-30/1224957529.PDF,https://static.cninfo.com.cn/finalpage/2026-01-30/1224957529.PDF,PDF,233,,,,,,agent_preflight
601899,紫金矿业集团股份有限公司关于2023年股票期权激励计划第一个行权期自主行权结果暨股份变动月度公告,,2026-02-04 00:00:00,https://www.cninfo.com.cn/new/disclosure/detail?annoId=1224965300,1224965300,finalpage/2026-02-04/1224965300.PDF,https://static.cninfo.com.cn/finalpage/2026-02-04/1224965300.PDF,PDF,133,,,,,,agent_preflight
601899,紫金矿业H股市场公告,,2026-02-04 00:00:00,https://www.cninfo.com.cn/new/disclosure/detail?annoId=1224965070,1224965070,finalpage/2026-02-04/1224965070.PDF,https://static.cninfo.com.cn/finalpage/2026-02-04/1224965070.PDF,PDF,153,,,,,,agent_preflight
601899,紫金矿业集团股份有限公司关于为全资子公司提供担保的实施公告,,2026-02-06 00:00:00,https://www.cninfo.com.cn/new/disclosure/detail?annoId=1224968955,1224968955,finalpage/2026-02-06/1224968955.PDF,https://static.cninfo.com.cn/finalpage/2026-02-06/1224968955.PDF,PDF,120,,,,,,agent_preflight
601899,紫金矿业集团股份有限公司关于15亿美元零息可转换公司债券发行完成的公告,,2026-02-06 00:00:00,https://www.cninfo.com.cn/new/disclosure/detail?annoId=1224968949,1224968949,finalpage/2026-02-06/1224968949.PDF,https://static.cninfo.com.cn/finalpage/2026-02-06/1224968949.PDF,PDF,101,,,,,,agent_preflight
601899,紫金矿业集团股份有限公司关于三年（2026-2028年）主要矿产品产量规划和2035年远景目标纲要的公告,,2026-02-09 00:00:00,https://www.cninfo.com.cn/new/disclosure/detail?annoId=1224972233,1224972233,finalpage/2026-02-09/1224972233.PDF,https://static.cninfo.com.cn/finalpage/2026-02-09/1224972233.PDF,PDF,141,,,,,,agent_preflight
601899,紫金矿业集团股份有限公司关于2023年股票期权激励计划第一个行权期自主行权结果暨股份变动月度公告,,2026-03-03 00:00:00,https://www.cninfo.com.cn/new/disclosure/detail?annoId=1224992174,1224992174,finalpage/2026-03-03/1224992174.PDF,https://static.cninfo.com.cn/finalpage/2026-03-03/1224992174.PDF,PDF,133,,,,,,agent_preflight
601899,紫金矿业H股市场公告,,2026-03-03 00:00:00,https://www.cninfo.com.cn/new/disclosure/detail?annoId=1224991243,1224991243,finalpage/2026-03-03/1224991243.PDF,https://static.cninfo.com.cn/finalpage/2026-03-03/1224991243.PDF,PDF,154,,,,,,agent_preflight
601899,紫金矿业集团股份有限公司关于全资子公司与专业投资机构共同投资的公告,,2026-03-13 00:00:00,https://www.cninfo.com.cn/new/disclosure/detail?annoId=1225007115,1225007115,finalpage/2026-03-13/1225007115.PDF,https://static.cninfo.com.cn/finalpage/2026-03-13/1225007115.PDF,PDF,130,,,,,,agent_preflight
601899,紫金矿业集团股份有限公司关于召开2025年度业绩说明会的公告,,2026-03-14 00:00:00,https://www.cninfo.com.cn/new/disclosure/detail?annoId=1225008174,1225008174,finalpage/2026-03-14/1225008174.PDF,https://static.cninfo.com.cn/finalpage/2026-03-14/1225008174.PDF,PDF,110,,,,,,agent_preflight
601899,紫金矿业集团股份有限公司关于续聘会计师事务所的公告,,2026-03-21 00:00:00,https://www.cninfo.com.cn/new/disclosure/detail?annoId=1225023679,1225023679,finalpage/2026-03-21/1225023679.PDF,https://static.cninfo.com.cn/finalpage/2026-03-21/1225023679.PDF,PDF,117,,,,,,agent_preflight
601899,紫金矿业集团股份有限公司涉及财务公司关联交易的存贷款等金融业务的专项说明,,2026-03-21 00:00:00,https://www.cninfo.com.cn/new/disclosure/detail?annoId=1225023678,1225023678,finalpage/2026-03-21/1225023678.PDF,https://static.cninfo.com.cn/finalpage/2026-03-21/1225023678.PDF,PDF,5397,,,,,,agent_preflight
601899,紫金矿业集团股份有限公司2025年年度报告摘要,,2026-03-21 00:00:00,https://www.cninfo.com.cn/new/disclosure/detail?annoId=1225023677,1225023677,finalpage/2026-03-21/1225023677.PDF,https://static.cninfo.com.cn/finalpage/2026-03-21/1225023677.PDF,PDF,309,,,,,,agent_preflight
601899,紫金矿业集团股份有限公司第九届董事会第二次会议决议公告,,2026-03-21 00:00:00,https://www.cninfo.com.cn/new/disclosure/detail?annoId=1225023676,1225023676,finalpage/2026-03-21/1225023676.PDF,https://static.cninfo.com.cn/finalpage/2026-03-21/1225023676.PDF,PDF,131,,,,,,agent_preflight
601899,紫金矿业集团股份有限公司第八届董事会审计与内控委员会2025年度对会计师事务所履行监督职责情况的报告,,2026-03-21 00:00:00,https://www.cninfo.com.cn/new/disclosure/detail?annoId=1225023675,1225023675,finalpage/2026-03-21/1225023675.PDF,https://static.cninfo.com.cn/finalpage/2026-03-21/1225023675.PDF,PDF,205,,,,,,agent_preflight
601899,紫金矿业集团股份有限公司关于控股子公司紫金矿业集团财务有限公司的风险持续评估报告,,2026-03-21 00:00:00,https://www.cninfo.com.cn/new/disclosure/detail?annoId=1225023674,1225023674,finalpage/2026-03-21/1225023674.PDF,https://static.cninfo.com.cn/finalpage/2026-03-21/1225023674.PDF,PDF,275,,,,,,agent_preflight
601899,紫金矿业集团股份有限公司2025年年度审计报告,,2026-03-21 00:00:00,https://www.cninfo.com.cn/new/disclosure/detail?annoId=1225023673,1225023673,finalpage/2026-03-21/1225023673.PDF,https://static.cninfo.com.cn/finalpage/2026-03-21/1225023673.PDF,PDF,16458,,,,,,agent_preflight
601899,紫金矿业集团股份有限公司2025年度募集资金存放、管理与实际使用情况的专项报告,,2026-03-21 00:00:00,https://www.cninfo.com.cn/new/disclosure/detail?annoId=1225023672,1225023672,finalpage/2026-03-21/1225023672.PDF,https://static.cninfo.com.cn/finalpage/2026-03-21/1225023672.PDF,PDF,343,,,,,,agent_preflight
601899,紫金矿业集团股份有限公司2025年度内部控制审计报告,,2026-03-21 00:00:00,https://www.cninfo.com.cn/new/disclosure/detail?annoId=1225023671,1225023671,finalpage/2026-03-21/1225023671.PDF,https://static.cninfo.com.cn/finalpage/2026-03-21/1225023671.PDF,PDF,4882,,,,,,agent_preflight
601899,紫金矿业集团股份有限公司2026年度担保计划的公告,,2026-03-21 00:00:00,https://www.cninfo.com.cn/new/disclosure/detail?annoId=1225023670,1225023670,finalpage/2026-03-21/1225023670.PDF,https://static.cninfo.com.cn/finalpage/2026-03-21/1225023670.PDF,PDF,150,,,,,,agent_preflight
601899,紫金矿业集团股份有限公司2025年度利润分配方案公告,,2026-03-21 00:00:00,https://www.cninfo.com.cn/new/disclosure/detail?annoId=1225023669,1225023669,finalpage/2026-03-21/1225023669.PDF,https://static.cninfo.com.cn/finalpage/2026-03-21/1225023669.PDF,PDF,99,,,,,,agent_preflight
601899,紫金矿业集团股份有限公司信息披露暂缓与豁免事务管理制度,,2026-03-21 00:00:00,https://www.cninfo.com.cn/new/disclosure/detail?annoId=1225023668,1225023668,finalpage/2026-03-21/1225023668.PDF,https://static.cninfo.com.cn/finalpage/2026-03-21/1225023668.PDF,PDF,200,,,,,,agent_preflight
601899,紫金矿业集团股份有限公司2025年度会计师事务所履职情况评估报告,,2026-03-21 00:00:00,https://www.cninfo.com.cn/new/disclosure/detail?annoId=1225023667,1225023667,finalpage/2026-03-21/1225023667.PDF,https://static.cninfo.com.cn/finalpage/2026-03-21/1225023667.PDF,PDF,288,,,,,,agent_preflight
601899,紫金矿业集团股份有限公司第八届独立董事2025年度述职报告（孙文德）,,2026-03-21 00:00:00,https://www.cninfo.com.cn/new/disclosure/detail?annoId=1225023666,1225023666,finalpage/2026-03-21/1225023666.PDF,https://static.cninfo.com.cn/finalpage/2026-03-21/1225023666.PDF,PDF,337,,,,,,agent_preflight
601899,紫金矿业集团股份有限公司董事会关于独立董事独立性情况评估的专项意见,,2026-03-21 00:00:00,https://www.cninfo.com.cn/new/disclosure/detail?annoId=1225023665,1225023665,finalpage/2026-03-21/1225023665.PDF,https://static.cninfo.com.cn/finalpage/2026-03-21/1225023665.PDF,PDF,109,,,,,,agent_preflight
601899,紫金矿业集团股份有限公司2025年度内部控制评价报告,,2026-03-21 00:00:00,https://www.cninfo.com.cn/new/disclosure/detail?annoId=1225023664,1225023664,finalpage/2026-03-21/1225023664.PDF,https://static.cninfo.com.cn/finalpage/2026-03-21/1225023664.PDF,PDF,173,,,,,,agent_preflight
601899,紫金矿业集团股份有限公司第八届独立董事2025年度述职报告（何福龙）,,2026-03-21 00:00:00,https://www.cninfo.com.cn/new/disclosure/detail?annoId=1225023663,1225023663,finalpage/2026-03-21/1225023663.PDF,https://static.cninfo.com.cn/finalpage/2026-03-21/1225023663.PDF,PDF,323,,,,,,agent_preflight
601899,德勤华永会计师事务所（特殊普通合伙）关于紫金矿业集团股份有限公司非经营性资金占用及其他关联资金往来情况汇总表的专项审计报告,,2026-03-21 00:00:00,https://www.cninfo.com.cn/new/disclosure/detail?annoId=1225023662,1225023662,finalpage/2026-03-21/1225023662.PDF,https://static.cninfo.com.cn/finalpage/2026-03-21/1225023662.PDF,PDF,474,,,,,,agent_preflight
601899,紫金矿业集团股份有限公司关于子公司开展期货及衍生品交易的公告,,2026-03-21 00:00:00,https://www.cninfo.com.cn/new/disclosure/detail?annoId=1225023661,1225023661,finalpage/2026-03-21/1225023661.PDF,https://static.cninfo.com.cn/finalpage/2026-03-21/1225023661.PDF,PDF,117,,,,,,agent_preflight
601899,紫金矿业集团股份有限公司第八届独立董事2025年度述职报告（薄少川）,,2026-03-21 00:00:00,https://www.cninfo.com.cn/new/disclosure/detail?annoId=1225023660,1225023660,finalpage/2026-03-21/1225023660.PDF,https://static.cninfo.com.cn/finalpage/2026-03-21/1225023660.PDF,PDF,347,,,,,,agent_preflight
601899,紫金矿业集团股份有限公司第八届董事会审计与内控委员会2025年度履职情况报告,,2026-03-21 00:00:00,https://www.cninfo.com.cn/new/disclosure/detail?annoId=1225023659,1225023659,finalpage/2026-03-21/1225023659.PDF,https://static.cninfo.com.cn/finalpage/2026-03-21/1225023659.PDF,PDF,197,,,,,,agent_preflight
601899,紫金矿业集团股份有限公司2025年年度报告,,2026-03-21 00:00:00,https://www.cninfo.com.cn/new/disclosure/detail?annoId=1225023658,1225023658,finalpage/2026-03-21/1225023658.PDF,https://static.cninfo.com.cn/finalpage/2026-03-21/1225023658.PDF,PDF,78054,,,,,,agent_preflight
601899,紫金矿业集团股份有限公司2025年度可持续发展报告摘要,,2026-03-21 00:00:00,https://www.cninfo.com.cn/new/disclosure/detail?annoId=1225023657,1225023657,finalpage/2026-03-21/1225023657.PDF,https://static.cninfo.com.cn/finalpage/2026-03-21/1225023657.PDF,PDF,176,,,,,,agent_preflight
601899,紫金矿业集团股份有限公司第八届独立董事2025年度述职报告（吴小敏）,,2026-03-21 00:00:00,https://www.cninfo.com.cn/new/disclosure/detail?annoId=1225023656,1225023656,finalpage/2026-03-21/1225023656.PDF,https://static.cninfo.com.cn/finalpage/2026-03-21/1225023656.PDF,PDF,347,,,,,,agent_preflight
601899,紫金矿业集团股份有限公司2025年度募集资金存放、管理与实际使用情况审核报告,,2026-03-21 00:00:00,https://www.cninfo.com.cn/new/disclosure/detail?annoId=1225023655,1225023655,finalpage/2026-03-21/1225023655.PDF,https://static.cninfo.com.cn/finalpage/2026-03-21/1225023655.PDF,PDF,5595,,,,,,agent_preflight
601899,紫金矿业集团股份有限公司关于以集中竞价方式回购A股股份方案的公告暨回购报告书,,2026-03-21 00:00:00,https://www.cninfo.com.cn/new/disclosure/detail?annoId=1225023654,1225023654,finalpage/2026-03-21/1225023654.PDF,https://static.cninfo.com.cn/finalpage/2026-03-21/1225023654.PDF,PDF,180,,,,,,agent_preflight
601899,紫金矿业集团股份有限公司2025年度可持续发展报告,,2026-03-21 00:00:00,https://www.cninfo.com.cn/new/disclosure/detail?annoId=1225023653,1225023653,finalpage/2026-03-21/1225023653.PDF,https://static.cninfo.com.cn/finalpage/2026-03-21/1225023653.PDF,PDF,54840,,,,,,agent_preflight
601899,兴业证券股份有限公司关于紫金矿业集团股份有限公司2025年度募集资金存放、管理与使用情况的核查意见,,2026-03-21 00:00:00,https://www.cninfo.com.cn/new/disclosure/detail?annoId=1225023652,1225023652,finalpage/2026-03-21/1225023652.PDF,https://static.cninfo.com.cn/finalpage/2026-03-21/1225023652.PDF,PDF,609,,,,,,agent_preflight
601899,紫金矿业集团股份有限公司第八届独立董事2025年度述职报告（李常青）,,2026-03-21 00:00:00,https://www.cninfo.com.cn/new/disclosure/detail?annoId=1225023651,1225023651,finalpage/2026-03-21/1225023651.PDF,https://static.cninfo.com.cn/finalpage/2026-03-21/1225023651.PDF,PDF,325,,,,,,agent_preflight
601899,紫金矿业集团股份有限公司关于开展期货和衍生品业务的可行性分析报告,,2026-03-21 00:00:00,https://www.cninfo.com.cn/new/disclosure/detail?annoId=1225023650,1225023650,finalpage/2026-03-21/1225023650.PDF,https://static.cninfo.com.cn/finalpage/2026-03-21/1225023650.PDF,PDF,190,,,,,,agent_preflight
601899,紫金矿业集团股份有限公司第八届独立董事2025年度述职报告（毛景文）,,2026-03-21 00:00:00,https://www.cninfo.com.cn/new/disclosure/detail?annoId=1225023649,1225023649,finalpage/2026-03-21/1225023649.PDF,https://static.cninfo.com.cn/finalpage/2026-03-21/1225023649.PDF,PDF,309,,,,,,agent_preflight
601899,紫金矿业集团股份有限公司内部审计管理制度,,2026-03-21 00:00:00,https://www.cninfo.com.cn/new/disclosure/detail?annoId=1225023648,1225023648,finalpage/2026-03-21/1225023648.PDF,https://static.cninfo.com.cn/finalpage/2026-03-21/1225023648.PDF,PDF,273,,,,,,agent_preflight
601899,紫金矿业集团股份有限公司关于拟通过协议收购A股和认购定向增发H股的方式获得赤峰吉隆黄金矿业股份有限公司控制权的公告,,2026-03-23 00:00:00,https://www.cninfo.com.cn/new/disclosure/detail?annoId=1225024230,1225024230,finalpage/2026-03-23/1225024230.PDF,https://static.cninfo.com.cn/finalpage/2026-03-23/1225024230.PDF,PDF,263,,,,,,agent_preflight
601899,紫金矿业集团股份有限公司关于以集中竞价交易方式首次回购公司A股股份的公告,,2026-03-24 00:00:00,https://www.cninfo.com.cn/new/disclosure/detail?annoId=1225025170,1225025170,finalpage/2026-03-24/1225025170.PDF,https://static.cninfo.com.cn/finalpage/2026-03-24/1225025170.PDF,PDF,101,,,,,,agent_preflight
601899,紫金矿业集团股份有限公司关于回购A股股份事项前十名股东和前十名无限售条件股东持股情况的公告,,2026-03-25 00:00:00,https://www.cninfo.com.cn/new/disclosure/detail?annoId=1225027508,1225027508,finalpage/2026-03-25/1225027508.PDF,https://static.cninfo.com.cn/finalpage/2026-03-25/1225027508.PDF,PDF,111,,,,,,agent_preflight
601899,紫金矿业H股市场公告,,2026-04-02 00:00:00,https://www.cninfo.com.cn/new/disclosure/detail?annoId=1225071936,1225071936,finalpage/2026-04-02/1225071936.PDF,https://static.cninfo.com.cn/finalpage/2026-04-02/1225071936.PDF,PDF,158,,,,,,agent_preflight
601899,紫金矿业集团股份有限公司关于以集中竞价交易方式回购公司A股股份的进展公告,,2026-04-03 00:00:00,https://www.cninfo.com.cn/new/disclosure/detail?annoId=1225075988,1225075988,finalpage/2026-04-03/1225075988.PDF,https://static.cninfo.com.cn/finalpage/2026-04-03/1225075988.PDF,PDF,68,,,,,,agent_preflight
601899,紫金矿业集团股份有限公司关于2023年股票期权激励计划第一个行权期自主行权完毕暨股份变动公告,,2026-04-03 00:00:00,https://www.cninfo.com.cn/new/disclosure/detail?annoId=1225075985,1225075985,finalpage/2026-04-03/1225075985.PDF,https://static.cninfo.com.cn/finalpage/2026-04-03/1225075985.PDF,PDF,132,,,,,,agent_preflight
601899,中信证券股份有限公司关于紫金矿业集团股份有限公司分拆所属子公司紫金黄金国际有限公司境外上市之持续督导核查意见,,2026-04-04 00:00:00,https://www.cninfo.com.cn/new/disclosure/detail?annoId=1225078771,1225078771,finalpage/2026-04-04/1225078771.PDF,https://static.cninfo.com.cn/finalpage/2026-04-04/1225078771.PDF,PDF,222,,,,,,agent_preflight
601899,紫金矿业集团股份有限公司关于回购股份实施结果暨股份变动的公告,,2026-04-15 00:00:00,https://www.cninfo.com.cn/new/disclosure/detail?annoId=1225102175,1225102175,finalpage/2026-04-15/1225102175.PDF,https://static.cninfo.com.cn/finalpage/2026-04-15/1225102175.PDF,PDF,107,,,,,,agent_preflight
601899,紫金矿业集团股份有限公司证券违法违规行为内部问责制度,,2026-04-22 00:00:00,https://www.cninfo.com.cn/new/disclosure/detail?annoId=1225141516,1225141516,finalpage/2026-04-22/1225141516.PDF,https://static.cninfo.com.cn/finalpage/2026-04-22/1225141516.PDF,PDF,193,,,,,,agent_preflight
601899,紫金矿业集团股份有限公司未来三年（2026-2028年度）股东分红回报规划,,2026-04-22 00:00:00,https://www.cninfo.com.cn/new/disclosure/detail?annoId=1225141515,1225141515,finalpage/2026-04-22/1225141515.PDF,https://static.cninfo.com.cn/finalpage/2026-04-22/1225141515.PDF,PDF,107,,,,,,agent_preflight
601899,紫金矿业集团股份有限公司投资者关系管理制度,,2026-04-22 00:00:00,https://www.cninfo.com.cn/new/disclosure/detail?annoId=1225141513,1225141513,finalpage/2026-04-22/1225141513.PDF,https://static.cninfo.com.cn/finalpage/2026-04-22/1225141513.PDF,PDF,213,,,,,,agent_preflight
601899,紫金矿业集团股份有限公司信息披露管理办法,,2026-04-22 00:00:00,https://www.cninfo.com.cn/new/disclosure/detail?annoId=1225141512,1225141512,finalpage/2026-04-22/1225141512.PDF,https://static.cninfo.com.cn/finalpage/2026-04-22/1225141512.PDF,PDF,257,,,,,,agent_preflight
601899,紫金矿业集团股份有限公司市值管理制度,,2026-04-22 00:00:00,https://www.cninfo.com.cn/new/disclosure/detail?annoId=1225141511,1225141511,finalpage/2026-04-22/1225141511.PDF,https://static.cninfo.com.cn/finalpage/2026-04-22/1225141511.PDF,PDF,231,,,,,,agent_preflight
601899,紫金矿业集团股份有限公司总裁工作细则,,2026-04-22 00:00:00,https://www.cninfo.com.cn/new/disclosure/detail?annoId=1225141510,1225141510,finalpage/2026-04-22/1225141510.PDF,https://static.cninfo.com.cn/finalpage/2026-04-22/1225141510.PDF,PDF,193,,,,,,agent_preflight
601899,紫金矿业集团股份有限公司第九届董事会第三次会议决议公告,,2026-04-22 00:00:00,https://www.cninfo.com.cn/new/disclosure/detail?annoId=1225141509,1225141509,finalpage/2026-04-22/1225141509.PDF,https://static.cninfo.com.cn/finalpage/2026-04-22/1225141509.PDF,PDF,94,,,,,,agent_preflight
601899,紫金矿业集团股份有限公司2026年第一季度报告,,2026-04-22 00:00:00,https://www.cninfo.com.cn/new/disclosure/detail?annoId=1225141507,1225141507,finalpage/2026-04-22/1225141507.PDF,https://static.cninfo.com.cn/finalpage/2026-04-22/1225141507.PDF,PDF,200,,,,,,agent_preflight
601899,紫金矿业H股市场公告,,2026-04-28 00:00:00,https://www.cninfo.com.cn/new/disclosure/detail?annoId=1225201092,1225201092,finalpage/2026-04-28/1225201092.PDF,https://static.cninfo.com.cn/finalpage/2026-04-28/1225201092.PDF,PDF,9008,,,,,,agent_preflight
601899,紫金矿业H股市场公告,,2026-05-01 00:00:00,https://www.cninfo.com.cn/new/disclosure/detail?annoId=1225272773,1225272773,finalpage/2026-05-01/1225272773.PDF,https://static.cninfo.com.cn/finalpage/2026-05-01/1225272773.PDF,PDF,157,,,,,,agent_preflight
601899,紫金矿业集团股份有限公司第九届董事会临时会议决议公告,,2026-05-09 00:00:00,https://www.cninfo.com.cn/new/disclosure/detail?annoId=1225286410,1225286410,finalpage/2026-05-09/1225286410.PDF,https://static.cninfo.com.cn/finalpage/2026-05-09/1225286410.PDF,PDF,105,,,,,,agent_preflight
601899,紫金矿业集团股份有限公司九届二次职工（会员）代表大会决议公告,,2026-05-09 00:00:00,https://www.cninfo.com.cn/new/disclosure/detail?annoId=1225286409,1225286409,finalpage/2026-05-09/1225286409.PDF,https://static.cninfo.com.cn/finalpage/2026-05-09/1225286409.PDF,PDF,73,,,,,,agent_preflight
601899,紫金矿业集团股份有限公司2026年员工持股计划（草案）,,2026-05-09 00:00:00,https://www.cninfo.com.cn/new/disclosure/detail?annoId=1225286404,1225286404,finalpage/2026-05-09/1225286404.PDF,https://static.cninfo.com.cn/finalpage/2026-05-09/1225286404.PDF,PDF,253,,,,,,agent_preflight
601899,紫金矿业集团股份有限公司董事会提名与薪酬委员会关于公司2026年员工持股计划相关事项的核查意见,,2026-05-09 00:00:00,https://www.cninfo.com.cn/new/disclosure/detail?annoId=1225286353,1225286353,finalpage/2026-05-09/1225286353.PDF,https://static.cninfo.com.cn/finalpage/2026-05-09/1225286353.PDF,PDF,120,,,,,,agent_preflight
601899,紫金矿业集团股份有限公司董事会秘书管理制度,,2026-05-09 00:00:00,https://www.cninfo.com.cn/new/disclosure/detail?annoId=1225286352,1225286352,finalpage/2026-05-09/1225286352.PDF,https://static.cninfo.com.cn/finalpage/2026-05-09/1225286352.PDF,PDF,196,,,,,,agent_preflight
601899,紫金矿业集团股份有限公司2026年员工持股计划管理办法,,2026-05-09 00:00:00,https://www.cninfo.com.cn/new/disclosure/detail?annoId=1225286342,1225286342,finalpage/2026-05-09/1225286342.PDF,https://static.cninfo.com.cn/finalpage/2026-05-09/1225286342.PDF,PDF,146,,,,,,agent_preflight
601899,福建至理律师事务所关于紫金矿业集团股份有限公司2026年员工持股计划法律意见书,,2026-05-09 00:00:00,https://www.cninfo.com.cn/new/disclosure/detail?annoId=1225286337,1225286337,finalpage/2026-05-09/1225286337.PDF,https://static.cninfo.com.cn/finalpage/2026-05-09/1225286337.PDF,PDF,698,,,,,,agent_preflight
601899,紫金矿业集团股份有限公司2026年员工持股计划（草案）摘要,,2026-05-09 00:00:00,https://www.cninfo.com.cn/new/disclosure/detail?annoId=1225286335,1225286335,finalpage/2026-05-09/1225286335.PDF,https://static.cninfo.com.cn/finalpage/2026-05-09/1225286335.PDF,PDF,242,,,,,,agent_preflight
601899,紫金矿业集团股份有限公司关于召开2025年年度股东会的通知,,2026-05-16 00:00:00,https://www.cninfo.com.cn/new/disclosure/detail?annoId=1225309069,1225309069,finalpage/2026-05-16/1225309069.PDF,https://static.cninfo.com.cn/finalpage/2026-05-16/1225309069.PDF,PDF,203,,,,,,agent_preflight
601899,紫金矿业集团股份有限公司2025年年度股东会会议材料,,2026-05-27 00:00:00,https://www.cninfo.com.cn/new/disclosure/detail?annoId=1225331065,1225331065,finalpage/2026-05-27/1225331065.PDF,https://static.cninfo.com.cn/finalpage/2026-05-27/1225331065.PDF,PDF,2665,,,,,,agent_preflight
601899,紫金矿业H股市场公告,,2026-05-30 00:00:00,https://www.cninfo.com.cn/new/disclosure/detail?annoId=1225339211,1225339211,finalpage/2026-05-30/1225339211.PDF,https://static.cninfo.com.cn/finalpage/2026-05-30/1225339211.PDF,PDF,154,,,,,,agent_preflight
601899,紫金矿业集团股份有限公司关于调整2025年年度股东会现场会议召开地点的公告,,2026-06-03 00:00:00,https://www.cninfo.com.cn/new/disclosure/detail?annoId=1225347320,1225347320,finalpage/2026-06-03/1225347320.PDF,https://static.cninfo.com.cn/finalpage/2026-06-03/1225347320.PDF,PDF,82,,,,,,agent_preflight
601899,紫金矿业集团股份有限公司第九届董事会临时会议决议公告,,2026-06-06 00:00:00,https://www.cninfo.com.cn/new/disclosure/detail?annoId=1225355503,1225355503,finalpage/2026-06-06/1225355503.PDF,https://static.cninfo.com.cn/finalpage/2026-06-06/1225355503.PDF,PDF,92,,,,,,agent_preflight
601899,福建至理律师事务所关于紫金矿业集团股份有限公司2025年年度股东会的法律意见书,,2026-06-06 00:00:00,https://www.cninfo.com.cn/new/disclosure/detail?annoId=1225355500,1225355500,finalpage/2026-06-06/1225355500.PDF,https://static.cninfo.com.cn/finalpage/2026-06-06/1225355500.PDF,PDF,524,,,,,,agent_preflight
601899,紫金矿业集团股份有限公司2025年年度股东会决议公告,,2026-06-06 00:00:00,https://www.cninfo.com.cn/new/disclosure/detail?annoId=1225355497,1225355497,finalpage/2026-06-06/1225355497.PDF,https://static.cninfo.com.cn/finalpage/2026-06-06/1225355497.PDF,PDF,141,,,,,,agent_preflight
601899,紫金矿业集团股份有限公司债务融资工具信息披露事务管理制度,,2026-06-06 00:00:00,https://www.cninfo.com.cn/new/disclosure/detail?annoId=1225355495,1225355495,finalpage/2026-06-06/1225355495.PDF,https://static.cninfo.com.cn/finalpage/2026-06-06/1225355495.PDF,PDF,239,,,,,,agent_preflight
601899,紫金矿业集团股份有限公司内幕信息及知情人管理制度,,2026-06-06 00:00:00,https://www.cninfo.com.cn/new/disclosure/detail?annoId=1225355459,1225355459,finalpage/2026-06-06/1225355459.PDF,https://static.cninfo.com.cn/finalpage/2026-06-06/1225355459.PDF,PDF,322,,,,,,agent_preflight
601899,紫金矿业集团股份有限公司第九届董事会临时会议决议公告,,2026-06-09 00:00:00,https://www.cninfo.com.cn/new/disclosure/detail?annoId=1225357786,1225357786,finalpage/2026-06-09/1225357786.PDF,https://static.cninfo.com.cn/finalpage/2026-06-09/1225357786.PDF,PDF,87,,,,,,agent_preflight
601899,福建至理律师事务所关于紫金矿业集团股份有限公司差异化分红事项的法律意见书,,2026-06-22 00:00:00,https://www.cninfo.com.cn/new/disclosure/detail?annoId=1225379972,1225379972,finalpage/2026-06-22/1225379972.PDF,https://static.cninfo.com.cn/finalpage/2026-06-22/1225379972.PDF,PDF,499,,,,,,agent_preflight
601899,紫金矿业集团股份有限公司2025年年度权益分派实施公告,,2026-06-22 00:00:00,https://www.cninfo.com.cn/new/disclosure/detail?annoId=1225379946,1225379946,finalpage/2026-06-22/1225379946.PDF,https://static.cninfo.com.cn/finalpage/2026-06-22/1225379946.PDF,PDF,153,,,,,,agent_preflight
601899,紫金矿业H股市场公告,,2026-07-03 00:00:00,https://www.cninfo.com.cn/new/disclosure/detail?annoId=1225406911,1225406911,finalpage/2026-07-03/1225406911.PDF,https://static.cninfo.com.cn/finalpage/2026-07-03/1225406911.PDF,PDF,157,,,,,,agent_preflight
601899,紫金矿业集团股份有限公司2026年半年度业绩预增公告,,2026-07-10 00:00:00,https://www.cninfo.com.cn/new/disclosure/detail?annoId=1225417751,1225417751,finalpage/2026-07-10/1225417751.PDF,https://static.cninfo.com.cn/finalpage/2026-07-10/1225417751.PDF,PDF,107,,,,,,agent_preflight
