Symbol,title,content,time,source,url,type,date,announcement_id,adjunct_url,download_url,adjunct_type,adjunct_size_kb,text_excerpt,text_status,CacheSource
601899,两融余额四连升 杠杆资金大比例加仓36股,000792 盐湖股份 46.13 6.97 17.81 11.75 002131 利欧股份 24.37 6.94 39.84 20.21 002202 金风科技 33.71 6.77 25.11 42.35 300476 胜宏科技 175.31 6.56 3.88 2.82 601899,2026-01-09 09:36:57,证券时报网,http://finance.eastmoney.com/a/202601093613822868.html,,,,,,,,,,agent_preflight
601899,2025年业绩高增长股提前看 18股净利润增幅翻倍,17.62 环保 301078 孩子王 2025.12.31 66.89 10.72 3.38 商贸零售 688809 强一股份 2025.12.29 66.24 323.00 25.78 电子 003017 大洋生物 2026.01.05 61.58 31.10 4.15 基础化工 601899,2026-01-09 09:37:33,证券时报网,http://finance.eastmoney.com/a/202601093613810470.html,,,,,,,,,,agent_preflight
601899,黄金股票ETF基金(159322)涨超1.2%，2025年全球黄金ETF创下年度资金流入历史新高,截至2026年1月9日 09:48，中证沪深港黄金产业股票指数(931238)强势上涨1.21%，成分股老铺黄金(06181)上涨3.28%，西部黄金(601069)上涨3.13%，山东黄金(01787)上涨2.45%，紫金矿业(601899)，华钰矿业(601020)等个股跟涨。,2026-01-09 10:09:10,界面新闻,http://stock.eastmoney.com/a/202601093613974810.html,,,,,,,,,,agent_preflight
601899,机构称电解铝兼具铝价弹性与红利防御性，有色ETF基金(159880)涨超2.1%,数据显示，截至2025年12月31日，国证有色金属行业指数(399395)前十大权重股分别为紫金矿业(601899)、洛阳钼业(603993)、北方稀土(600111)、华友钴业(603799)、中国铝业(601600)、赣锋锂业(002460)、云铝股份(000807)、山东黄金,2026-01-09 10:39:51,界面新闻,http://stock.eastmoney.com/a/202601093613965780.html,,,,,,,,,,agent_preflight
601899,有色ETF基金(159880)涨超3.2%，标普预计2040年全球铜需求将增加50%,数据显示，截至2025年12月31日，国证有色金属行业指数(399395)前十大权重股分别为紫金矿业(601899)、洛阳钼业(603993)、北方稀土(600111)、华友钴业(603799)、中国铝业(601600)、赣锋锂业(002460)、云铝股份(000807)、山东黄金,2026-01-09 11:06:27,界面新闻,http://stock.eastmoney.com/a/202601093613996871.html,,,,,,,,,,agent_preflight
601899,黄金股票ETF基金(159322)涨近3%，区域局势升温持续推升金价,数据显示，截至2025年12月31日，中证沪深港黄金产业股票指数(931238)前十大权重股分别为紫金矿业(601899)、山东黄金(600547)、中金黄金(600489)、赤峰黄金(600988)、招金矿业(01818)、山金国际(000975)、山东黄金(01787)、紫金矿业,2026-01-09 13:44:20,界面新闻,http://stock.eastmoney.com/a/202601093614091218.html,,,,,,,,,,agent_preflight
601899,成交额超127亿，A500ETF基金(512050)涨近1%，近8个交易日“吸金”7.62亿,数据显示，截至2025年12月31日，中证A500指数(000510)前十大权重股分别为宁德时代(300750)、贵州茅台(600519)、中国平安(601318)、中际旭创(300308)、紫金矿业(601899)、招商银行(600036)、新易盛(300502)、美的集团(000333,2026-01-09 14:00:26,界面新闻,http://stock.eastmoney.com/a/202601093614112683.html,,,,,,,,,,agent_preflight
601899,有色金属行业今日净流入资金45.52亿元，安泰科技等22股净流入资金超亿元,（数据宝） 　　有色金属行业资金流入榜 代码 简称 今日涨跌幅（%） 今日换手率（%） 主力资金流量（万元） 000969 安泰科技 10.00 10.75 63248.64 601899 紫金矿业 2.53 1.36 55136.73 002428 云南锗业 10.01 16.45,2026-01-09 17:24:49,证券时报网,http://finance.eastmoney.com/a/202601093614290870.html,,,,,,,,,,agent_preflight
601899,联手重启万亿级合并 力拓嘉能可瞄准“金属之王”,目前国内头部铜矿企业包括紫金矿业(601899.SH)、洛阳钼业(603993.SH)、江西铜业(600362.SH)、铜陵有色(000630.SZ)等。 　　紫金矿业是全球第四大矿产铜企业，也是亚洲及中国唯一矿产铜产量破百万吨大关矿企。,2026-01-10 10:30:04,界面新闻,http://finance.eastmoney.com/a/202601103614926857.html,,,,,,,,,,agent_preflight
601899,有色金属“开门红” 公募扎堆推新 机遇还是风险？,回顾2025年，中证有色金属指数累计涨幅达91.67%，洛阳钼业（603993.SH）、江西铜业（600362.SH）、紫金矿业（601899.SH）等龙头股年内涨幅分别高达200.7%、166%、127%，均实现股价翻倍甚至两倍增长。,2026-01-12 00:15:07,第一财经,http://finance.eastmoney.com/a/202601113615093116.html,,,,,,,,,,agent_preflight
601899,87家公司预告2025年业绩 62家预增,6.08 商贸零售 688809 强一股份 2025.12.29 66.24 367.00 42.91 电子 688508 芯朋微 2026.01.10 66.00 64.71 6.26 电子 003017 大洋生物 2026.01.05 61.58 31.29 4.79 基础化工 601899,2026-01-12 09:39:24,证券时报网,http://finance.eastmoney.com/a/202601123615286491.html,,,,,,,,,,agent_preflight
601899,两融余额五连升 杠杆资金大比例加仓52股,600343 航天动力 22.59 8.76 63.37 -5.25 688008 澜起科技 70.48 8.51 13.73 12.38 600498 烽火通信 28.62 7.61 36.19 21.35 600111 北方稀土 72.91 7.19 10.95 7.13 601899,2026-01-12 09:51:22,证券时报网,http://stock.eastmoney.com/a/202601123615610536.html,,,,,,,,,,agent_preflight
601899,紫金矿业间接控股子公司2200万元项目环评获同意,每经AI快讯，“A股绿色报告”项目监控到的数据显示，紫金矿业（601899）间接控股子公司福建紫金铜箔科技有限公司福建紫金铜箔高端无氧铜杆改扩建项目环评审批获同意。该项目总投资额达2200万元。该审批信息于2025年12月26日被相关监管机构披露。,2026-01-12 17:07:31,每日经济新闻,http://finance.eastmoney.com/a/202601123615839868.html,,,,,,,,,,agent_preflight
601899,一批A股上市公司预告2025年度业绩 半导体有色领跑 白酒家居承压,紫金矿业(601899.SH)公告称，预计2025年度实现归母净利润约510亿元—520亿元，与上年同期相比，将增加约189亿元—199亿元，同比增加约59%—62%。,2026-01-12 17:18:03,金融投资网,http://finance.eastmoney.com/a/202601123615870025.html,,,,,,,,,,agent_preflight
601899,谁能贯穿2026？2025年A股业绩预告，直指这三大高景气赛道！,紫金矿业(601899.SH)公告称，预计2025年度实现归母净利润510亿元—520亿元，较上年同期增加189亿元—199 亿元，同比增长 59%—62%。,2026-01-12 20:21:39,金融投资网,http://finance.eastmoney.com/a/202601123616001972.html,,,,,,,,,,agent_preflight
601899,142股受融资客青睐，净买入超亿元,家用电器 002230 科大讯飞 7.19 36698.81 672352.02 5.15 计算机 002115 三维通信 9.99 36639.65 107200.35 8.80 通信 300170 汉得信息 20.01 32509.61 194335.71 6.77 计算机 601899,2026-01-13 09:46:01,证券时报网,http://finance.eastmoney.com/a/202601133616791675.html,,,,,,,,,,agent_preflight
601899,两融余额六连升 杠杆资金大比例加仓87股,600030 中信证券 188.90 13.94 7.96 0.24 600111 北方稀土 78.28 12.56 19.12 13.79 300433 蓝思科技 38.14 12.36 47.95 40.93 300750 宁德时代 227.16 10.94 5.06 -1.52 601899,2026-01-13 09:46:07,证券时报网,http://finance.eastmoney.com/a/202601133616796876.html,,,,,,,,,,agent_preflight
601899,有色金属行业资金流出榜：北方稀土等15股净流出资金超亿元,（数据宝） 　　有色金属行业资金流入榜 代码 简称 今日涨跌幅（%） 今日换手率（%） 主力资金流量（万元） 002460 赣锋锂业 4.16 9.82 48904.98 601899 紫金矿业 2.63 1.51 40244.45 002466 天齐锂业 1.73 7.08 34009.01,2026-01-13 17:18:10,证券时报网,http://finance.eastmoney.com/a/202601133617440478.html,,,,,,,,,,agent_preflight
601899,铜价大涨下 玉龙铜矿增储超百万吨 西部矿业、紫金矿业双双受益,有意思的是，此次增储不仅利好西部矿业，还将利好持有玉龙铜业22%股权的紫金矿业（SH601899，股价38.24元，市值1.02万亿元）。紫金矿业则是全球铜矿龙头，市值超万亿元。,2026-01-14 01:50:09,每日经济新闻,http://finance.eastmoney.com/a/202601133617777790.html,,,,,,,,,,agent_preflight
601899,湖南黄金关联并购剑指独家采矿权 百吨储量能否缓解“资源焦虑”？,上述矿业资深投资者刘栋策对界面新闻表示，随着国际金价不断创出历史新高，国内包括紫金矿业（601899.SH）、山东黄金（600547.SH）、山金国际（000975.SZ）等矿业巨头纷纷将并购目标瞄准海外之时，湖南黄金将“自家”金矿并入上市公司已是大势所趋。,2026-01-14 01:56:17,界面新闻,http://finance.eastmoney.com/a/202601133617639091.html,,,,,,,,,,agent_preflight
601899,两融余额七连升 杠杆资金大比例加仓141股,300750 宁德时代 225.80 9.58 4.43 -2.25 002179 中航光电 26.28 9.13 53.25 7.73 301171 易点天下 20.70 9.12 78.66 72.86 600498 烽火通信 29.12 8.10 38.54 38.15 601899,2026-01-14 09:49:30,证券时报网,http://finance.eastmoney.com/a/202601143618555930.html,,,,,,,,,,agent_preflight
601899,有色金属行业今日净流出资金74.35亿元，北方稀土等23股净流出资金超亿元,600549 厦门钨业 2.96 4.35 2897.86 　　有色金属行业资金流出榜 代码 简称 今日涨跌幅（%） 今日换手率（%） 主力资金流量（万元） 600111 北方稀土 -1.93 4.92 -91922.36 601600 中国铝业 -2.43 4.10 -78120.99 601899,2026-01-14 17:19:23,证券时报网,http://finance.eastmoney.com/a/202601143619018168.html,,,,,,,,,,agent_preflight
601899,128只股收盘价创历史新高,家用电器 605116 奥锐特 31.90 1.17 医药生物 301003 江苏博云 47.46 1.13 基础化工 688182 灿勤科技 35.13 0.95 通信 301517 陕西华达 89.58 0.79 国防军工 002922 伊戈尔 38.48 0.79 电子 601899,2026-01-14 22:09:50,证券时报网,http://finance.eastmoney.com/a/202601143619310290.html,,,,,,,,,,agent_preflight
601899,两融余额八连升 16股获融资净买入超10亿元,86.04 300442 润泽科技 30.51 12.54 69.82 71.80 002602 世纪华通 11.88 11.88 13.13 300229 拓尔思 21.89 11.61 112.84 55.18 600410 华胜天成 23.30 11.55 98.29 24.16 601899,2026-01-15 09:43:28,证券时报网,http://money.eastmoney.com/a/202601153620156927.html,,,,,,,,,,agent_preflight
601899,杠杆资金大手笔加仓股名单,医药生物 601600 中国铝业 -2.43 33971.64 439499.54 2.45 有色金属 000725 京东方A 3.14 33391.92 781098.89 4.67 电子 688525 佰维存储 7.77 32595.09 286316.63 4.20 电子 601899,2026-01-15 10:44:56,证券时报网,http://finance.eastmoney.com/a/202601153620176040.html,,,,,,,,,,agent_preflight
601899,2025年业绩高增长股提前看 36股净利润增幅翻倍,6.97 基础化工 688809 强一股份 2025.12.29 66.24 368.00 43.30 电子 688508 芯朋微 2026.01.10 66.00 62.55 2.71 电子 003017 大洋生物 2026.01.05 61.58 31.25 4.66 基础化工 601899,2026-01-15 10:45:16,证券时报网,http://finance.eastmoney.com/a/202601153620178765.html,,,,,,,,,,agent_preflight
601899,有色金属行业资金流入榜：华友钴业、赣锋锂业等净流入资金居前,601137 博威合金 3.43 5.05 9775.91 600255 鑫科材料 4.53 13.08 9044.24 002842 翔鹭钨业 10.00 23.02 8942.38 　　有色金属行业资金流出榜 代码 简称 今日涨跌幅（%） 今日换手率（%） 主力资金流量（万元） 601899,2026-01-15 17:04:54,证券时报网,http://finance.eastmoney.com/a/202601153620465687.html,,,,,,,,,,agent_preflight
601899,金属钴概念上涨2.02%，7股主力资金净流入超亿元,0.55 0.47 -6994.50 -13.37 600490 鹏欣资源 -1.21 5.05 -10611.46 -12.77 600711 盛屯矿业 1.40 6.27 -11914.21 -3.50 000426 兴业银锡 -1.05 6.54 -30910.64 -5.30 601899,2026-01-15 17:07:43,证券时报网,http://finance.eastmoney.com/a/202601153620470087.html,,,,,,,,,,agent_preflight
601899,金属锌概念上涨2.12%，10股主力资金净流入超5000万元,1.40 6.27 -11914.21 -3.50 601212 白银有色 1.56 6.90 -23373.98 -6.42 000426 兴业银锡 -1.05 6.54 -30910.64 -5.30 002716 湖南白银 6.25 25.54 -54194.71 -8.73 601899,2026-01-15 17:07:45,证券时报网,http://finance.eastmoney.com/a/202601153620469528.html,,,,,,,,,,agent_preflight
601899,六连板人工智能概念牛股异动核查完毕 明起复牌|盘后公告集锦,【紫金矿业：与金钼股份签署合作协议及股权转让协议】 　　紫金矿业(601899.SH)公告称，公司与金钼股份签署《项目合作及股权转让协议》，双方将共同出资设立冶炼公司，从事钼金属冶炼和深加工业务。紫金矿业将以17.31亿元对价向金钼股份转让金沙钼业24%股权。,2026-01-15 21:18:55,财联社,http://finance.eastmoney.com/a/202601153620701884.html,,,,,,,,,,agent_preflight
601899,太会买了！紫金矿业连涨4天 这家机构15只基金集体“吃肉”超亿元,在经历连续四个交易日的上涨后，紫金矿业（SH.601899）股价于1月15日出现回调。截至当日收盘，该公司股价报收于38.25元，较前一日下跌0.65%，总市值仍维持在万亿元以上。此前，公司股价已连续四个交易日上涨，累计涨幅达6.06%。,2026-01-15 22:25:31,华夏时报网,http://finance.eastmoney.com/a/202601153620779282.html,,,,,,,,,,agent_preflight
601899,两融余额九连升 1780.68亿增量杠杆资金进场,300229 拓尔思 22.50 12.22 118.81 35.98 600089 特变电工 69.89 11.85 20.42 28.22 600410 华胜天成 23.02 11.27 95.92 36.58 601336 新华保险 37.34 11.18 42.71 19.58 601899,2026-01-16 09:34:00,证券时报网,http://stock.eastmoney.com/a/202601163621669075.html,,,,,,,,,,agent_preflight
601899,111家公司2025年业绩预增,51.44 电子 688508 芯朋微 2026.01.10 66.00 63.18 3.74 电子 688690 纳微科技 2026.01.16 64.77 29.54 14.45 医药生物 003017 大洋生物 2026.01.05 61.58 31.39 5.12 基础化工 601899,2026-01-16 09:34:04,证券时报网,http://finance.eastmoney.com/a/202601163621448860.html,,,,,,,,,,agent_preflight
601899,紫金矿业：拟以17.31亿元转让金沙钼业24%股权 合作开发沙坪沟钼矿,21财经1月16日电，紫金矿业（601899.SH）公告，公司与金钼股份签署《项目合作及股权转让协议》，拟合作开发沙坪沟钼矿。紫金矿业将以173087万元向金钼股份转让金沙钼业24%股权，交易后持股60%，金钼股份持股34%。,2026-01-16 10:52:54,南方财经网,http://finance.eastmoney.com/a/202601163621665787.html,,,,,,,,,,agent_preflight
601899,86.06亿元资金今日流出有色金属股,000737 北方铜业 -0.25 7.54 3201.90 300127 银河磁体 2.84 8.34 2785.35 001337 四川黄金 -1.18 14.57 2421.65 　　有色金属行业资金流出榜 代码 简称 今日涨跌幅（%） 今日换手率（%） 主力资金流量（万元） 601899,2026-01-16 16:58:23,证券时报网,http://finance.eastmoney.com/a/202601163621940778.html,,,,,,,,,,agent_preflight
601899,利润破200亿，5000亿洛阳钼业要成为下一个紫金矿业？,2022年，紫金矿业(601899.SH)、天齐锂业(002466.SZ)与赣锋锂业(002460.SZ)盈利曾达到这一水平，但受到金、铜、锂价格波动影响，这几家公司盈利走势、市值表现差异越来越大。,2026-01-16 17:07:45,21世纪经济报道,http://finance.eastmoney.com/a/202601163621951973.html,,,,,,,,,,agent_preflight
601899,主力动向：1月16日特大单净流出242.68亿元,600089 特变电工 27.73 -2.67 -32.26 电力设备 600410 华胜天成 21.99 -9.95 -17.12 计算机 600900 长江电力 26.52 -1.12 -16.87 公用事业 300058 蓝色光标 16.29 -11.52 -15.28 传媒 601899,2026-01-16 17:36:22,证券时报网,http://finance.eastmoney.com/a/202601163621995268.html,,,,,,,,,,agent_preflight
601899,“矿业双雄”的掘金密码,在2025年，紫金矿业（601899.SH、02899.HK）与洛阳钼业(603993.SH、03993.HK)一路高歌猛进。这两家矿业巨头不仅市值飙升，业绩也双双创下历史新高。 　　2026年1月15日，洛阳钼业披露业绩预告，预计2025年实现归母净利润200亿—208亿元。,2026-01-18 18:47:50,中国经营报,http://finance.eastmoney.com/a/202601183622678687.html,,,,,,,,,,agent_preflight
601899,76股获杠杆资金净买入超亿元,通信 600406 国电南瑞 2.52 36373.17 243520.79 1.25 电力设备 600879 航天电子 -4.18 36033.49 308060.26 3.64 国防军工 601166 兴业银行 -1.18 35641.22 936392.66 2.20 银行 601899,2026-01-19 09:42:08,证券时报网,http://finance.eastmoney.com/a/202601193622969970.html,,,,,,,,,,agent_preflight
601899,两融余额十连升 1908.55亿增量杠杆资金进场,28.06 300433 蓝思科技 42.25 16.48 63.93 29.57 002602 世纪华通 15.39 15.39 14.01 603179 新泉股份 35.08 14.97 74.42 35.04 688008 澜起科技 76.70 14.72 23.76 21.04 601899,2026-01-19 09:43:34,证券时报网,http://stock.eastmoney.com/a/202601193623111052.html,,,,,,,,,,agent_preflight
601899,381家公司预告2025年业绩 130家预增,49.92 电子 688508 芯朋微 2026.01.10 66.00 64.78 6.37 电子 688690 纳微科技 2026.01.16 64.77 27.09 4.96 医药生物 003017 大洋生物 2026.01.05 61.58 32.14 7.64 基础化工 601899,2026-01-19 09:43:57,证券时报网,http://finance.eastmoney.com/a/202601193622986157.html,,,,,,,,,,agent_preflight
601899,洛阳钼业市值破5000亿后 “戴维斯双击”能否持续？,2025年前紫金矿业（601899.SH）副总裁阙朝阳空降洛阳钼业，之后公司一年推进两批金矿收购。 　　4月22日，洛阳钼业官网披露，以30亿元收购厄瓜多尔奥丁矿业（凯歌豪斯金矿）。,2026-01-19 11:11:20,界面新闻,http://finance.eastmoney.com/a/202601193623086995.html,,,,,,,,,,agent_preflight
601899,超300份预告折射产业冷暖 业绩驱动取代概念博弈成市场主线,紫金矿业（601899.SH）预计2025年实现归属于上市公司股东的净利润510亿元至520亿元，同比增长59%至62%，业绩表现创历史新高。公司表示，业绩增长得益于矿产金、矿产铜、矿产银销售价格同比上升，其中，矿产金产量大幅提升至约90吨（2024年为73吨）。,2026-01-19 18:12:21,第一财经,http://finance.eastmoney.com/a/202601193623423934.html,,,,,,,,,,agent_preflight
601899,33股受融资客青睐，净买入超亿元,有色金属 001337 四川黄金 9.99 12244.00 45855.58 4.22 有色金属 601179 中国西电 10.04 12068.53 161068.74 2.19 电力设备 688123 聚辰股份 -0.13 11394.82 136180.57 5.60 电子 601899,2026-01-20 09:53:20,证券时报网,http://finance.eastmoney.com/a/202601203624342143.html,,,,,,,,,,agent_preflight
601899,关税风暴推高避险需求，黄金突破4700美元/盎司大关再创新高，黄金股票ETF涨超2%,数据显示，截至2025年12月31日，中证沪深港黄金产业股票指数(931238)前十大权重股分别为紫金矿业(601899)、山东黄金(600547)、中金黄金(600489)、赤峰黄金(600988)、招金矿业(01818)、山金国际(000975)、山东黄金(01787)、紫金矿业,2026-01-20 13:46:59,东方财富证券,http://finance.eastmoney.com/a/202601203624531762.html,,,,,,,,,,agent_preflight
601899,30股获杠杆资金净买入超亿元,1.27 传媒 600986 浙文互联 10.04 26546.57 174082.99 11.74 传媒 002156 通富微电 5.85 24987.66 379525.54 4.90 电子 603000 人民网 -5.88 22144.33 123563.30 4.75 传媒 601899,2026-01-21 09:42:39,证券时报网,http://finance.eastmoney.com/a/202601213625621111.html,,,,,,,,,,agent_preflight
601899,现货黄金突破4800美元续创新高，黄金股票ETF涨超3%,数据显示，截至2025年12月31日，中证沪深港黄金产业股票指数(931238)前十大权重股分别为紫金矿业(601899)、山东黄金(600547)、中金黄金(600489)、赤峰黄金(600988)、招金矿业(01818)、山金国际(000975)、山东黄金(01787)、紫金矿业,2026-01-21 10:11:28,东方财富证券,http://finance.eastmoney.com/a/202601213625748711.html,,,,,,,,,,agent_preflight
601899,主力动向：1月21日特大单净流入252.12亿元,14.39 电子 300502 新易盛 394.80 3.20 13.37 通信 002185 华天科技 14.18 10.01 12.98 电子 688008 澜起科技 160.02 11.90 12.71 电子 600879 航天电子 26.93 2.36 10.23 国防军工 601899,2026-01-21 17:14:43,证券时报网,http://finance.eastmoney.com/a/202601213626124549.html,,,,,,,,,,agent_preflight
601899,金属铅概念上涨5.01%，10股主力资金净流入超亿元,（数据宝） 　　金属铅概念资金流入榜 代码 简称 今日涨跌幅（%） 今日换手率（%） 主力资金流量（万元） 主力资金净流入比率（%） 601899 紫金矿业 2.20 1.89 82244.29 5.57 600988 赤峰黄金 9.81 8.64 29614.09 5.57 600531,2026-01-21 17:15:23,证券时报网,http://finance.eastmoney.com/a/202601213626128058.html,,,,,,,,,,agent_preflight
601899,金属锌概念涨4.83%，主力资金净流入这些股,（数据宝） 　　金属锌概念资金流入榜 代码 简称 今日涨跌幅（%） 今日换手率（%） 主力资金流量（万元） 主力资金净流入比率（%） 601899 紫金矿业 2.20 1.89 82244.29 5.57 600531 豫光金铅 6.86 14.71 27614.38 10.47,2026-01-21 17:15:23,证券时报网,http://finance.eastmoney.com/a/202601213626127782.html,,,,,,,,,,agent_preflight
601899,黄金概念涨3.82%，主力资金净流入这些股,黄金概念资金流入榜 代码 简称 今日涨跌幅（%） 今日换手率（%） 主力资金流量（万元） 主力资金净流入比率（%） 601899 紫金矿业 2.20 1.89 82244.29 5.57 600988 赤峰黄金 9.81 8.64 29614.09 5.57 600547 山东黄金,2026-01-21 17:15:28,证券时报网,http://finance.eastmoney.com/a/202601213626127883.html,,,,,,,,,,agent_preflight
601899,金属铜概念涨3.33% 主力资金净流入65股,（数据宝） 　　金属铜概念资金流入榜 代码 简称 今日涨跌幅（%） 今日换手率（%） 主力资金流量（万元） 主力资金净流入比率（%） 601899 紫金矿业 2.20 1.89 82244.29 5.57 000657 中钨高新 10.00 7.32 54251.25 12.65,2026-01-21 17:15:42,证券时报网,http://finance.eastmoney.com/a/202601213626132632.html,,,,,,,,,,agent_preflight
601899,有色金属行业1月21日资金流向日报,（数据宝） 　　有色金属行业资金流入榜 代码 简称 今日涨跌幅（%） 今日换手率（%） 主力资金流量（万元） 601899 紫金矿业 2.20 1.89 82244.29 002240 盛新锂能 9.99 8.02 67428.20 000657 中钨高新 10.00 7.32 54251.25,2026-01-21 17:16:00,证券时报网,http://finance.eastmoney.com/a/202601213626129146.html,,,,,,,,,,agent_preflight
601899,44股受融资客青睐，净买入超亿元,所属行业 600879 航天电子 2.36 83020.85 403444.77 4.54 国防军工 300502 新易盛 3.20 55533.83 2016279.47 5.77 通信 300750 宁德时代 0.06 49559.04 2385295.63 1.60 电力设备 601899,2026-01-22 09:49:50,证券时报网,http://finance.eastmoney.com/a/202601223627063264.html,,,,,,,,,,agent_preflight
601899,折价18.28%募资7.72亿港元，中国罕王重金加码Mt Bundy金矿项目开发,据悉，其中一名认购方为资金全球基金，为紫金矿业（601899/02899）的全资附属公司金山资产管理旗下的基金。 　　公告指出，公司预计认购事项及配售事项所得款合计约为7.72亿港元。,2026-01-22 10:29:34,财中社,http://finance.eastmoney.com/a/202601223627112234.html,,,,,,,,,,agent_preflight
601899,有色金属行业资金流出榜：湖南白银、洛阳钼业等净流出资金居前,45669.71 600362 江西铜业 -3.04 2.48 -45576.46 600549 厦门钨业 -1.69 4.17 -35203.78 000657 中钨高新 1.99 7.68 -30285.68 000506 招金黄金 0.88 14.25 -28630.84 601899,2026-01-22 17:19:28,证券时报网,http://finance.eastmoney.com/a/202601223627462219.html,,,,,,,,,,agent_preflight
601899,“双十”基金经理最新调仓：朱少醒再买紫金矿业 谢治宇加码科技,2025年四季报显示，富国天惠精选成长的前十大重仓股分别为宁波银行（002142.SZ）、杰瑞股份（002353.SZ）、宁德时代、贵州茅台（600519.SH）、春风动力（603129.SH）、中创智领（601717.SH）、紫金矿业（601899.SH）、瑞丰新材（300910,2026-01-22 17:22:01,澎湃新闻,http://finance.eastmoney.com/a/202601223627466098.html,,,,,,,,,,agent_preflight
601899,高盛上调金价目标至5400美元，黄金股票ETF涨超3%,数据显示，截至2025年12月31日，中证沪深港黄金产业股票指数(931238)前十大权重股分别为紫金矿业(601899)、山东黄金(600547)、中金黄金(600489)、赤峰黄金(600988)、招金矿业(01818)、山金国际(000975)、山东黄金(01787)、紫金矿业,2026-01-23 09:56:36,东方财富证券,http://finance.eastmoney.com/a/202601233628532112.html,,,,,,,,,,agent_preflight
601899,基金去年四季度控盘比例超10%个股（附名单）,15.83 15.20 电子 300274 阳光电源 702 24122.53 -4.23 15.17 电力设备 002709 天赐材料 187 22485.22 32.33 14.95 电力设备 002541 鸿路钢构 18 7399.95 -12.73 14.92 建筑装饰 601899,2026-01-23 09:58:11,证券时报网,http://finance.eastmoney.com/a/202601233628543887.html,,,,,,,,,,agent_preflight
601899,新面孔突围！中际旭创超越宁德时代 登顶主动权益基金去年末第一重仓股,在主动权益基金前十大重仓股行列中，宁德时代、腾讯控股已退居第三、第四位；紫金矿业（601899.SH）、阿里巴巴（09988.HK）、寒武纪（688256.SH）、立讯精密（002475.SZ）、贵州茅台（600519.SH）、东山精密（002384.SZ）分别位列第五至第十位。,2026-01-23 13:20:52,澎湃新闻,http://finance.eastmoney.com/a/202601233628696182.html,,,,,,,,,,agent_preflight
601899,周末证券 | 资源板块获资金青睐 关注三大领域结构性机会,潜力股精选 　　紫金矿业(601899)有望受益于行业高景气 　　公司预计2025年归母净利润约为510亿元至520亿元，同比增长约59%至62%。其中，第四季度实现归母净利润为131亿元至141亿元，同比增长71%至84%。,2026-01-23 16:43:44,金融投资报,http://finance.eastmoney.com/a/202601233628983045.html,,,,,,,,,,agent_preflight
601899,金属锌概念上涨5.01%，10股主力资金净流入超亿元,司尔特 4.94 7.63 -1955.68 -4.26 300774 倍杰特 1.43 6.04 -2393.09 -7.75 601061 中信金属 4.35 8.81 -3869.62 -5.47 000816 智慧农业 0.50 6.60 -4748.10 -12.52 601899,2026-01-23 17:26:29,证券时报网,http://finance.eastmoney.com/a/202601233628965939.html,,,,,,,,,,agent_preflight
601899,同花顺出海50概念下跌0.13%，12股主力资金净流出超亿元,万元） 601138 工业富联 -4.21 1.02 -247337.06 002050 三花智控 -3.55 7.68 -208356.74 002463 沪电股份 -5.55 5.55 -151320.99 002475 立讯精密 -1.61 1.99 -103026.91 601899,2026-01-23 17:26:51,证券时报网,http://finance.eastmoney.com/a/202601233628970391.html,,,,,,,,,,agent_preflight
601899,54.32亿元资金今日流入有色金属股,688102 斯瑞新材 9.69 7.04 15245.69 002738 中矿资源 5.36 3.91 14734.75 　　有色金属行业资金流出榜 代码 简称 今日涨跌幅（%） 今日换手率（%） 主力资金流量（万元） 002716 湖南白银 9.60 25.85 -94578.19 601899,2026-01-23 17:27:31,证券时报网,http://finance.eastmoney.com/a/202601233628969887.html,,,,,,,,,,agent_preflight
601899,金属铅概念涨4.97%，主力资金净流入这些股,司尔特 4.94 7.63 -1955.68 -4.26 300774 倍杰特 1.43 6.04 -2393.09 -7.75 000816 智慧农业 0.50 6.60 -4748.10 -12.52 600988 赤峰黄金 3.99 6.96 -15211.07 -3.36 601899,2026-01-23 18:06:20,证券时报网,http://finance.eastmoney.com/a/202601233629021442.html,,,,,,,,,,agent_preflight
601899,主力动向：1月23日特大单净流入86.65亿元,银行 600900 长江电力 26.00 -1.18 -10.15 公用事业 002463 沪电股份 72.10 -5.55 -9.17 电子 600795 国电电力 4.77 -1.45 -9.07 公用事业 002050 三花智控 54.04 -3.55 -9.06 家用电器 601899,2026-01-23 18:07:30,证券时报网,http://finance.eastmoney.com/a/202601233629026346.html,,,,,,,,,,agent_preflight
601899,紫金矿业：巨龙铜矿二期工程建成投产,人民财讯1月23日电，紫金矿业(601899)1月23日公告，公司旗下巨龙铜矿的二期工程正式建成投产。在现有15万吨/日采选工程基础上，巨龙铜矿将新增生产规模20万吨/日，形成35万吨/日的总生产规模。目前，公司正在进一步规划实施巨龙铜矿三期工程。,2026-01-23 18:46:03,人民财讯,http://finance.eastmoney.com/a/202601233629054585.html,,,,,,,,,,agent_preflight
601899,晚间公告｜1月23日这些公告有看头,紫金矿业：巨龙铜矿二期工程建成投产 　　紫金矿业(601899)公告，公司旗下巨龙铜矿的二期工程正式建成投产。在现有15万吨/日采选工程基础上，巨龙铜矿将新增生产规模20万吨/日，形成35万吨/日的总生产规模。目前，公司正在进一步规划实施巨龙铜矿三期工程。,2026-01-23 19:00:29,第一财经,http://finance.eastmoney.com/a/202601233629069190.html,,,,,,,,,,agent_preflight
601899,中国资源量最大铜矿：紫金矿业巨龙铜矿二期投产，2588万吨铜储量打底,紫金矿业（601899）公告称，旗下巨龙铜矿二期工程已于1月23日正式建成投产。该项目投产后，巨龙铜矿日采选规模从15万吨提升至35万吨，年矿石采选量达1.05亿吨，跻身中国最大铜矿行列。,2026-01-23 20:13:31,财中社,http://finance.eastmoney.com/a/202601233629174077.html,,,,,,,,,,agent_preflight
601899,周末证券丨资源板块获资金青睐 关注三大领域结构性机会,潜力股精选 　　紫金矿业（601899） 　　江西铜业（600362） 　　天山铝业（002532） 　　神火股份（000933） 煤炭： 　　价格上涨方向明确 　　自2025年以来，国家能源集团、山东能源集团、中国中煤能源集团等多家煤炭央企、国企对旗下上市公司启动增持与资产注入计划,2026-01-23 20:18:40,金融投资报,http://finance.eastmoney.com/a/202601233629177560.html,,,,,,,,,,agent_preflight
601899,突发！小市值医疗器械股实控人涉嫌诈骗罪被检察机关提起诉讼|盘后公告集锦,"【紫金矿业：巨龙铜矿二期工程建成投产】 　　紫金矿业(601899.SH)公告称，公司旗下巨龙铜矿的二期工程于2026年1月23日正式建成投产。二期工程达产后，巨龙铜矿年矿石采选规模将从4,500万吨提升至1.05亿吨，矿产铜年产量将从2025年的19万吨提高至约30-35万吨。",2026-01-23 21:20:23,财联社,http://finance.eastmoney.com/a/202601233629248870.html,,,,,,,,,,agent_preflight
601899,资源板块获资金青睐 关注三大领域结构性机会,潜力股精选 　　紫金矿业（601899） 　　或受益于行业高景气 　　公司预计2025年归母净利润约为510亿元至520亿元，同比增长约59%至62%。其中，第四季度实现归母净利润为131亿元至141亿元，同比增长71%至84%。,2026-01-24 10:43:24,金融投资报,http://stock.eastmoney.com/a/202601243629683582.html,,,,,,,,,,agent_preflight
601899,紫金矿业巨龙铜矿二期建成投产，预计今年矿产铜产量将达30万吨，公司去年净赚超510亿元,1月24日，紫金矿业（601899）公告称：2026年1月23日，公司旗下巨龙铜矿的二期工程正式建成投产。在现有15万吨/日采选工程基础上，巨龙铜矿将新增生产规模20万吨/日，形成35万吨/日的总生产规模。,2026-01-24 20:05:18,深圳商报·读创,http://finance.eastmoney.com/a/202601243629797657.html,,,,,,,,,,agent_preflight
601899,公募去年四季度亏超千亿终结七连盈 科技周期成加仓核心,此外，曾连续两个季度遭减仓的紫金矿业（601899.SH），再度获得公募基金的大手笔加仓，单季度增持6868万股，排名也从第七位升至第五。中国平安（601318.SH）则新增超过500只基金重仓，整体被加仓1.7亿股，排名均上升两位至第七。,2026-01-25 20:06:56,第一财经,http://finance.eastmoney.com/a/202601253629974572.html,,,,,,,,,,agent_preflight
601899,资源量达156吨！洛阳钼业40天拿下海外3个金矿,2025年4月，紫金矿业(601899.SH/02899.HK)发布消息称，已正式完成对美国纽蒙特公司旗下加纳阿基姆(Akyem)金矿项目的收购，收购价达10亿美元。,2026-01-26 08:36:37,界面新闻,http://finance.eastmoney.com/a/202601263630059129.html,,,,,,,,,,agent_preflight
601899,基金重仓股揭秘：107只股持股比例超10%,15.83 15.20 电子 300274 阳光电源 702 24122.53 -4.23 15.17 电力设备 002709 天赐材料 187 22485.22 32.33 14.95 电力设备 002541 鸿路钢构 18 7399.95 -12.73 14.92 建筑装饰 601899,2026-01-26 09:37:08,证券时报网,http://finance.eastmoney.com/a/202601263630193395.html,,,,,,,,,,agent_preflight
601899,杠杆资金大手笔加仓股名单,非银金融 300136 信维通信 15.43 54947.52 498935.78 6.47 电子 300308 中际旭创 -5.80 50255.75 2400235.84 3.71 通信 603078 江化微 10.00 46553.18 74590.14 6.17 电子 601899,2026-01-26 09:37:20,证券时报网,http://finance.eastmoney.com/a/202601263630194618.html,,,,,,,,,,agent_preflight
601899,国际金价突破5000美元历史性关口，黄金股票ETF涨超5%,数据显示，截至2025年12月31日，中证沪深港黄金产业股票指数(931238)前十大权重股分别为紫金矿业(601899)、山东黄金(600547)、中金黄金(600489)、赤峰黄金(600988)、招金矿业(01818)、山金国际(000975)、山东黄金(01787)、紫金矿业,2026-01-26 09:37:57,东方财富证券,http://finance.eastmoney.com/a/202601263630162251.html,,,,,,,,,,agent_preflight
601899,197只股短线走稳 站上五日均线,56.10 60.58 7.98 601869 长飞光纤 10.00 2.69 115.82 123.84 6.92 603993 洛阳钼业 8.44 1.62 23.29 24.68 5.98 688110 东芯股份 8.27 6.32 123.40 130.25 5.55 601899,2026-01-26 11:01:04,证券时报网,http://finance.eastmoney.com/a/202601263630398396.html,,,,,,,,,,agent_preflight
601899,今日盘中突破五日均线个股一览,7.21 2.07 23.23 24.40 5.03 301111 粤万年青 6.37 9.70 22.09 23.20 5.02 603012 创力集团 8.03 8.44 7.70 8.07 4.75 300318 博晖创新 7.54 5.15 6.67 6.99 4.73 601899,2026-01-26 12:49:08,证券时报网,http://finance.eastmoney.com/a/202601263630434068.html,,,,,,,,,,agent_preflight
601899,165只股短线走稳 站上五日均线,2.31 23.22 24.36 4.89 688110 东芯股份 7.08 7.72 123.12 128.82 4.63 300086 康芝药业 4.56 13.01 10.54 11.01 4.42 603392 万泰生物 5.55 0.85 44.81 46.76 4.35 601899,2026-01-26 14:19:55,证券时报网,http://finance.eastmoney.com/a/202601263630547822.html,,,,,,,,,,agent_preflight
601899,金属铜概念涨3.81%，主力资金净流入这些股,5.39 5.19 -32220.21 -4.76 600988 赤峰黄金 9.97 7.91 -36994.62 -6.78 002716 湖南白银 9.98 17.19 -38864.01 -5.45 601186 中国铁建 1.35 2.71 -57170.01 -24.75 601899,2026-01-26 17:19:30,证券时报网,http://finance.eastmoney.com/a/202601263630726078.html,,,,,,,,,,agent_preflight
601899,金属锌概念涨5.85%，主力资金净流入这些股,9.93 2.57 -12009.50 -5.05 603077 和邦生物 -4.46 5.49 -12272.13 -9.68 000060 中金岭南 6.29 10.25 -29668.09 -7.96 002716 湖南白银 9.98 17.19 -38864.01 -5.45 601899,2026-01-26 17:19:32,证券时报网,http://finance.eastmoney.com/a/202601263630725945.html,,,,,,,,,,agent_preflight
601899,黄金概念涨5.02%，主力资金净流入这些股,5.39 5.19 -32220.21 -4.76 600988 赤峰黄金 9.97 7.91 -36994.62 -6.78 002716 湖南白银 9.98 17.19 -38864.01 -5.45 600089 特变电工 1.82 11.73 -50162.13 -2.87 601899,2026-01-26 17:19:32,证券时报网,http://finance.eastmoney.com/a/202601263630726537.html,,,,,,,,,,agent_preflight
601899,金属钴概念涨2.70%，主力资金净流入这些股,0.31 6.89 -9615.56 -1.55 601669 中国电建 0.17 3.02 -10269.29 -4.35 300409 道氏技术 -2.25 12.63 -24928.92 -9.04 000060 中金岭南 6.29 10.25 -29668.09 -7.96 601899,2026-01-26 17:19:46,证券时报网,http://finance.eastmoney.com/a/202601263630723895.html,,,,,,,,,,agent_preflight
601899,金属铅概念涨6.22%，主力资金净流入20股,4.46 5.49 -12272.13 -9.68 000060 中金岭南 6.29 10.25 -29668.09 -7.96 600988 赤峰黄金 9.97 7.91 -36994.62 -6.78 002716 湖南白银 9.98 17.19 -38864.01 -5.45 601899,2026-01-26 17:19:54,证券时报网,http://finance.eastmoney.com/a/202601263630723948.html,,,,,,,,,,agent_preflight
601899,28.51亿元资金今日流出有色金属股,中金黄金 10.00 2.63 9645.39 　　有色金属行业资金流出榜 代码 简称 今日涨跌幅（%） 今日换手率（%） 主力资金流量（万元） 601212 白银有色 10.03 8.50 -139723.05 000630 铜陵有色 10.06 10.02 -85731.73 601899,2026-01-26 17:20:36,证券时报网,http://finance.eastmoney.com/a/202601263630725463.html,,,,,,,,,,agent_preflight
601899,601899，尾盘突现超40亿元压单,今日A股尾盘集合竞价阶段再现异常波动，多只核心权重股同步出现巨额卖单压盘现象，其中紫金矿业（601899）压单金额超40亿元。中国平安、江西铜业、中国中免、山东黄金、万华化学、贵州茅台等多只行业龙头股压单金额亦超4亿元。,2026-01-26 17:30:18,上海证券报,http://finance.eastmoney.com/a/202601263630734334.html,,,,,,,,,,agent_preflight
601899,尾盘异动！601899，现巨额压单！,值得注意的是，紫金矿业（601899）盘中大涨近8%，续创历史新高，全日成交262.7亿元，位居A股成交额首位。该股尾盘现巨额压单，压单金额超40亿元。此外，中国平安、江西铜业、山东黄金、万华化学等尾盘均出现大额压单。,2026-01-26 19:09:16,证券时报,http://finance.eastmoney.com/a/202601263630818647.html,,,,,,,,,,agent_preflight
601899,紫金矿业：子公司拟以约280亿元收购联合黄金100%股权,每经AI快讯，1月26日，紫金矿业(601899.SH)公告称，公司控股的紫金黄金国际有限公司拟以44加元/股的价格，收购在多伦多证券交易所和纽约证券交易所两地上市的Allied Gold Corporation全部已发行的普通股，收购对价共计约55亿加元（约合人民币280亿元）。,2026-01-26 19:32:36,每日经济新闻,http://finance.eastmoney.com/a/202601263630829352.html,,,,,,,,,,agent_preflight
601899,紫金矿业：拟以280亿元收购联合黄金100%股权 其拥有金资源量533吨,人民财讯1月26日电，紫金矿业(601899)1月26日公告，公司控股的紫金黄金国际有限公司拟以44加元/股的价格，收购在多伦多证券交易所和纽约证券交易所两地上市的Allied Gold Corporation（简称“联合黄金”）全部已发行的普通股，收购对价共计约55亿加元（约合人民币,2026-01-26 19:41:43,人民财讯,http://finance.eastmoney.com/a/202601263630839297.html,,,,,,,,,,agent_preflight
601899,紫金矿业：拟以280亿元收购联合黄金100%股权,南方财经1月26日电，紫金矿业(601899.SH)公告称，公司控股的紫金黄金国际有限公司拟以44加元/股的价格，收购在多伦多证券交易所和纽约证券交易所两地上市的Allied Gold Corporation全部已发行的普通股，收购对价共计约55亿加元（约合人民币280亿元）。,2026-01-26 19:50:12,南方财经网,http://finance.eastmoney.com/a/202601263630842770.html,,,,,,,,,,agent_preflight
601899,280亿人民币大手笔：紫金矿业拟收购非洲三大金矿，拿下533吨黄金资源,1月26日，紫金矿业（601899/02899）发布公告，控股公司紫金黄金国际（02259）拟以44加元/股的现金价格收购Allied Gold Corporation（联合黄金）100%股权，收购对价共计约55亿加元（约合280亿元）。,2026-01-26 19:59:47,财中社,http://finance.eastmoney.com/a/202601263630849520.html,,,,,,,,,,agent_preflight
601899,紫金矿业子公司拟280亿元收购联合黄金100%股权,北京商报讯1月26日晚间，紫金矿业（601899）披露公告称，公司控股的紫金黄金国际与Allied Gold Corporation签署《安排协议》，紫金黄金国际拟以44加元/股的现金价格，收购联合黄金全部已发行的普通股，收购对价共计约55亿加元（约合人民币280亿元）。,2026-01-26 20:17:29,北京商报,http://finance.eastmoney.com/a/202601263630859437.html,,,,,,,,,,agent_preflight
601899,万亿巨头出手！601899，拟280亿元买金矿！,金价迭创新高之际，A股黄金板块市值最大的公司紫金矿业(601899)再出手加码黄金赛道：拟280亿元（人民币，下同）收购黄金资产。,2026-01-26 21:00:54,证券时报网,http://finance.eastmoney.com/a/202601263630901766.html,,,,,,,,,,agent_preflight
601899,大手笔！万亿黄金股拟280亿元收购联合黄金100%股权|盘后公告集锦,今日聚焦 　　【紫金矿业：拟以280亿元收购联合黄金100%股权其拥有金资源量533吨】 　　紫金矿业(601899.SH)公告称，公司控股的紫金黄金国际有限公司拟以44加元/股的价格，收购在多伦多证券交易所和纽约证券交易所两地上市的Allied Gold Corporation全部已发行的普通股,2026-01-26 21:18:03,财联社,http://finance.eastmoney.com/a/202601263630931745.html,,,,,,,,,,agent_preflight
601899,资源股火热！两公司跻身“万亿市值俱乐部”,1月26日，A股市场资源与能源股大涨，紫金矿业（601899）、中国海油（600938）盘中双双创出股价新高，总市值均突破万亿元，跻身“万亿市值俱乐部”。与此同时，白银有色、湖南黄金、兴业银锡等多只有色金属股涨停。,2026-01-26 21:53:55,上海证券报,http://finance.eastmoney.com/a/202601263630973185.html,,,,,,,,,,agent_preflight
601899,万亿巨头出手！拟280亿元买金矿,金价迭创新高之际，A股黄金板块市值最大的公司紫金矿业（601899）再出手加码黄金赛道：拟280亿元（人民币，下同）收购黄金资产。,2026-01-26 21:58:31,证券时报,http://finance.eastmoney.com/a/202601263630974588.html,,,,,,,,,,agent_preflight
601899,【中证快报】1月26日中证投资资讯,【公司动向】 紫金矿业拟以280亿元收购联合黄金100%股权 　　紫金矿业（601899）控股的紫金黄金国际有限公司拟以44加元/股的价格，收购在多伦多证券交易所和纽约证券交易所两地上市的Allied Gold Corporation（简称“联合黄金”）全部已发行的普通股，收购对价共计约,2026-01-26 22:23:52,中国证券报·中证金牛座,http://finance.eastmoney.com/a/202601263631014756.html,,,,,,,,,,agent_preflight
601899,紫金矿业非洲大扫货 拟280亿元收购联合黄金,1月26日，中国矿业巨头紫金矿业（SH601899，股价39.5元，市值1.05万亿元）宣布重磅收购计划。,2026-01-26 22:59:23,每日经济新闻,http://finance.eastmoney.com/a/202601263631034328.html,,,,,,,,,,agent_preflight
601899,紫金矿业拟280亿元收购加拿大联合黄金 标的公司2029年黄金产量有望增至25吨|速读公告,财联社1月26日讯（记者梁祥才）紫金矿业（601899.SH）拟豪掷约280亿元人民币将非洲大型金矿资产收入囊中。,2026-01-26 23:29:20,财联社,http://finance.eastmoney.com/a/202601263631041361.html,,,,,,,,,,agent_preflight
601899,紫金矿业拟280亿元收购海外黄金资产,证券时报记者严翠 　　1月26日晚间，A股黄金板块市值最大的公司紫金矿业(601899)公告，公司控股的紫金黄金国际拟以44加元/股的现金价格收购Allied Gold Corporation（简称“联合黄金”）全部已发行的普通股，收购对价共计约55亿加元（约合人民币280亿元）。,2026-01-27 01:44:41,证券时报,http://finance.eastmoney.com/a/202601273631069337.html,,,,,,,,,,agent_preflight
601899,上证早知道｜280亿元，紫金矿业拟收购黄金资产！亚马逊，云服务涨价！商业航天，招标2.2亿元,○紫金矿业（601899）控股的紫金黄金国际有限公司拟以44加元/股的价格，收购在多伦多证券交易所和纽约证券交易所两地上市的Allied Gold Corporation全部已发行的普通股，收购对价共计约55亿加元（约合人民币280亿元）。,2026-01-27 06:53:57,上海证券报,http://finance.eastmoney.com/a/202601273631094075.html,,,,,,,,,,agent_preflight
601899,出手280亿元！紫金矿业拟“扫货”非洲三座大型金矿,1月26日晚间，紫金矿业(601899.SH/02899.HK)发布公告称，旗下公司紫金黄金国际拟以44加元/股的现金价格收购加拿大Allied Gold Corporatio(联合黄金)全部已发行的普通股，收购对价共计约55亿加元，约合人民币280亿元。,2026-01-27 08:54:31,界面新闻,http://finance.eastmoney.com/a/202601273631343090.html,,,,,,,,,,agent_preflight
601899,紫金矿业公告“280亿元全资收购联合黄金”，收盘总市值重回万亿元,值得注意的是，1月26日，紫金矿业(601899.SH）A股盘中触及40.48元/股的历史新高，收盘报39.5元/股，日内涨幅5.17%，成交额262.66亿元，总市值1.05万亿元。,2026-01-27 09:26:59,广州日报,http://finance.eastmoney.com/a/202601273631540127.html,,,,,,,,,,agent_preflight
601899,53股获融资客大手笔净买入,601390 中国中铁 9.23 23410.81 255511.23 2.15 建筑装饰 000792 盐湖股份 0.90 23037.07 520210.01 2.74 基础化工 300750 宁德时代 -1.43 22479.28 2281975.85 1.57 电力设备 601899,2026-01-27 09:50:57,证券时报网,http://finance.eastmoney.com/a/202601273631676141.html,,,,,,,,,,agent_preflight
601899,紫金矿业280亿“扫货”！湖南黄金也出手，金价长牛下矿企“抢矿”潮起,同日晚间，紫金矿业（601899.SH/02899.HK）公告，其控股的紫金黄金国际有限公司（以下简称“紫金黄金国际”，02259.HK）拟以44加元/股的现金价格，收购Allied Gold Corporation（以下简称“联合黄金”，AAUC）全部已发行的普通股，收购对价共计约,2026-01-27 11:15:54,时代周报,http://finance.eastmoney.com/a/202601273631935610.html,,,,,,,,,,agent_preflight
601899,280亿扫货金矿，万亿龙头紫金矿业大涨,1月27日，万亿矿业巨头紫金矿业迎来股价大涨，截至当日10时，公司港股（2899.HK）报44.6港元，涨幅5.74%；A股（601899.SH）报41.41元/股，涨幅4.84%。,2026-01-27 11:43:21,21世纪经济报道,http://finance.eastmoney.com/a/202601273631961028.html,,,,,,,,,,agent_preflight
601899,601899，成交额A股第一,盘面上，金银价表现坚挺，贵金属、有色金属股再度大涨，紫金矿业（601899）再度创出历史新高，半日成交212亿元位居A股第一。半导体、CPO等AI算力环节盘中走强，东芯股份“20cm”涨停。,2026-01-27 13:00:11,上海证券报,http://finance.eastmoney.com/a/202601273631984929.html,,,,,,,,,,agent_preflight
601899,紫金矿业拟斥资280亿元收购联合黄金,1月26日，紫金矿业（601899.SH、02899.HK）发布公告称，其控股子公司紫金黄金国际（02259.HK）与在多伦多、纽约两地上市的联合黄金（Allied Gold Corporation，股票代码：AAUC）签署《安排协议》，拟以44加元/股的现金价格，收购联合黄金全部已发行的普通股,2026-01-27 13:21:02,中国经营报,http://finance.eastmoney.com/a/202601273632026837.html,,,,,,,,,,agent_preflight
601899,紫金黄金280亿并购非洲金矿股价大涨，金价短期预期分歧初现,紫金矿业（601899.SH，02899.SZ）26日晚间发布公告，旗下控股上市公司紫金黄金国际（02259.HK）拟以55亿加元（约合人民币280亿元）的交易总额，收购加拿大联合黄金（AAUC）全部已发行的普通股，其核心资产为三座非洲大型金矿。,2026-01-27 13:48:50,第一财经,http://finance.eastmoney.com/a/202601273632055334.html,,,,,,,,,,agent_preflight
601899,紫金矿业拟280亿元收购非洲三座金矿，旗下公司持有四川黄金3354万股，四川黄金上演涨停板“三连击”！,紫金矿业：拟收购海外黄金资产 　　1月26日晚间，A股黄金板块市值最大的公司紫金矿业(601899)发布公告。,2026-01-27 16:21:17,金融投资网,http://finance.eastmoney.com/a/202601273632214512.html,,,,,,,,,,agent_preflight
601899,有色金属行业1月27日资金流向日报,有色金属行业资金流入榜 代码 简称 今日涨跌幅（%） 今日换手率（%） 主力资金流量（万元） 002149 西部材料 6.20 24.96 90975.95 002155 湖南黄金 10.01 0.19 6702.32 601609 金田股份 -1.21 5.15 6664.11 601899,2026-01-27 16:46:55,证券时报网,http://finance.eastmoney.com/a/202601273632243952.html,,,,,,,,,,agent_preflight
601899,280亿大手笔并购劲爆，紫金矿业“项目大型化”提速,紫金矿业（601899.SH）开年首单并购，选择了加拿大的金矿企业。 　　1月26日，紫金矿业公告，计划通过其控股子公司紫金黄金国际，以44加元/股的现金价格，收购联合黄金全部已发行的普通股，收购对价共计约55亿加元（约合人民币280亿元）。,2026-01-27 16:59:12,21世纪经济报道,http://finance.eastmoney.com/a/202601273632257329.html,,,,,,,,,,agent_preflight
601899,紫金矿业拟280亿元跨国收购黄金企业 快速布局海外黄金业务,在当前金价大幅上涨的背景下，紫金矿业（601899.SH）1月26日公布一项最新收购动作，公司计划以280亿元对加拿大一家黄金企业进行跨国收购，以快速拓展公司黄金业务的海外布局。,2026-01-27 17:33:36,经济参考网,http://finance.eastmoney.com/a/202601273632293958.html,,,,,,,,,,agent_preflight
601899,豪掷280亿！“矿茅”紫金矿业再出手，监管审批成关键考验,金价持续飙涨下，“矿茅”紫金矿业（601899.SH）再度出手买矿。,2026-01-27 17:47:17,新京报,http://finance.eastmoney.com/a/202601273632308620.html,,,,,,,,,,agent_preflight
601899,又一黄金板块公司披露业绩预告，中金黄金2025年净利预增超58% 赶上全年金价涨幅了吗？,与紫金矿业增长路径迥异 　　与中金黄金形成鲜明对比的是行业龙头紫金矿业（601899.SH）。紫金矿业2025年预计实现归属于上市公司股东的净利润510亿至520亿元，同比增长59%至62%，体量预计为中金黄金的10倍以上。,2026-01-27 18:44:47,每日经济新闻,http://finance.eastmoney.com/a/202601273632356887.html,,,,,,,,,,agent_preflight
601899,紫金矿业280亿海外“淘金”，紫金黄金国际市值单日增长约648亿港元,（图片来源：视觉中国） 　　蓝鲸新闻1月27日讯1月26日晚间，紫金矿业（601899.SH/2899.HK）发布公告称，其控股子公司紫金黄金国际（2259.HK）拟以44加元/股的价格，全额收购加拿大Allied Gold Corporatio（以下简称“联合黄金”）全部已发行普通股,2026-01-27 19:04:15,蓝鲸新闻,http://finance.eastmoney.com/a/202601273632370028.html,,,,,,,,,,agent_preflight
601899,受益火热行情 “有色茅”紫金矿业2025年预盈超510亿元 | 债市财报观察,财联社1月27日讯 近日，被市场称为“有色茅”的紫金矿业集团股份有限公司（简称“紫金矿业”，601899.SH）公告，其控股子公司紫金黄金国际有限公司拟以约280亿元收购加拿大上市公司Allied Gold Corporation（简称“联合黄金”）全部已发行普通股，意在补强公司黄金板块的非洲布局,2026-01-27 20:19:11,财联社,http://finance.eastmoney.com/a/202601273632446344.html,,,,,,,,,,agent_preflight
601899,地缘冲突与央行购金共振，现货黄金涨破5200美元，黄金股票ETF涨超3%,数据显示，截至2025年12月31日，中证沪深港黄金产业股票指数(931238)前十大权重股分别为紫金矿业(601899)、山东黄金(600547)、中金黄金(600489)、赤峰黄金(600988)、招金矿业(01818)、山金国际(000975)、山东黄金(01787)、紫金矿业,2026-01-28 09:43:57,东方财富证券,http://finance.eastmoney.com/a/202601283633294748.html,,,,,,,,,,agent_preflight
601899,41股获杠杆资金净买入超亿元,1月27日涨跌幅（%） 融资净买入额（万元） 最新融资余额（万元） 占流通市值比例（%） 所属行业 300394 天孚通信 7.20 75553.57 628589.82 3.86 通信 601615 明阳智能 5.79 57071.11 139977.07 2.46 电力设备 601899,2026-01-28 09:44:25,证券时报网,http://finance.eastmoney.com/a/202601283633281266.html,,,,,,,,,,agent_preflight
601899,紫金矿业蜕变之年,紫金矿业（601899.SH、02899.HK）1月28日发布了2025年度业绩预告。报告显示，公司预计全年实现归属于上市公司股东的净利润在510亿元至520亿元之间，同比增长59%至62%；扣除非经常性损益后的净利润预计为475亿元至485亿元，同比增幅达50%至53%。,2026-01-28 11:39:49,国际金融报,http://finance.eastmoney.com/a/202601283633403544.html,,,,,,,,,,agent_preflight
601899,42.08亿主力资金净流入 金属铜概念涨4.91%,000960 锡业股份 5.34 4.36 11170.18 3.42 601969 海南矿业 7.59 5.26 11080.07 8.60 002266 浙富控股 3.87 6.62 9876.98 6.06 600338 西藏珠峰 4.95 11.04 9415.07 4.46 601899,2026-01-28 17:11:01,证券时报网,http://finance.eastmoney.com/a/202601283633684934.html,,,,,,,,,,agent_preflight
601899,金属钴概念上涨3.57%，7股主力资金净流入超亿元,601969 海南矿业 7.59 5.26 11080.07 8.60 002266 浙富控股 3.87 6.62 9876.98 6.06 002460 赣锋锂业 1.99 6.97 8489.41 1.38 002601 龙佰集团 2.13 2.35 8468.91 8.08 601899,2026-01-28 17:11:02,证券时报网,http://finance.eastmoney.com/a/202601283633684810.html,,,,,,,,,,agent_preflight
601899,小金属概念涨3.94%，主力资金净流入101股,300619 金银河 7.09 11.24 9086.66 10.20 600058 五矿发展 5.83 7.89 8917.23 6.89 002460 赣锋锂业 1.99 6.97 8489.41 1.38 002601 龙佰集团 2.13 2.35 8468.91 8.08 601899,2026-01-28 17:11:17,证券时报网,http://finance.eastmoney.com/a/202601283633689172.html,,,,,,,,,,agent_preflight
601899,50.13亿主力资金净流入，黄金概念涨7.54%,601969 海南矿业 7.59 5.26 11080.07 8.60 002266 浙富控股 3.87 6.62 9876.98 6.06 300139 晓程科技 20.01 25.67 9550.26 2.39 002867 周大生 8.17 6.80 8502.72 8.36 601899,2026-01-28 17:11:47,证券时报网,http://finance.eastmoney.com/a/202601283633684388.html,,,,,,,,,,agent_preflight
601899,金属锌概念涨6.91%，主力资金净流入这些股,000603 盛达资源 10.01 10.36 12530.98 2.83 000960 锡业股份 5.34 4.36 11170.18 3.42 002266 浙富控股 3.87 6.62 9876.98 6.06 600338 西藏珠峰 4.95 11.04 9415.07 4.46 601899,2026-01-28 17:20:52,证券时报网,http://finance.eastmoney.com/a/202601283633692252.html,,,,,,,,,,agent_preflight
601899,金属铅概念涨6.92%，主力资金净流入30股,000603 盛达资源 10.01 10.36 12530.98 2.83 000960 锡业股份 5.34 4.36 11170.18 3.42 002266 浙富控股 3.87 6.62 9876.98 6.06 600338 西藏珠峰 4.95 11.04 9415.07 4.46 601899,2026-01-28 17:20:55,证券时报网,http://finance.eastmoney.com/a/202601283633692944.html,,,,,,,,,,agent_preflight
601899,黄金股ETF“疯”了！市场追捧六只产品，月内涨幅均超50％,从黄金开采股个股表现来看，作为第一大配置股的紫金矿业（601899.SH）从1月26日至1月28日三日涨幅超过10%，湖南黄金（002155.SZ）、招金黄金（000506.SZ）已经出现连续三个涨停，赤峰黄金（600988.SH）和赤峰黄金（600489.SH）则出现三日两涨停局面,2026-01-28 18:27:45,华夏时报网,http://stock.eastmoney.com/a/202601283634099893.html,,,,,,,,,,agent_preflight
601899,紫金、洛钼、江铜等超660亿海外买矿 金价新高下各家“豪赌”成败几何？,2025年以来，紫金矿业（601899.SH）、洛阳钼业（603993.SH）、江西铜业（600362.SH）、灵宝黄金（03330.HK）等上市公司加速海外“淘金”。 　　已跻身全球前5大黄金上市企业之列的紫金矿业，近一年多累计超450亿元连收7个海外金矿。,2026-01-28 19:21:56,界面新闻,http://finance.eastmoney.com/a/202601283633833140.html,,,,,,,,,,agent_preflight
601899,湖南黄金资产重组 拟收购价值6000亿元金矿,其中，紫金矿业（601899.SH、02899.HK）预计全年净利润510亿至520亿元，同比增长59%至62%；赤峰黄金（600988.SH、06693.HK）预计净利润30亿至32亿元，同比增长70%至81%，行业整体迎来“丰收年”。,2026-01-28 19:23:29,中国经营报,http://finance.eastmoney.com/a/202601283633831612.html,,,,,,,,,,agent_preflight
601899,64股受融资客青睐 净买入超亿元,（数据宝） 　　1月28日融资客净买入金额排名 代码 简称 1月28日涨跌幅（%） 融资净买入额（万元） 最新融资余额（万元） 占流通市值比例（%） 所属行业 601899 紫金矿业 4.16 147056.65 1273802.10 1.46 有色金属 300394 天孚通信 4.53,2026-01-29 09:50:36,证券时报网,http://finance.eastmoney.com/a/202601293634826852.html,,,,,,,,,,agent_preflight
601899,金价冲天！黄金股再掀涨停潮，金矿业绩清一色预喜,紫金矿业（601899.SH）预计，2025年实现净利润约510亿元至520亿元，同比增长59%至62%。2025年，紫金矿业的矿产金、矿产铜、矿产银、当量碳酸锂等主要矿产品产量均同比增加。其中，矿产金产量约90吨，同比约增23%。,2026-01-29 14:14:36,第一财经,http://finance.eastmoney.com/a/202601293635113728.html,,,,,,,,,,agent_preflight
601899,147.86亿元资金今日流出有色金属股,（数据宝） 　　有色金属行业资金流入榜 代码 简称 今日涨跌幅（%） 今日换手率（%） 主力资金流量（万元） 600111 北方稀土 6.09 10.78 166991.70 600392 盛和资源 10.00 11.70 79390.98 601899 紫金矿业 2.72 3.75,2026-01-29 16:58:26,证券时报网,http://stock.eastmoney.com/a/202601293635305222.html,,,,,,,,,,agent_preflight
601899,12股今日获机构买入评级,603466 风语筑 华鑫证券 买入 买入 9.34 600418 江淮汽车 财通证券 增持 增持 55.01 600699 均胜电子 国联民生 推荐 推荐 28.18 600983 惠而浦 国盛证券 买入 未评级 10.86 002292 奥飞娱乐 华鑫证券 买入 买入 9.37 601899,2026-01-29 17:47:34,证券时报网,http://finance.eastmoney.com/a/202601293635377232.html,,,,,,,,,,agent_preflight
601899,51只股收盘价创历史新高,建筑材料 603196 日播时尚 28.68 4.94 纺织服饰 605155 西大门 20.74 4.85 轻工制造 688409 富创精密 103.01 4.06 电子 601336 新华保险 85.01 2.81 非银金融 002718 友邦吊顶 80.01 2.80 建筑材料 601899,2026-01-29 17:47:52,证券时报网,http://finance.eastmoney.com/a/202601293635377441.html,,,,,,,,,,agent_preflight
601899,2025年A股上市公司市值管理报告：4138企齐涨 工业富联逆袭万亿 茅台市值领跌,头部企业中，紫金矿业(601899.SH)市值增长超5000亿元，排名第一，成为A股资源股标杆，其全球资源布局、成本控制优势及多元化矿产储备，在战略资源价值重估中获得显著溢价，受益于黄金、铜价同步走强。,2026-01-29 21:38:13,时代财经,http://finance.eastmoney.com/a/202601293635609332.html,,,,,,,,,,agent_preflight
601899,杠杆资金大手笔加仓股名单,（数据宝） 　　1月29日融资客净买入金额排名 代码 简称 1月29日涨跌幅（%） 融资净买入额（万元） 最新融资余额（万元） 占流通市值比例（%） 所属行业 601899 紫金矿业 2.72 104209.75 1378011.85 1.54 有色金属 300394 天孚通信 2.02,2026-01-30 09:41:01,证券时报网,http://finance.eastmoney.com/a/202601303636400773.html,,,,,,,,,,agent_preflight
601899,紫金矿业：拟发行于2031年到期的15亿美元零息有担保可换股债券,1月30日，紫金矿业（601899/02899）发布公告，于1月29日H股交易时段后，公司、全资子公司金凯投资控股有限公司（发行人）与承销商签署认购协议，拟发行本金总额15亿美元的2031年到期零息有担保可转换公司债券，发行价为债券本金的102.50%，以记名形式发行。,2026-01-30 10:33:17,财中社,http://finance.eastmoney.com/a/202601303636664217.html,,,,,,,,,,agent_preflight
601899,金属锌概念下跌6.75%，16股主力资金净流出超亿元,（数据宝） 　　金属锌概念资金流出榜 代码 简称 今日涨跌幅（%） 今日换手率（%） 主力资金流量（万元） 601899 紫金矿业 -7.62 3.25 -87928.16 600711 盛屯矿业 -9.57 6.73 -43053.25 002716 湖南白银 -9.98 5.51,2026-01-30 17:01:53,证券时报网,http://finance.eastmoney.com/a/202601303637021788.html,,,,,,,,,,agent_preflight
601899,金属铅概念下跌7.03%，16股主力资金净流出超亿元,（数据宝） 　　金属铅概念资金流出榜 代码 简称 今日涨跌幅（%） 今日换手率（%） 主力资金流量（万元） 601899 紫金矿业 -7.62 3.25 -87928.16 600711 盛屯矿业 -9.57 6.73 -43053.25 002716 湖南白银 -9.98 5.51,2026-01-30 17:01:57,证券时报网,http://finance.eastmoney.com/a/202601303637022436.html,,,,,,,,,,agent_preflight
601899,有色金属行业资金流出榜：北方稀土等51股净流出资金超亿元,159214.11 603993 洛阳钼业 -9.99 2.85 -150857.14 000630 铜陵有色 -10.01 8.79 -118254.93 002460 赣锋锂业 -7.01 7.25 -96138.57 002466 天齐锂业 -7.73 5.51 -91803.90 601899,2026-01-30 17:02:56,证券时报网,http://finance.eastmoney.com/a/202601303637020120.html,,,,,,,,,,agent_preflight
601899,48股特大单净流入资金超2亿元,特大单净流出资金排名 代码 简称 收盘价（元） 涨跌幅（%） 特大单净流入（亿元） 行业 300058 蓝色光标 23.33 -0.30 -18.26 传媒 600986 浙文互联 13.11 -4.86 -12.92 传媒 301308 江波龙 336.00 -6.35 -12.68 电子 601899,2026-01-30 17:03:10,证券时报网,http://finance.eastmoney.com/a/202601303637019313.html,,,,,,,,,,agent_preflight
601899,金属铜概念下跌6.17%，主力资金净流出73股,金属铜概念资金流出榜 代码 简称 今日涨跌幅（%） 今日换手率（%） 主力资金流量（万元） 603993 洛阳钼业 -9.99 2.85 -150857.14 000630 铜陵有色 -10.01 8.79 -118254.93 601899 紫金矿业 -7.62 3.25 -87928.16,2026-01-30 17:03:19,证券时报网,http://finance.eastmoney.com/a/202601303637029926.html,,,,,,,,,,agent_preflight
601899,黄金概念下跌6.46%，主力资金净流出63股,黄金概念资金流出榜 代码 简称 今日涨跌幅（%） 今日换手率（%） 主力资金流量（万元） 603993 洛阳钼业 -9.99 2.85 -150857.14 000630 铜陵有色 -10.01 8.79 -118254.93 601899 紫金矿业 -7.62 3.25 -87928.16,2026-01-30 17:04:04,证券时报网,http://finance.eastmoney.com/a/202601303637023540.html,,,,,,,,,,agent_preflight
601899,“八连板”后跌停！白银有色股价一月翻倍，暴涨背后去年业绩预亏超4.5亿元,其中，招金黄金涨幅最高，约为228.97%；西部黄金（601069.SH）、紫金矿业（601899.SH）涨幅分别达到133.63%和133.09%；赤峰黄金（600988.SH）涨幅为101.40%。,2026-01-30 22:27:24,时代周报,http://finance.eastmoney.com/a/202601303637365790.html,,,,,,,,,,agent_preflight
601899,湖南黄金资产重组 拟收购价值6000亿元金矿,其中，紫金矿业（601899.SH、02899.HK）预计全年净利润510亿至520亿元，同比增长59%至62%；赤峰黄金（600988.SH、06693.HK）预计净利润30亿至32亿元，同比增长70%至81%，行业整体迎来“丰收年”。,2026-01-31 04:21:11,中国经营网,http://finance.eastmoney.com/a/202601313637457334.html,,,,,,,,,,agent_preflight
601899,2月券商金股：机构扎堆推荐福斯特等股，市场短期或震荡整理,4.紫金矿业（601899.SH） 　　华龙证券： 　　（1）黄金价格强势上涨，公司业绩显著增长，铜业务贡献毛利较多，而黄金业务工业收入更多； 　　（2）公司坚持逆周期低成本并购和自主找矿勘查相结合，保证了在全球矿业成本普遍承压的情况下，重塑低成本高效益优势。,2026-02-02 17:06:13,21世纪经济报道,http://finance.eastmoney.com/a/202602023638736639.html,,,,,,,,,,agent_preflight
601899,金属锌概念下跌7.22%，主力资金净流出38股,金属锌概念资金流出榜 代码 简称 今日涨跌幅（%） 今日换手率（%） 主力资金流量（万元） 601899 紫金矿业 -8.79 3.47 -130716.47 002155 湖南黄金 -10.00 14.55 -62560.90 601390 中国中铁 -5.79 3.50 -40208.40,2026-02-02 17:16:31,证券时报网,http://finance.eastmoney.com/a/202602023638765541.html,,,,,,,,,,agent_preflight
601899,有色金属行业资金流出榜：紫金矿业、北方稀土等净流出资金居前,205.51 002988 豪美新材 -4.80 1.64 133.23 300930 屹通新材 -4.46 5.98 70.57 300835 龙磁科技 -5.15 7.32 28.14 　　有色金属行业资金流出榜 代码 简称 今日涨跌幅（%） 今日换手率（%） 主力资金流量（万元） 601899,2026-02-02 17:16:39,证券时报网,http://finance.eastmoney.com/a/202602023638767983.html,,,,,,,,,,agent_preflight
601899,金属铅概念下跌7.86%，主力资金净流出36股,（数据宝） 　　金属铅概念资金流出榜 代码 简称 今日涨跌幅（%） 今日换手率（%） 主力资金流量（万元） 601899 紫金矿业 -8.79 3.47 -130716.47 002155 湖南黄金 -10.00 14.55 -62560.90 601390 中国中铁 -5.79,2026-02-02 17:17:11,证券时报网,http://finance.eastmoney.com/a/202602023638770226.html,,,,,,,,,,agent_preflight
601899,24股特大单净流入资金超2亿元,特大单净流出资金排名 代码 简称 收盘价（元） 涨跌幅（%） 特大单净流入（亿元） 行业 300308 中际旭创 591.00 -8.94 -42.51 通信 300058 蓝色光标 21.37 -8.40 -17.17 传媒 300394 天孚通信 238.49 -4.00 -13.41 通信 601899,2026-02-02 17:30:41,证券时报网,http://finance.eastmoney.com/a/202602023638785363.html,,,,,,,,,,agent_preflight
601899,黄金概念下跌6.79%，17股主力资金净流出超亿元,（数据宝） 　　黄金概念资金流出榜 代码 简称 今日涨跌幅（%） 今日换手率（%） 主力资金流量（万元） 601899 紫金矿业 -8.79 3.47 -130716.47 603993 洛阳钼业 -9.21 3.07 -65641.68 002155 湖南黄金 -10.00 14.55,2026-02-02 17:36:46,证券时报网,http://finance.eastmoney.com/a/202602023638791788.html,,,,,,,,,,agent_preflight
601899,“钼爷”于泳：隐形资本局,彼时，连年经营困难、资不抵债的洛阳钼业启动混合所有制改革，复星集团、紫金矿业（601899.SH）等知名企业纷纷参与竞逐，但最终胜出的却是成立仅一年、毫无市场知名度的鸿商集团。,2026-02-02 19:23:18,财中社,http://finance.eastmoney.com/a/202602023638863615.html,,,,,,,,,,agent_preflight
601899,2只个股大宗交易超5000万元,2月2日大宗交易成交额居前股票 证券代码 证券简称 涨幅（%） 收盘价（元） 成交量（万股） 成交额（万元） 笔数 成交价（元） 折溢价（%） 601899 紫金矿业 -8.79 36.61 720.00 26359.20 1 36.61 0.00 688047 龙芯中科 -4.48,2026-02-02 21:53:42,证券时报网,http://finance.eastmoney.com/a/202602023639007031.html,,,,,,,,,,agent_preflight
601899,两融余额三连降 65股仍获杠杆资金大幅加仓,002230 科大讯飞 66.50 2.01 300475 香农芯创 46.43 -3.26 300502 新易盛 210.90 1.92 688521 芯原股份 24.96 -3.25 300033 同花顺 52.87 1.79 002475 立讯精密 68.53 -2.95 601899,2026-02-03 09:49:30,证券时报网,http://stock.eastmoney.com/a/202602033639736496.html,,,,,,,,,,agent_preflight
601899,有色金属行业资金流出榜：西部材料、兴业银锡等净流出资金居前,25103.92 000975 山金国际 1.59 5.38 -23644.53 601069 西部黄金 -1.39 10.61 -22414.26 600988 赤峰黄金 2.31 11.97 -19353.37 001337 四川黄金 -5.88 16.41 -19316.25 601899,2026-02-03 17:35:17,证券时报网,http://finance.eastmoney.com/a/202602033640197148.html,,,,,,,,,,agent_preflight
601899,10只个股大宗交易超5000万元,（数据宝） 　　2月3日大宗交易成交额居前股票 证券代码 证券简称 涨幅（%） 收盘价（元） 成交量（万股） 成交额（万元） 笔数 成交价（元） 折溢价（%） 600009 上海机场 0.10 30.54 1269.35 34856.32 3 27.46 -10.09 601899,2026-02-03 22:47:50,证券时报网,http://finance.eastmoney.com/a/202602033640453549.html,,,,,,,,,,agent_preflight
601899,券商2月金股出炉：电子行业最热 有色、汽车减配居前,个股方面，开源证券研报数据显示，根据全市场38家券商发布的金股去重统计后，紫金矿业（601899）、中际旭创（300308）、海光信息（688041）、万华化学（600309）等的热度最高。,2026-02-04 08:31:44,澎湃新闻,http://finance.eastmoney.com/a/202602043640749294.html,,,,,,,,,,agent_preflight
601899,24股受融资客青睐，净买入超亿元,300059 东方财富 0.84 15690.41 2738797.52 8.94 非银金融 600988 赤峰黄金 -3.14 15129.16 228700.95 3.57 有色金属 601212 白银有色 2.62 15079.39 59682.97 0.71 有色金属 601899,2026-02-05 09:44:35,证券时报网,http://finance.eastmoney.com/a/202602053642472514.html,,,,,,,,,,agent_preflight
601899,两融余额五连降 13股仍获杠杆资金大幅加仓,688981 中芯国际 131.21 2.59 601888 中国中免 50.17 -4.02 688726 拉普拉斯 8.19 2.56 600036 招商银行 129.98 -3.73 002230 科大讯飞 66.95 2.46 002475 立讯精密 67.77 -3.70 601899,2026-02-05 09:44:52,证券时报网,http://finance.eastmoney.com/a/202602053642455513.html,,,,,,,,,,agent_preflight
601899,26股特大单净流入资金超2亿元,华林证券 20.75 10.02 2.69 非银金融 300418 昆仑万维 59.26 0.65 2.67 传媒 　　特大单净流出资金排名 代码 简称 收盘价（元） 涨跌幅（%） 特大单净流入（亿元） 行业 300502 新易盛 383.00 -4.06 -14.23 通信 601899,2026-02-05 17:17:24,证券时报网,http://finance.eastmoney.com/a/202602053642842632.html,,,,,,,,,,agent_preflight
601899,有色金属行业今日净流出资金184.33亿元，紫金矿业等42股净流出资金超亿元,70.09 603937 丽岛新材 0.39 1.85 68.17 603045 福达合金 -1.17 2.78 58.29 300930 屹通新材 -1.24 2.82 31.01 　　有色金属行业资金流出榜 代码 简称 今日涨跌幅（%） 今日换手率（%） 主力资金流量（万元） 601899,2026-02-05 17:17:52,证券时报网,http://finance.eastmoney.com/a/202602053642844561.html,,,,,,,,,,agent_preflight
601899,金属铅概念下跌4.14%，主力资金净流出36股,（数据宝） 　　金属铅概念资金流出榜 代码 简称 今日涨跌幅（%） 今日换手率（%） 主力资金流量（万元） 601899 紫金矿业 -4.37 1.74 -193549.03 000426 兴业银锡 -6.33 8.26 -82083.85 600531 豫光金铅 -8.01 15.63,2026-02-05 17:18:12,证券时报网,http://finance.eastmoney.com/a/202602053642848928.html,,,,,,,,,,agent_preflight
601899,紫金矿业子公司完成发行本金额为15亿美元的零息有担保可换股债券,紫金矿业（601899/02899）发布公告，公司境外全资子公司Jinkai Investment Holdings Limited已于2026年2月5日完成发行15亿美元零息有担保可转换公司债券。,2026-02-05 18:28:26,财中社,http://finance.eastmoney.com/a/202602053642891532.html,,,,,,,,,,agent_preflight
601899,遇南非自2000年以来最猛洪灾！河钢资源铜矿停摆，靠磁铁矿“渡劫”,此外，时代周报注意到，紫金矿业（601899.SH）参股公司艾芬豪矿业旗下有一处位于南非林波波省的普拉特瑞夫(Platreef)铂族多金属矿。为了解该矿山是否受到此次洪灾影响，2月5日，时代周报记者致电紫金矿业证券部，对方表示暂不清楚。,2026-02-05 20:52:47,时代周报,http://finance.eastmoney.com/a/202602053643023085.html,,,,,,,,,,agent_preflight
601899,紫金矿业：到2028年铜、金矿产品产量进入全球前3位,紫金矿业(601899)2月9日早间公告，2月8日，公司董事会审议通过《公司三年（2026—2028年）主要矿产品产量规划和2035年远景目标纲要》。,2026-02-09 08:27:12,人民财讯,http://finance.eastmoney.com/a/202602093644927697.html,,,,,,,,,,agent_preflight
601899,2025预盈510-520亿 紫金矿业发布2026-2028产量规划 市值破1.1万亿,2月9日，紫金矿业（601899/02899）发布公告，2026年2月8日，公司召开第九届董事会2026年第4次临时会议，审议通过《公司三年（2026-2028年）主要矿产品产量规划和2035年远景目标纲要》。,2026-02-09 09:44:06,财中社,http://finance.eastmoney.com/a/202602093645094796.html,,,,,,,,,,agent_preflight
601899,紫金矿业发布三年发展规划！金铜产品剑指全球前三,【大河财立方消息】2月9日，紫金矿业（601899.SH）公告，董事会审议通过《公司三年（2026—2028年）主要矿产品产量规划和2035年远景目标纲要》。,2026-02-09 09:51:19,大河财立方,http://finance.eastmoney.com/a/202602093645105843.html,,,,,,,,,,agent_preflight
601899,77股特大单净流入资金超2亿元,电力设备 300502 新易盛 390.15 7.17 12.52 通信 300620 光库科技 184.70 17.72 11.82 通信 300364 中文在线 35.28 20.00 11.16 传媒 002129 TCL中环 11.68 9.98 10.35 电力设备 601899,2026-02-09 17:48:40,证券时报网,http://finance.eastmoney.com/a/202602093645538144.html,,,,,,,,,,agent_preflight
601899,金属锌概念下跌1.52%，9股主力资金净流出超亿元,华锡有色 0.16 2.25 767.50 600173 卧龙新能 0.23 3.84 778.53 001203 大中矿业 0.56 1.33 1544.13 000688 国城矿业 0.60 0.96 2827.48 000960 锡业股份 1.37 2.35 5157.35 601899,2026-02-10 16:58:29,证券时报网,http://finance.eastmoney.com/a/202602103646721891.html,,,,,,,,,,agent_preflight
601899,主力动向：2月10日特大单净流出135.34亿元,0.76 7.67 通信 300182 捷成股份 8.45 20.03 7.33 传媒 300274 阳光电源 155.49 1.42 7.02 电力设备 000815 美利云 15.53 9.99 5.96 计算机 002292 奥飞娱乐 10.88 10.01 5.91 传媒 601899,2026-02-10 17:47:24,证券时报网,http://finance.eastmoney.com/a/202602103646766853.html,,,,,,,,,,agent_preflight
601899,小金属概念涨1.95%，主力资金净流入107股,小金属概念资金流入榜 代码 简称 今日涨跌幅（%） 今日换手率（%） 主力资金流量（万元） 主力资金净流入比率（%） 600111 北方稀土 5.02 6.18 168395.15 13.40 002340 格林美 9.95 12.13 144964.37 25.22 601899,2026-02-11 16:37:46,证券时报网,http://finance.eastmoney.com/a/202602113647901591.html,,,,,,,,,,agent_preflight
601899,金属铜概念涨2.03%，主力资金净流入58股,（数据宝） 　　金属铜概念资金流入榜 代码 简称 今日涨跌幅（%） 今日换手率（%） 主力资金流量（万元） 主力资金净流入比率（%） 002340 格林美 9.95 12.13 144964.37 25.22 601899 紫金矿业 1.73 1.08 89782.52 10.23,2026-02-11 16:37:54,证券时报网,http://finance.eastmoney.com/a/202602113647900631.html,,,,,,,,,,agent_preflight
601899,金属铅概念涨2.36%，主力资金净流入28股,（数据宝） 　　金属铅概念资金流入榜 代码 简称 今日涨跌幅（%） 今日换手率（%） 主力资金流量（万元） 主力资金净流入比率（%） 601899 紫金矿业 1.73 1.08 89782.52 10.23 600988 赤峰黄金 3.92 4.49 28588.55 10.10,2026-02-11 16:38:03,证券时报网,http://finance.eastmoney.com/a/202602113647905974.html,,,,,,,,,,agent_preflight
601899,19.15亿主力资金净流入，金属锌概念涨2.41%,（数据宝） 　　金属锌概念资金流入榜 代码 简称 今日涨跌幅（%） 今日换手率（%） 主力资金流量（万元） 主力资金净流入比率（%） 601899 紫金矿业 1.73 1.08 89782.52 10.23 000960 锡业股份 2.26 3.36 23670.42 11.52,2026-02-11 16:38:07,证券时报网,http://finance.eastmoney.com/a/202602113647907116.html,,,,,,,,,,agent_preflight
601899,盐湖提锂概念涨1.42%，主力资金净流入35股,（数据宝） 　　盐湖提锂概念资金流入榜 代码 简称 今日涨跌幅（%） 今日换手率（%） 主力资金流量（万元） 主力资金净流入比率（%） 601899 紫金矿业 1.73 1.08 89782.52 10.23 603993 洛阳钼业 2.93 1.42 62146.56 10.82,2026-02-11 16:46:32,证券时报网,http://finance.eastmoney.com/a/202602113647917159.html,,,,,,,,,,agent_preflight
601899,金属钴概念涨2.76%，主力资金净流入23股,（数据宝） 　　金属钴概念资金流入榜 代码 简称 今日涨跌幅（%） 今日换手率（%） 主力资金流量（万元） 主力资金净流入比率（%） 002340 格林美 9.95 12.13 144964.37 25.22 601899 紫金矿业 1.73 1.08 89782.52 10.23,2026-02-11 16:46:33,证券时报网,http://finance.eastmoney.com/a/202602113647917315.html,,,,,,,,,,agent_preflight
601899,32股特大单净流入资金超2亿元,亿元） 行业 002340 格林美 9.50 9.95 14.40 电力设备 600111 北方稀土 56.31 5.02 14.17 有色金属 300017 网宿科技 20.45 9.48 10.42 计算机 603601 再升科技 12.10 10.00 8.95 建筑材料 601899,2026-02-11 17:01:14,证券时报网,http://finance.eastmoney.com/a/202602113647933171.html,,,,,,,,,,agent_preflight
601899,有色金属行业资金流入榜：北方稀土、紫金矿业等净流入资金居前,（数据宝） 　　有色金属行业资金流入榜 代码 简称 今日涨跌幅（%） 今日换手率（%） 主力资金流量（万元） 600111 北方稀土 5.02 6.18 168395.15 601899 紫金矿业 1.73 1.08 89782.52 000657 中钨高新 10.00 6.46,2026-02-11 17:02:28,证券时报网,http://finance.eastmoney.com/a/202602113647934453.html,,,,,,,,,,agent_preflight
601899,“中国金王”陈景河交棒后 “矿茅”紫金矿业开启新一轮扩张周期,“中国金王”陈景河主动交棒后，“矿茅”紫金矿业（601899.SH/2899.HK）正式开启新一轮全球扩张周期。,2026-02-12 08:13:49,澎湃新闻,http://finance.eastmoney.com/a/202602123648570154.html,,,,,,,,,,agent_preflight
601899,20倍溢价收购金矿，金徽股份跨界并购之举暗藏多重风险,数据来源：公告制图：界面新闻 　　相比两大黄金巨头山东黄金（600547.SH）、紫金矿业（601899.SH），福圣矿业金矿的吨金资源量收购价格高达1.31亿元，是山东黄金收购价格的7倍。,2026-02-12 15:44:21,界面新闻,http://finance.eastmoney.com/a/202602123649139483.html,,,,,,,,,,agent_preflight
601899,43股获杠杆资金净买入超亿元,通信 600821 金开新能 9.97 26504.60 102478.37 7.88 公用事业 600711 盛屯矿业 7.13 24340.17 187482.43 3.57 有色金属 688256 寒武纪-U 3.11 23759.13 1551966.96 3.33 电子 601899,2026-02-13 09:37:18,证券时报网,http://finance.eastmoney.com/a/202602133650101435.html,,,,,,,,,,agent_preflight
601899,紫金矿业增资至26.6亿,南方财经2月13日电，天眼查App显示，近日，紫金矿业（601899）发生工商变更，注册资本由约26.3亿人民币增至约26.6亿人民币。,2026-02-13 10:38:56,南方财经网,http://finance.eastmoney.com/a/202602133650194498.html,,,,,,,,,,agent_preflight
601899,紫金矿业增资至26.6亿元,每经AI快讯，天眼查App显示，近日，紫金矿业（601899）发生工商变更，注册资本由约26.3亿元人民币增至约26.6亿元人民币。,2026-02-13 11:13:47,每日经济新闻,http://finance.eastmoney.com/a/202602133650214417.html,,,,,,,,,,agent_preflight
601899,143.75亿元主力资金今日撤离有色金属板块,208.57 600615 鑫源智造 1.58 1.26 178.88 000688 国城矿业 2.83 2.51 176.24 688750 金天钛业 -1.37 2.20 159.99 　　有色金属行业资金流出榜 代码 简称 今日涨跌幅（%） 今日换手率（%） 主力资金流量（万元） 601899,2026-02-13 17:18:05,证券时报网,http://finance.eastmoney.com/a/202602133650465824.html,,,,,,,,,,agent_preflight
601899,金属钴概念下跌2.37%，11股主力资金净流出超亿元,（数据宝） 　　金属钴概念资金流出榜 代码 简称 今日涨跌幅（%） 今日换手率（%） 主力资金流量（万元） 601899 紫金矿业 -4.96 1.64 -278514.85 603993 洛阳钼业 -5.09 1.60 -137895.60 000426 兴业银锡 -4.11 3.64,2026-02-13 21:14:33,证券时报网,http://finance.eastmoney.com/a/202602133650649486.html,,,,,,,,,,agent_preflight
601899,主力动向：2月13日特大单净流出344.33亿元,301308 江波龙 303.69 3.75 3.84 电子 002475 立讯精密 50.80 0.73 3.69 电子 603466 风语筑 11.68 9.98 3.55 传媒 　　特大单净流出资金排名 代码 简称 收盘价（元） 涨跌幅（%） 特大单净流入（亿元） 行业 601899,2026-02-13 21:15:16,证券时报网,http://finance.eastmoney.com/a/202602133650654722.html,,,,,,,,,,agent_preflight
601899,41.52亿主力资金净流入，金属铅概念涨4.93%,） 　　金属铅概念资金流入榜 代码 简称 今日涨跌幅（%） 今日换手率（%） 主力资金流量（万元） 主力资金净流入比率（%） 601390 中国中铁 10.00 5.02 136738.68 22.21 002716 湖南白银 10.01 8.34 74880.52 25.83 601899,2026-02-24 16:32:28,证券时报网,http://finance.eastmoney.com/a/202602243652734635.html,,,,,,,,,,agent_preflight
601899,金属锌概念涨4.48%，主力资金净流入26股,） 　　金属锌概念资金流入榜 代码 简称 今日涨跌幅（%） 今日换手率（%） 主力资金流量（万元） 主力资金净流入比率（%） 601390 中国中铁 10.00 5.02 136738.68 22.21 002716 湖南白银 10.01 8.34 74880.52 25.83 601899,2026-02-24 16:32:36,证券时报网,http://finance.eastmoney.com/a/202602243652734878.html,,,,,,,,,,agent_preflight
601899,51.95亿元主力资金今日抢筹有色金属板块,（数据宝） 　　有色金属行业资金流入榜 代码 简称 今日涨跌幅（%） 今日换手率（%） 主力资金流量（万元） 002716 湖南白银 10.01 8.34 74880.52 601899 紫金矿业 4.08 1.20 37344.48 601212 白银有色 10.03 3.78,2026-02-24 17:05:44,证券时报网,http://finance.eastmoney.com/a/202602243652779357.html,,,,,,,,,,agent_preflight
601899,金属钴概念涨3.96%，主力资金净流入这些股,002340 格林美 4.35 8.26 13156.80 3.23 600711 盛屯矿业 5.24 5.19 13059.59 4.87 300919 中伟新材 5.76 2.43 10074.36 8.07 300409 道氏技术 3.55 8.22 10007.23 5.96 601899,2026-02-25 16:33:33,证券时报网,http://finance.eastmoney.com/a/202602253654081530.html,,,,,,,,,,agent_preflight
601899,140.34亿主力资金净流入，小金属概念涨4.00%,000969 安泰科技 3.33 5.60 7307.44 5.11 002114 罗平锌电 9.99 9.15 7087.12 23.20 002978 安宁股份 10.01 2.98 7073.12 16.04 002167 东方锆业 5.24 7.43 6208.66 7.84 601899,2026-02-25 16:34:09,证券时报网,http://finance.eastmoney.com/a/202602253654082881.html,,,,,,,,,,agent_preflight
601899,金属铅概念涨4.72%，主力资金净流入33股,000603 盛达资源 1.65 6.83 9398.57 4.09 300774 倍杰特 12.23 12.10 8042.77 13.88 002114 罗平锌电 9.99 9.15 7087.12 23.20 002538 司尔特 9.94 4.84 6451.11 20.09 601899,2026-02-25 16:38:27,证券时报网,http://finance.eastmoney.com/a/202602253654089723.html,,,,,,,,,,agent_preflight
601899,金属锌概念涨4.94%，主力资金净流入34股,000603 盛达资源 1.65 6.83 9398.57 4.09 300774 倍杰特 12.23 12.10 8042.77 13.88 002114 罗平锌电 9.99 9.15 7087.12 23.20 002538 司尔特 9.94 4.84 6451.11 20.09 601899,2026-02-25 16:38:29,证券时报网,http://finance.eastmoney.com/a/202602253654089973.html,,,,,,,,,,agent_preflight
601899,38.24亿主力资金净流入，金属铜概念涨4.02%,000762 西藏矿业 6.47 7.92 7582.76 6.26 002114 罗平锌电 9.99 9.15 7087.12 23.20 600307 酒钢宏兴 6.59 4.57 7004.48 12.49 002538 司尔特 9.94 4.84 6451.11 20.09 601899,2026-02-25 16:38:38,证券时报网,http://finance.eastmoney.com/a/202602253654091921.html,,,,,,,,,,agent_preflight
601899,近半主动权益基金净值新高 200多只“毛基”上岸 谁带来了开年“钱途”？,以西部利得策略优选A为例，该产品前十大重仓股中，有6只有色板块个股，如紫金矿业（601899.SH）、赤峰黄金（600988.SH）、山东黄金（600547.SH）等。 　　除周期行业，科技赛道依旧是基金经理的“心头好”。,2026-02-25 19:23:01,第一财经,http://finance.eastmoney.com/a/202602253654276926.html,,,,,,,,,,agent_preflight
601899,76股获杠杆资金净买入超亿元,电子 300395 菲利华 18.99 39609.35 307185.68 4.86 国防军工 600010 包钢股份 10.15 36680.12 305448.32 3.32 钢铁 600096 云天化 10.01 35727.36 232868.02 2.95 基础化工 601899,2026-02-26 09:30:54,证券时报网,http://finance.eastmoney.com/a/202602263654924074.html,,,,,,,,,,agent_preflight
601899,有色金属行业资金流出榜：北方稀土、洛阳钼业等净流出资金居前,有色金属行业资金流出榜 代码 简称 今日涨跌幅（%） 今日换手率（%） 主力资金流量（万元） 600111 北方稀土 -2.20 5.16 -155933.93 603993 洛阳钼业 -1.79 1.45 -80529.47 000657 中钨高新 2.33 9.52 -69206.42 601899,2026-02-26 16:59:43,证券时报网,http://finance.eastmoney.com/a/202602263655377056.html,,,,,,,,,,agent_preflight
601899,主力动向：2月26日特大单净流出161.48亿元,300274 阳光电源 145.65 -5.48 -16.36 电力设备 300750 宁德时代 346.00 -4.47 -15.73 电力设备 600111 北方稀土 59.10 -2.20 -12.74 有色金属 300059 东方财富 22.50 -1.06 -7.59 非银金融 601899,2026-02-26 17:18:28,证券时报网,http://finance.eastmoney.com/a/202602263655400479.html,,,,,,,,,,agent_preflight
601899,65股受融资客青睐 净买入超亿元,非银金融 002916 深南电路 10.00 16138.64 142736.36 0.74 电子 300017 网宿科技 -2.95 15801.82 331948.58 7.29 计算机 002497 雅化集团 -8.76 15793.70 103638.36 3.70 基础化工 601899,2026-02-27 09:43:59,证券时报网,http://finance.eastmoney.com/a/202602273656387012.html,,,,,,,,,,agent_preflight
601899,黄金概念涨2.72%，主力资金净流入55股,-2.61 12.52 -2605.94 -10.02 603588 高能环境 8.03 6.69 -2969.17 -2.28 600711 盛屯矿业 1.69 3.86 -9366.91 -4.70 000688 国城矿业 4.88 2.44 -10550.36 -9.93 601899,2026-02-27 17:23:28,证券时报网,http://finance.eastmoney.com/a/202602273656771279.html,,,,,,,,,,agent_preflight
601899,金属钴概念上涨3.18%，7股主力资金净流入超亿元,1.69 3.86 -9366.91 -4.70 601618 中国中冶 1.58 1.95 -13859.67 -12.52 601669 中国电建 0.88 2.35 -15723.65 -8.97 601390 中国中铁 2.44 2.62 -16175.33 -4.83 601899,2026-02-27 17:23:34,证券时报网,http://finance.eastmoney.com/a/202602273656771488.html,,,,,,,,,,agent_preflight
601899,金属锌概念涨4.23%，主力资金净流入27股,宏达股份 2.58 3.89 -7020.77 -4.54 600711 盛屯矿业 1.69 3.86 -9366.91 -4.70 000688 国城矿业 4.88 2.44 -10550.36 -9.93 601390 中国中铁 2.44 2.62 -16175.33 -4.83 601899,2026-02-27 17:23:44,证券时报网,http://finance.eastmoney.com/a/202602273656771563.html,,,,,,,,,,agent_preflight
601899,54.90亿主力资金净流入，金属铜概念涨3.46%,4.88 2.44 -10550.36 -9.93 601186 中国铁建 0.00 0.76 -11314.36 -17.60 601618 中国中冶 1.58 1.95 -13859.67 -12.52 601390 中国中铁 2.44 2.62 -16175.33 -4.83 601899,2026-02-27 17:23:46,证券时报网,http://finance.eastmoney.com/a/202602273656772084.html,,,,,,,,,,agent_preflight
601899,小金属概念涨3.52%，主力资金净流入112股,4.88 2.44 -10550.36 -9.93 601618 中国中冶 1.58 1.95 -13859.67 -12.52 601669 中国电建 0.88 2.35 -15723.65 -8.97 601390 中国中铁 2.44 2.62 -16175.33 -4.83 601899,2026-02-27 17:23:58,证券时报网,http://finance.eastmoney.com/a/202602273656772357.html,,,,,,,,,,agent_preflight
601899,99.83亿元资金今日流入有色金属股,600259 中稀有色 10.00 5.48 17454.42 002182 宝武镁业 9.99 3.63 16625.08 　　有色金属行业资金流出榜 代码 简称 今日涨跌幅（%） 今日换手率（%） 主力资金流量（万元） 002428 云南锗业 8.72 25.73 -54166.11 601899,2026-02-27 17:24:55,证券时报网,http://finance.eastmoney.com/a/202602273656774583.html,,,,,,,,,,agent_preflight
601899,金属铅概念上涨3.03%，5股主力资金净流入超亿元,1.62 -14464.43 -15.71 001203 大中矿业 -7.78 4.57 -19729.44 -8.65 601390 中国中铁 -1.11 2.56 -27258.07 -8.40 002716 湖南白银 10.01 21.53 -29952.17 -3.60 601899,2026-03-02 17:06:57,证券时报网,http://finance.eastmoney.com/a/202603023658614455.html,,,,,,,,,,agent_preflight
601899,黄金概念涨2.71%，主力资金净流入这些股,9.98 4.34 -28933.39 -3.73 002716 湖南白银 10.01 21.53 -29952.17 -3.60 000630 铜陵有色 6.18 7.57 -34484.42 -5.08 603993 洛阳钼业 3.38 2.66 -66234.22 -5.92 601899,2026-03-02 17:06:58,证券时报网,http://finance.eastmoney.com/a/202603023658610888.html,,,,,,,,,,agent_preflight
601899,金属铜概念上涨2.04%，7股主力资金净流入超亿元,1.11 2.56 -27258.07 -8.40 002716 湖南白银 10.01 21.53 -29952.17 -3.60 000630 铜陵有色 6.18 7.57 -34484.42 -5.08 603993 洛阳钼业 3.38 2.66 -66234.22 -5.92 601899,2026-03-02 17:07:06,证券时报网,http://finance.eastmoney.com/a/202603023658607786.html,,,,,,,,,,agent_preflight
601899,金属锌概念上涨3.23%，6股主力资金净流入超亿元,7.11 -13423.78 -3.43 001203 大中矿业 -7.78 4.57 -19729.44 -8.65 601390 中国中铁 -1.11 2.56 -27258.07 -8.40 002716 湖南白银 10.01 21.53 -29952.17 -3.60 601899,2026-03-02 17:58:01,证券时报网,http://finance.eastmoney.com/a/202603023658664044.html,,,,,,,,,,agent_preflight
601899,有色金属行业资金流出榜：湖南黄金、北方稀土等净流出资金居前,有色金属行业资金流出榜 代码 简称 今日涨跌幅（%） 今日换手率（%） 主力资金流量（万元） 002155 湖南黄金 10.00 16.98 -150186.54 600111 北方稀土 -1.06 5.68 -99271.63 002378 章源钨业 8.23 12.26 -75557.81 601899,2026-03-02 17:58:06,证券时报网,http://finance.eastmoney.com/a/202603023658663743.html,,,,,,,,,,agent_preflight
601899,两融余额五连升 858.82亿增量杠杆资金进场,000988 华工科技 68.54 10.32 17.73 26.74 300395 菲利华 33.61 9.40 38.82 34.99 600410 华胜天成 25.43 8.64 51.44 21.82 000426 兴业银锡 51.10 8.41 19.71 25.22 601899,2026-03-03 09:37:49,证券时报网,http://stock.eastmoney.com/a/202603033659946126.html,,,,,,,,,,agent_preflight
601899,44股获融资客大手笔净买入,（数据宝） 　　3月2日融资客净买入金额排名 代码 简称 3月2日涨跌幅（%） 融资净买入额（万元） 最新融资余额（万元） 占流通市值比例（%） 所属行业 601899 紫金矿业 3.08 58095.10 1321153.66 1.57 有色金属 300502 新易盛 5.87,2026-03-03 09:37:51,证券时报网,http://finance.eastmoney.com/a/202603033659590311.html,,,,,,,,,,agent_preflight
601899,金属铅概念下跌6.46%，主力资金净流出36股,金属铅概念资金流出榜 代码 简称 今日涨跌幅（%） 今日换手率（%） 主力资金流量（万元） 601899 紫金矿业 -4.68 2.01 -324148.70 002716 湖南白银 -9.79 17.62 -69764.54 601390 中国中铁 -3.53 2.49 -52519.46,2026-03-03 16:42:10,证券时报网,http://finance.eastmoney.com/a/202603033660391960.html,,,,,,,,,,agent_preflight
601899,有色金属行业今日跌5.61%，主力资金净流出229.54亿元,308.57 603271 永杰新材 -4.36 7.06 254.09 600219 南山铝业 -2.83 3.62 62.76 600615 鑫源智造 -4.00 2.30 61.51 　　有色金属行业资金流出榜 代码 简称 今日涨跌幅（%） 今日换手率（%） 主力资金流量（万元） 601899,2026-03-03 16:42:28,证券时报网,http://finance.eastmoney.com/a/202603033660395387.html,,,,,,,,,,agent_preflight
601899,主力动向：3月3日特大单净流出1155.21亿元,601988 中国银行 5.42 2.07 2.67 银行 601336 新华保险 76.86 1.52 2.47 非银金融 603123 翠微股份 13.69 4.66 2.47 商贸零售 　　特大单净流出资金排名 代码 简称 收盘价（元） 涨跌幅（%） 特大单净流入（亿元） 行业 601899,2026-03-03 17:43:40,证券时报网,http://finance.eastmoney.com/a/202603033660468549.html,,,,,,,,,,agent_preflight
601899,有色金属行业资金流出榜：紫金矿业等28股净流出资金超亿元,000962 东方钽业 1.63 4.81 2040.34 300057 万顺新材 -0.66 5.35 1705.05 002203 海亮股份 -0.42 1.29 1573.72 　　有色金属行业资金流出榜 代码 简称 今日涨跌幅（%） 今日换手率（%） 主力资金流量（万元） 601899,2026-03-04 16:42:38,证券时报网,http://finance.eastmoney.com/a/202603043661761654.html,,,,,,,,,,agent_preflight
601899,主力动向：3月4日特大单净流出332.01亿元,中国船舶 38.56 2.64 3.18 国防军工 600089 特变电工 30.87 4.01 3.17 电力设备 　　特大单净流出资金排名 代码 简称 收盘价（元） 涨跌幅（%） 特大单净流入（亿元） 行业 300308 中际旭创 539.00 -4.40 -16.09 通信 601899,2026-03-04 17:10:37,证券时报网,http://finance.eastmoney.com/a/202603043661794249.html,,,,,,,,,,agent_preflight
601899,解密主力资金出逃股 连续5日净流出997股,（数据宝） 　　连续5日或以上主力资金净流出个股排名 证券代码 证券简称 主力资金净流出天数 主力资金净流出金额（亿元） 主力资金净流出比例（%） 累计涨跌幅（%） 601899 紫金矿业 5 65.96 10.19 -4.21 603986 兆易创新 6 61.45 13.16,2026-03-04 17:10:53,证券时报网,http://finance.eastmoney.com/a/202603043661794420.html,,,,,,,,,,agent_preflight
601899,券商3月金股出炉：石油石化增配居前，中际旭创热度第一,中国巨石（600176）、紫金矿业（601899）等紧随其后，合计均被推荐了6次。首旅酒店（600258）、洛阳钼业（603993）等排名第三，合计均被推荐了5次。,2026-03-05 07:58:53,澎湃新闻,http://finance.eastmoney.com/a/202603053662386025.html,,,,,,,,,,agent_preflight
601899,券商3月金股出炉：石油石化增配居前 中际旭创热度第一,中国巨石（600176）、紫金矿业（601899）等紧随其后，合计均被推荐了6次。首旅酒店（600258）、洛阳钼业（603993）等排名第三，合计均被推荐了5次。,2026-03-05 08:02:11,澎湃新闻,http://finance.eastmoney.com/a/202603053662385820.html,,,,,,,,,,agent_preflight
601899,80.00亿元资金今日流出有色金属股,000969 安泰科技 3.23 5.11 2373.67 300855 图南股份 0.98 2.96 1704.52 002428 云南锗业 -0.58 10.31 1665.23 　　有色金属行业资金流出榜 代码 简称 今日涨跌幅（%） 今日换手率（%） 主力资金流量（万元） 601899,2026-03-05 17:50:21,证券时报网,http://finance.eastmoney.com/a/202603053663259915.html,,,,,,,,,,agent_preflight
601899,59股特大单净流入资金超2亿元,601600 中国铝业 14.79 2.35 5.37 有色金属 002456 欧菲光 9.78 10.01 5.31 电子 　　特大单净流出资金排名 代码 简称 收盘价（元） 涨跌幅（%） 特大单净流入（亿元） 行业 688525 佰维存储 191.50 8.81 -15.02 电子 601899,2026-03-05 17:52:14,证券时报网,http://finance.eastmoney.com/a/202603053663260281.html,,,,,,,,,,agent_preflight
601899,抢占人民币升值“窗口期” 内企巨头纷纷赴港发行无息可转债,截至今年2月末，包括中国平安（601318.SH）、中国太保（601601.SH）、广发证券（000776.SZ）、华泰证券（601688.SH）、赣锋锂业（002460.SZ）、洛阳钼业（603993.SH）、紫金矿业（601899.SH）、中联重科（000157.SZ）等多家两地上市企业已发行或公告发行规模从数十亿到百亿港元级别的可转债,2026-03-06 14:03:32,华夏时报网,http://finance.eastmoney.com/a/202603063664383587.html,,,,,,,,,,agent_preflight
601899,有色金属行业资金流出榜：紫金矿业、洛阳钼业等净流出资金居前,002978 安宁股份 0.26 1.72 1125.51 000970 中科三环 -0.86 2.66 1078.62 002540 亚太科技 -1.85 2.02 998.97 　　有色金属行业资金流出榜 代码 简称 今日涨跌幅（%） 今日换手率（%） 主力资金流量（万元） 601899,2026-03-06 17:42:22,证券时报网,http://finance.eastmoney.com/a/202603063664580937.html,,,,,,,,,,agent_preflight
601899,52股特大单净流入资金超2亿元,） 行业 601727 上海电气 9.36 -1.06 -12.17 电力设备 002195 岩山科技 10.76 0.65 -9.54 计算机 300303 聚飞光电 10.82 -13.65 -9.14 电子 600498 烽火通信 52.76 -7.06 -8.85 通信 601899,2026-03-06 18:09:15,证券时报网,http://finance.eastmoney.com/a/202603063664604064.html,,,,,,,,,,agent_preflight
601899,主力动向：3月9日特大单净流出244.76亿元,鸿博股份 17.90 10.02 3.68 轻工制造 　　特大单净流出资金排名 代码 简称 收盘价（元） 涨跌幅（%） 特大单净流入（亿元） 行业 300308 中际旭创 525.99 -3.57 -15.73 通信 601868 中国能建 2.94 1.73 -9.72 建筑装饰 601899,2026-03-09 16:53:08,证券时报网,http://finance.eastmoney.com/a/202603093666110683.html,,,,,,,,,,agent_preflight
601899,59.95亿元资金今日流出有色金属股,600595 中孚实业 -0.92 2.41 1172.44 301219 腾远钴业 -1.68 4.16 1052.28 603876 鼎胜新材 4.14 3.49 957.66 　　有色金属行业资金流出榜 代码 简称 今日涨跌幅（%） 今日换手率（%） 主力资金流量（万元） 601899,2026-03-09 17:09:57,证券时报网,http://finance.eastmoney.com/a/202603093666137246.html,,,,,,,,,,agent_preflight
601899,沪市有色金属龙头企业去年盈利创新高,紫金矿业（601899.SH）的表现尤为抢眼，公司预计2025年实现归母净利润510亿元至520亿元，同比增长约六成。,2026-03-11 03:59:35,经济参考报,http://finance.eastmoney.com/a/202603113667913768.html,,,,,,,,,,agent_preflight
601899,56.10亿元资金今日流出有色金属股,12.55 24406.76 600988 赤峰黄金 2.13 3.41 17406.85 600497 驰宏锌锗 1.42 2.95 17347.84 002378 章源钨业 -2.23 11.62 13061.48 002240 盛新锂能 2.08 4.47 11782.23 601899,2026-03-11 16:50:13,证券时报网,http://finance.eastmoney.com/a/202603113668846656.html,,,,,,,,,,agent_preflight
601899,紫金矿业：全资子公司与专业投资机构共同投资设立基金 关注物流供应链创新科技服务等方向,人民财讯3月12日电，紫金矿业(601899)3月12日公告，公司全资子公司紫金矿业股权投资管理（厦门）有限公司（简称“紫金股权”）、紫金矿业投资（上海）有限公司（简称“紫金投资”）与厦门隐金企业管理有限公司等公司于3月11日签署《合伙协议》，设立福建省紫金矿业隐山双循环股权投资基金合伙企业,2026-03-12 19:51:57,人民财讯,http://finance.eastmoney.com/a/202603123670336411.html,,,,,,,,,,agent_preflight
601899,紫金矿业：全资子公司与专业投资机构共同投资设立基金,每经AI快讯，3月12日，紫金矿业(601899.SH)公告称，公司全资子公司紫金矿业股权投资管理（厦门）有限公司（简称“紫金股权”）、紫金矿业投资（上海）有限公司（简称“紫金投资”）与厦门隐金企业管理有限公司等公司于3月11日签署《合伙协议》，设立福建省紫金矿业隐山双循环股权投资基金合伙企业,2026-03-12 20:05:27,每日经济新闻,http://finance.eastmoney.com/a/202603123670353819.html,,,,,,,,,,agent_preflight
601899,紫金矿业子公司合计投资1亿元，参设双循环股权投资基金,3月12日，紫金矿业（601899/02899）发布公告，公司的全资子公司紫金股权和紫金投资与多家专业投资机构共同投资设立福建省紫金矿业隐山双循环股权投资基金合伙企业（有限合伙），投资金额为1亿元。,2026-03-12 20:53:49,财中社,http://finance.eastmoney.com/a/202603123670391174.html,,,,,,,,,,agent_preflight
601899,紫金矿业：拟1亿元参设股权投资基金 聚焦物流供应链创新科技服务和可持续发展技术,中证智能财讯紫金矿业（601899）3月13日公告，公司全资子公司紫金矿业股权投资管理（厦门）有限公司、紫金矿业投资（上海）有限公司与厦门隐金企业管理有限公司等合作方签署协议，共同设立福建省紫金矿业隐山双循环股权投资基金合伙企业（有限合伙）。,2026-03-13 09:29:46,中国证券报·中证网,http://finance.eastmoney.com/a/202603133671021651.html,,,,,,,,,,agent_preflight
601899,紫金矿业：全资子公司紫金股权联合设立3.5亿元双循环基金,南方财经3月13日电，紫金矿业（601899.SH）公告，全资子公司紫金股权与紫金投资联合厦门隐金、福建创投等合作方，共同设立福建省紫金矿业隐山双循环股权投资基金合伙企业（有限合伙），总认缴规模约2.825亿元，公司合计出资1亿元，占比35.4%。,2026-03-13 10:15:50,南方财经网,http://finance.eastmoney.com/a/202603133671220274.html,,,,,,,,,,agent_preflight
601899,钨价狂飙6倍，紫金矿业3.9亿“捡漏”联瑞矿业47%股权,与钨料价格持续上涨不同，一家持有钨矿开采权公司的47%股份，在以3.9亿元登上阿里法拍后，被一度超过万亿市值的矿业龙头紫金矿业（601899）一举拿下。 　　拥有钨矿的这家公司采矿权评估值达到17亿元。按照如今的市场价来看，紫金矿业赚了多少？,2026-03-13 16:08:26,财中社,http://finance.eastmoney.com/a/202603133671488321.html,,,,,,,,,,agent_preflight
601899,109.34亿元主力资金今日撤离有色金属板块,603876 鼎胜新材 -3.02 4.39 2240.10 301219 腾远钴业 0.68 3.76 1548.34 002379 宏桥控股 -2.52 1.98 965.25 　　有色金属行业资金流出榜 代码 简称 今日涨跌幅（%） 今日换手率（%） 主力资金流量（万元） 601899,2026-03-13 16:38:58,证券时报网,http://stock.eastmoney.com/a/202603133671528062.html,,,,,,,,,,agent_preflight
601899,46股特大单净流入资金超2亿元,601728 中国电信 6.18 3.00 4.82 通信 301308 江波龙 326.17 2.25 4.00 电子 　　特大单净流出资金排名 代码 简称 收盘价（元） 涨跌幅（%） 特大单净流入（亿元） 行业 601868 中国能建 3.74 -1.58 -13.18 建筑装饰 601899,2026-03-13 17:40:45,证券时报网,http://finance.eastmoney.com/a/202603133671610280.html,,,,,,,,,,agent_preflight
601899,“紫金系”入主后首考满分？藏格矿业去年营利双增，七成利润靠铜矿投资收益托底,藏格矿业（000408.SZ）迎来了紫金矿业（601899.SH）正式入主后的首份年报。 　　3月13日晚间，藏格矿业披露2025年年度报告。,2026-03-15 11:33:12,时代周报,http://finance.eastmoney.com/a/202603153672342351.html,,,,,,,,,,agent_preflight
601899,金矿股再度大跌创近期调整新低｜市场观察,3月16日，伦敦现货金一度跌破5000美元/盎司，而金矿股继续大幅下跌，其中紫金矿业（601899.SH）盘中跌幅一度超过6%，紫金黄金国际（02259.HK）一度跌超过7%，连创近期新低，山东黄金（600547.SH）、赤峰黄金（600988.SH）、招金矿业（01818.HK）,2026-03-16 12:47:25,第一财经,http://finance.eastmoney.com/a/202603163672923652.html,,,,,,,,,,agent_preflight
601899,有色金属行业资金流出榜：紫金矿业、华友钴业等净流出资金居前,155.04 603937 丽岛新材 -1.34 4.08 134.32 002295 精艺股份 0.00 1.57 104.36 300930 屹通新材 -1.29 3.19 86.15 　　有色金属行业资金流出榜 代码 简称 今日涨跌幅（%） 今日换手率（%） 主力资金流量（万元） 601899,2026-03-16 17:12:27,证券时报网,http://finance.eastmoney.com/a/202603163673181098.html,,,,,,,,,,agent_preflight
601899,金属钴概念下跌2.42% 15股主力资金净流出超亿元,金属钴概念资金流出榜 代码 简称 今日涨跌幅（%） 今日换手率（%） 主力资金流量（万元） 601669 中国电建 -10.01 14.62 -368341.86 601899 紫金矿业 -2.85 2.04 -93780.31 603799 华友钴业 -5.10 4.22 -47843.23,2026-03-16 17:12:44,证券时报网,http://finance.eastmoney.com/a/202603163673178524.html,,,,,,,,,,agent_preflight
601899,金属锌概念下跌2.77%，11股主力资金净流出超亿元,（数据宝） 　　金属锌概念资金流出榜 代码 简称 今日涨跌幅（%） 今日换手率（%） 主力资金流量（万元） 601899 紫金矿业 -2.85 2.04 -93780.31 600331 宏达股份 -5.81 6.57 -42188.74 000426 兴业银锡 -3.26 4.38,2026-03-16 17:12:55,证券时报网,http://finance.eastmoney.com/a/202603163673177610.html,,,,,,,,,,agent_preflight
601899,金属铅概念下跌2.78%，主力资金净流出37股,金属铅概念资金流出榜 代码 简称 今日涨跌幅（%） 今日换手率（%） 主力资金流量（万元） 601899 紫金矿业 -2.85 2.04 -93780.31 000426 兴业银锡 -3.26 4.38 -26080.04 600711 盛屯矿业 -4.43 5.31 -24053.35,2026-03-16 17:13:16,证券时报网,http://finance.eastmoney.com/a/202603163673178813.html,,,,,,,,,,agent_preflight
601899,44股特大单净流入资金超2亿元,601611 中国核建 17.90 -6.82 -7.47 建筑装饰 600930 华电新能 6.37 -5.77 -7.25 公用事业 601868 中国能建 3.43 -8.29 -7.07 建筑装饰 300274 阳光电源 173.00 -1.36 -6.94 电力设备 601899,2026-03-16 17:54:42,证券时报网,http://finance.eastmoney.com/a/202603163673221257.html,,,,,,,,,,agent_preflight
601899,“家有金山”的紫金矿业 投了“普洛斯系”基金,日前，紫金矿业（601899.SH）发布公告，其全资子公司“紫金矿业投资（上海）有限公司”参与设立福建省紫金矿业隐山双循环股权投资基金合伙企业（下称“紫金隐山双循环基金”）。该基金注册规模约2.82亿元，紫金矿业作为第一大LP，合计出资1亿元，认缴比例为35.4% 。,2026-03-16 20:28:39,财联社,http://finance.eastmoney.com/a/202603163673333532.html,,,,,,,,,,agent_preflight
601899,11只个股大宗交易超5000万元,（数据宝） 　　3月16日大宗交易成交额居前股票 证券代码 证券简称 涨幅（%） 收盘价（元） 成交量（万股） 成交额（万元） 笔数 成交价（元） 折溢价（%） 600219 南山铝业 -2.99 7.15 8038.59 53456.62 1 6.65 -6.99 601899,2026-03-16 21:15:07,证券时报网,http://finance.eastmoney.com/a/202603163673372338.html,,,,,,,,,,agent_preflight
601899,杠杆资金大手笔加仓股名单,5.38 通信 002384 东山精密 7.27 47264.21 751155.66 4.55 电子 688525 佰维存储 13.35 33709.21 525485.34 4.73 电子 002463 沪电股份 3.41 28691.22 392222.98 2.43 电子 601899,2026-03-17 09:52:10,证券时报网,http://finance.eastmoney.com/a/202603173674219563.html,,,,,,,,,,agent_preflight
601899,紫金矿业旗下海南锂业公司增资至78亿,股东信息显示，该公司由紫金矿业（601899）旗下紫金国际控股有限公司全资持股。,2026-03-19 15:31:32,南方财经网,http://finance.eastmoney.com/a/202603193677383193.html,,,,,,,,,,agent_preflight
601899,紫金矿业旗下海南锂业公司增资至78亿元,股东信息显示，该公司由紫金矿业（601899）旗下紫金国际控股有限公司全资持股。,2026-03-19 15:36:29,每日经济新闻,http://finance.eastmoney.com/a/202603193677392764.html,,,,,,,,,,agent_preflight
601899,紫金矿业旗下海南锂业公司增资至78亿,股东信息显示，该公司由紫金矿业（601899）旗下紫金国际控股有限公司全资持股。,2026-03-19 15:49:13,新京报,http://finance.eastmoney.com/a/202603193677397023.html,,,,,,,,,,agent_preflight
601899,金属铜概念下跌4.91%，主力资金净流出77股,（数据宝） 　　金属铜概念资金流出榜 代码 简称 今日涨跌幅（%） 今日换手率（%） 主力资金流量（万元） 601899 紫金矿业 -7.45 2.56 -293559.68 603993 洛阳钼业 -8.04 2.83 -126967.83 603799 华友钴业 -6.81 4.29,2026-03-19 18:04:10,证券时报网,http://finance.eastmoney.com/a/202603193677552445.html,,,,,,,,,,agent_preflight
601899,金属铅概念下跌5.71%，18股主力资金净流出超亿元,（数据宝） 　　金属铅概念资金流出榜 代码 简称 今日涨跌幅（%） 今日换手率（%） 主力资金流量（万元） 601899 紫金矿业 -7.45 2.56 -293559.68 000426 兴业银锡 -8.59 5.63 -62333.47 600711 盛屯矿业 -6.30 5.13,2026-03-19 18:04:24,证券时报网,http://finance.eastmoney.com/a/202603193677553258.html,,,,,,,,,,agent_preflight
601899,金属锌概念下跌5.54%，18股主力资金净流出超亿元,金属锌概念资金流出榜 代码 简称 今日涨跌幅（%） 今日换手率（%） 主力资金流量（万元） 601899 紫金矿业 -7.45 2.56 -293559.68 000426 兴业银锡 -8.59 5.63 -62333.47 600711 盛屯矿业 -6.30 5.13 -26435.04,2026-03-19 18:04:26,证券时报网,http://finance.eastmoney.com/a/202603193677552867.html,,,,,,,,,,agent_preflight
601899,有色金属行业资金流出榜：紫金矿业等41股净流出资金超亿元,54.42 002295 精艺股份 -3.73 1.59 50.19 603979 金诚信 -5.38 2.25 47.14 600615 鑫源智造 -4.03 1.28 9.87 　　有色金属行业资金流出榜 代码 简称 今日涨跌幅（%） 今日换手率（%） 主力资金流量（万元） 601899,2026-03-19 18:04:36,证券时报网,http://finance.eastmoney.com/a/202603193677553934.html,,,,,,,,,,agent_preflight
601899,金属钴概念下跌4.85%，主力资金净流出31股,（数据宝） 　　金属钴概念资金流出榜 代码 简称 今日涨跌幅（%） 今日换手率（%） 主力资金流量（万元） 601899 紫金矿业 -7.45 2.56 -293559.68 603993 洛阳钼业 -8.04 2.83 -126967.83 603799 华友钴业 -6.81 4.29,2026-03-19 18:04:39,证券时报网,http://finance.eastmoney.com/a/202603193677553886.html,,,,,,,,,,agent_preflight
601899,28股特大单净流入资金超2亿元,3.16 10.10 3.26 建筑装饰 　　特大单净流出资金排名 代码 简称 收盘价（元） 涨跌幅（%） 特大单净流入（亿元） 行业 002202 金风科技 29.81 -3.84 -17.17 电力设备 300476 胜宏科技 277.28 -4.27 -15.43 电子 601899,2026-03-19 18:05:08,证券时报网,http://finance.eastmoney.com/a/202603193677556698.html,,,,,,,,,,agent_preflight
601899,9只个股大宗交易超5000万元,（数据宝） 　　3月19日大宗交易成交额居前股票 证券代码 证券简称 涨幅（%） 收盘价（元） 成交量（万股） 成交额（万元） 笔数 成交价（元） 折溢价（%） 601899 紫金矿业 -7.45 32.32 462.38 14944.12 1 32.32 0.00 300601,2026-03-19 20:53:34,证券时报网,http://finance.eastmoney.com/a/202603193677699346.html,,,,,,,,,,agent_preflight
601899,有色年内涨幅仅剩1个百分点，黄金“避险”失败，普涨告一段落？,例如工业金属方向的两大龙头股紫金矿业（601899.SH）、洛阳钼业（603993.SH）1月末时股价分别触及44.94元/股、28.78元/股的历史最高点，截至20日收盘已跌至31.65元/股、17.55元/股，自1月末至今跌幅分别为27.16%、35.07%。,2026-03-20 18:45:31,第一财经,http://finance.eastmoney.com/a/202603203679070360.html,,,,,,,,,,agent_preflight
601899,紫金矿业：拟15亿元-25亿元回购A股股份用于员工持股计划或股权激励,紫金矿业(601899.SH)公告称，公司拟使用自有资金以集中竞价方式回购A股股份，回购金额不低于15亿元且不超过25亿元，回购价格不超过41.5元/股。本次回购股份将用于实施员工持股计划或股权激励，回购期限为董事会审议通过之日起12个月内。,2026-03-20 21:41:00,财联社,http://finance.eastmoney.com/a/202603203679211532.html,,,,,,,,,,agent_preflight
601899,紫金矿业：2025年净利润同比增长61.55% 拟每10股派3.8元,人民财讯3月20日电，紫金矿业(601899)3月20日发布2025年度报告，公司实现营业收入为3490.79亿元，同比增长14.96%；实现归属于上市公司股东净利润517.77亿元，同比增长61.55%；基本每股收益为1.95元；拟每10股派发现金红利3.8元（含税）。,2026-03-20 22:01:00,证券时报,http://finance.eastmoney.com/a/202603203679230827.html,,,,,,,,,,agent_preflight
601899,紫金矿业：拟15亿元—25亿元回购公司股份,人民财讯3月20日电，紫金矿业(601899)3月20日公告，拟15亿元—25亿元回购公司股份，用于实施公司员工持股计划或股权激励，回购价格不超过41.5元/股（含）。,2026-03-20 22:16:00,人民财讯,http://finance.eastmoney.com/a/202603203679236579.html,,,,,,,,,,agent_preflight
601899,“粮仓”储满才能在价格风口上加速赚钱！紫金矿业去年一年顶两年,有色金属迎来“黄金时代”之际，国内“矿茅”紫金矿业（601899.SH/2899.HK）再度刷新最好业绩。 　　3月20日晚间，紫金矿业（601899.SH/2899.HK）正式交出2025年成绩单。,2026-03-21 15:25:00,澎湃新闻,http://finance.eastmoney.com/a/202603213679595060.html,,,,,,,,,,agent_preflight
601899,净利首破500亿元！金价“狂飙年”紫金矿业豪掷百亿全球“扫货”，北向资金减持,3月20日，紫金矿业（601899.SH/02899.HK）发布公告，2025年实现营收3490.79亿元，同比增长14.96%；归母净利润为517.77亿元，同比增长61.55%；扣非归母净利润为507.24亿元，同比增长60.05%。,2026-03-21 17:28:00,时代财经,http://finance.eastmoney.com/a/202603213679605185.html,,,,,,,,,,agent_preflight
601899,紫金矿业2025年归母净利润518亿元，同比增62%，全年分红159.5亿元,业绩良好，紫金矿业（601899）高管的薪酬也节节攀升。,2026-03-21 22:58:41,广州日报,http://finance.eastmoney.com/a/202603213679650738.html,,,,,,,,,,agent_preflight
601899,紫金矿业拟分红超100亿元！多家A股公司也发预案,3月20日晚间，有“矿茅”之称的紫金矿业（601899）发布了《2025年度利润分配方案》，公司拟向全体股东每10股派发现金红利3.8元（含税）。截至该公告日，公司总股份数约265.9亿股，以此计算拟派发现金红利101.04亿元（含税）。,2026-03-22 00:10:00,证券时报,http://finance.eastmoney.com/a/202603213679638559.html,,,,,,,,,,agent_preflight
601899,紫金矿业2025年归母净利润同比增61.5%至517.8亿元,3月20日，紫金矿业(601899)公布2025年年报，公司营业收入为3490.8亿元，同比上升15.0%；归母净利润为517.8亿元，同比上升61.5%；扣非归母净利润为507.2亿元，同比上升60.0%；经营现金流净额为754.3亿元，同比增长54.4%；EPS(全面摊薄)为1.9473,2026-03-22 16:02:00,财中社,http://finance.eastmoney.com/a/202603223679732442.html,,,,,,,,,,agent_preflight
601899,紫金矿业拟每10股派发现金红利3.8元,3月20日，紫金矿业（601899/02899）发布公告，公司拟向全体股东每10股派发现金红利3.8元（含税），预计总派发金额为101.04亿元。,2026-03-22 16:03:00,财中社,http://finance.eastmoney.com/a/202603223679731978.html,,,,,,,,,,agent_preflight
601899,周末要闻汇总：特朗普考虑逐步降级对伊朗的军事行动；宇树IPO申请获受理,紫金矿业：2025年净利润同比增长61.55% 拟每10股派3.8元 　　紫金矿业(601899.SH)公告称，公司2025年实现营业收入3490.79亿元，同比增长14.96%；归属于上市公司股东的净利润为517.77亿元，同比增长61.55%。,2026-03-22 16:13:37,财联社,http://finance.eastmoney.com/a/202603223679762790.html,,,,,,,,,,agent_preflight
601899,紫金矿业净利首破500亿大关，“后陈景河时代”迎周期考验,近日，紫金矿业（601899.SH）发布2025年年报，凭借黄金、白银等主营产品价格与产量同步增长，公司全年净利首次突破500亿元大关。 　　年报显示，紫金矿业2025年实现营业收入3490.8亿元，同比增长近15%；实现归母净利润518亿元，同比增长61.55%。,2026-03-22 18:07:07,第一财经,http://finance.eastmoney.com/a/202603223679750134.html,,,,,,,,,,agent_preflight
601899,净利首破500亿 “矿茅”豪掷百亿分红,受益于去年金价狂飙，“矿茅”紫金矿业(601899.SH)2025年净利润同比增长超六成。 　　3月20日晚，紫金矿业公布2025年业绩，其全年实现营收3491亿元，同比增长15%；归母净利润518亿元，同比增长62%，历史上首破500亿元。,2026-03-22 20:51:08,界面新闻,http://finance.eastmoney.com/a/202603223679774654.html,,,,,,,,,,agent_preflight
601899,紫金矿业：2025年净利润517.77亿元 同比增长61.55% 拟10派3.8元,中证智能财讯紫金矿业（601899）3月21日披露2025年年度报告。,2026-03-22 20:54:42,中国证券报·中证网,http://finance.eastmoney.com/a/202603223679774050.html,,,,,,,,,,agent_preflight
601899,【中证快报】3月22日中证投资资讯 | 华为发布新一代算力芯片,○紫金矿业（601899）拟15亿元—25亿元回购公司股份。 　　【资金观潮】 　　○3月20日，沪深两市主力资金净流出738.53亿元。主力资金净流入前三的板块是光伏设备、通信设备和电池，分别净流入72.81亿元、54.39亿元和40.91亿元。,2026-03-22 22:40:25,中国证券报·中证金牛座,http://finance.eastmoney.com/a/202603223679807217.html,,,,,,,,,,agent_preflight
601899,紫金矿业拟182.58亿元取得赤峰黄金控制权,北京商报讯3月23日早间，紫金矿业（601899）披露公告称，公司全资子公司紫金黄金（集团）有限公司（以下简称“紫金黄金”）分别与赤峰黄金（600988）控股股东李金阳及其一致行动人浙江瀚丰创业投资合伙企业（有限合伙）（以下简称“浙江瀚丰”）、赤峰黄金签署相关协议，本次交易整体对价合计约,2026-03-23 00:00:00,北京商报,http://finance.eastmoney.com/a/202603233679977750.html,,,,,,,,,,agent_preflight
601899,紫金矿业取得赤峰黄金控制权 交易对价逾182亿元,3月22日，紫金矿业（601899.SH、02899.HK）公告披露，其全资子公司紫金黄金（集团）有限公司（以下简称“紫金黄金” ）与赤峰黄金（600988.SH、06693.HK）控股股东李金阳及其一致行动人浙江瀚丰创业投资合伙企业（有限合伙）（以下简称“浙江瀚丰”）签署《股份转让协议,2026-03-23 00:00:00,中国经营报,http://finance.eastmoney.com/a/202603233680293997.html,,,,,,,,,,agent_preflight
601899,紫金矿业182.58亿元控股赤峰黄金 进一步补强黄金板块,近日，紫金矿业（601899.SH）和赤峰黄金（600988.SH）联合披露，紫金矿业以约182.58亿元获得后者控制权。这也是紫金矿业自今年1月份以280亿元跨国收购海外黄金企业之后，又一次针对黄金业务拓展的大手笔并购动作。,2026-03-23 00:00:00,经济参考网,http://finance.eastmoney.com/a/202603233681027127.html,,,,,,,,,,agent_preflight
601899,紫金矿业：拟以协议收购A股和认购定向增发H股的方式获得赤峰黄金控制权,人民财讯3月23日电，紫金矿业(601899)3月23日公告，2026年3月22日，公司全资子公司紫金黄金（集团）有限公司（简称“紫金黄金”）与赤峰黄金(600988)控股股东李金阳及其一致行动人浙江瀚丰签署《股份转让协议》，拟以41.36元/股（较赤峰黄金停牌前A股收盘价溢价1.3%,2026-03-23 08:37:00,证券时报,http://finance.eastmoney.com/a/202603233679893919.html,,,,,,,,,,agent_preflight
601899,交易对价182.58亿元！紫金矿业取得赤峰黄金控制权,3月23日早间，紫金矿业(601899.SH/02899.HK)发布公告，3月22日，公司全资子公司紫金黄金与赤峰黄金控股股东李金阳及其一致行动人浙江瀚丰签署《股份转让协议》，拟以人民币41.36元／股（较赤峰黄金停牌前A股收盘价溢价1.3%）收购后者合计持有的2.42亿股赤峰黄金,2026-03-23 09:07:29,界面新闻,http://finance.eastmoney.com/a/202603233679901335.html,,,,,,,,,,agent_preflight
601899,5家公司派现金额超百亿元,300750 宁德时代 69.5700 315.28 43.67 电力设备 600028 中国石化 1.1200 135.44 42.58 石油石化 601138 工业富联 6.5000 129.01 36.56 电子 601998 中信银行 1.9300 107.40 15.21 银行 601899,2026-03-23 09:29:00,证券时报,http://finance.eastmoney.com/a/202603233680035957.html,,,,,,,,,,agent_preflight
601899,197家公司公布年度分红方案,688208 道通科技 2026.03.21 5.00 300146 汤臣倍健 2026.03.21 4.50 600332 白云山 2026.03.21 4.50 688419 耐科装备 2026.03.21 4.00 600388 龙净环保 2026.03.21 3.80 601899,2026-03-23 09:30:00,证券时报,http://finance.eastmoney.com/a/202603233680015230.html,,,,,,,,,,agent_preflight
601899,重磅！紫金矿业将取得赤峰黄金控制权，交易对价合计超182亿元！赤峰黄金实控人李金阳不再持有任何股份,紫金矿业是一家在全球范围内从事金属矿产资源勘查和开发为主、上海A股（601899.SH）和香港H股（2899. HK）两地整体上市的大型跨国矿业集团。,2026-03-23 09:55:56,每日经济新闻,http://finance.eastmoney.com/a/202603233680175820.html,,,,,,,,,,agent_preflight
601899,600988，开盘跌停！控股股东拟变更,3月23日早间，紫金矿业（证券代码：601899）、赤峰黄金双双公告，紫金矿业拟通过“A股收购+H股定增”的方式，取得赤峰黄金25.85%股权，成为其控股股东。 　　3月23日，赤峰黄金股票复牌，不过与紫金矿业双双大跌。,2026-03-23 10:54:00,中国基金报,http://finance.eastmoney.com/a/202603233680239013.html,,,,,,,,,,agent_preflight
601899,计划182亿拿下赤峰黄金控制权！“购金狂魔”紫金矿业再出手，内蒙古女富豪将离场,3月23日上午，紫金矿业（601899.SH/02899.HK）公告称，公司全资子公司紫金黄金（集团）有限公司（以下简称“紫金黄金”）与赤峰黄金（600988.SH/06693.HK）控股股东李金阳及其一致行动人浙江瀚丰创业投资合伙企业（有限合伙）（以下简称“浙江瀚丰”）签署《股份转让协议,2026-03-23 11:01:00,时代财经,http://finance.eastmoney.com/a/202603233680252529.html,,,,,,,,,,agent_preflight
601899,金价高位波动下的矿企并购 紫金矿业超182亿入主赤峰黄金引股价震动,3月23日消息，紫金矿业(601899)拟获得赤峰黄金(600988)控制权，交易总价折合182.58亿元。 　　受益于去年的黄金牛市，两家公司去年业绩、近期股价均处于历史性高位，不过随着黄金价格波动加剧，矿企股价也跟随震动，紫金矿业近年来持续的并购策略也将面临考验。,2026-03-23 11:40:00,证券时报,http://finance.eastmoney.com/a/202603233680283534.html,,,,,,,,,,agent_preflight
601899,紫金矿业（601899）：斥资约182亿元取得赤峰黄金控制权，黄金保持高价的逻辑没有变化,至3月23日上午10点许，紫金矿业（601899）下跌2.12%，每股价格为30.98元。 　　在23日举办的紫金矿业2025年度业绩说明会上，广州日报全媒体记者就“股票回购”“收购赤峰黄金”等问题咨询了紫金矿业。,2026-03-23 12:07:12,广州日报,http://finance.eastmoney.com/a/202603233680321189.html,,,,,,,,,,agent_preflight
601899,182.58亿元！紫金矿业拟控股赤峰黄金,“矿茅”紫金矿业（601899）再度出手，拟以182.58亿元拿下赤峰黄金（600988）控股权，进一步巩固其在黄金矿业领域的领先地位。,2026-03-23 13:02:00,上海证券报,http://finance.eastmoney.com/a/202603233680322478.html,,,,,,,,,,agent_preflight
601899,紫金矿业宣布超百亿收购，赤峰黄金H股暴跌25%,紫金矿业（601899.SH，02899.HK）刚刚公布近183亿元并购赤峰黄金（600988.SH，06693.HK），就遇到了黄金连续大跌。,2026-03-23 17:25:37,第一财经,http://finance.eastmoney.com/a/202603233681037633.html,,,,,,,,,,agent_preflight
601899,紫金矿业：首次回购2100万股 耗资约6.42亿元,紫金矿业(601899.SH)公告称，公司于3月23日通过集中竞价交易方式首次回购A股股份2100万股，占总股本的0.08%，回购价格区间为29.82元/股至31.15元/股，已支付总金额约6.42亿元。,2026-03-23 17:51:13,财联社,http://finance.eastmoney.com/a/202603233681048169.html,,,,,,,,,,agent_preflight
601899,紫金矿业首次回购2100万股 金额6.42亿元,紫金矿业（601899/02899）发布公告，2026年3月23日，公司通过集中竞价交易方式首次回购A股2100万股，占总股本的0.08%，回购金额为6.42亿元，回购价格区间在29.82元/股至31.15元/股。,2026-03-23 17:52:00,财中社,http://finance.eastmoney.com/a/202603233681053537.html,,,,,,,,,,agent_preflight
601899,紫金矿业：3月23日首次回购公司A股股份2100万股,人民财讯3月23日电，紫金矿业(601899)3月23日公告，当日，公司通过集中竞价交易方式首次回购A股股份2100万股，占公司总股本的0.08%，回购最高价格31.15元/股，回购最低价格29.82元/股，已支付总金额6.42亿元（不含交易费用）。,2026-03-23 17:55:00,证券时报,http://finance.eastmoney.com/a/202603233681055023.html,,,,,,,,,,agent_preflight
601899,101家沪市公司披露派现方案，预计分红总金额超800亿元,根据紫金矿业（601899.SH）发布的《2025年度利润分配方案》，公司拟向全体股东每10股派发现金红利3.8元（含税）。截至该公告日，公司总股份数约265.9亿股，以此计算拟派发现金红利101.04亿元（含税）。,2026-03-23 19:08:00,澎湃新闻,http://finance.eastmoney.com/a/202603233681092718.html,,,,,,,,,,agent_preflight
601899,28股今日获机构买入评级 7股上涨空间超20%,佰维存储 浙商证券 买入 买入 225.00 920394 民士达 东吴证券 买入 买入 44.51 603919 金徽酒 平安证券 推荐 推荐 17.30 001914 招商积余 长江证券 买入 买入 9.68 601799 星宇股份 国信证券 优于大市 优于大市 120.10 601899,2026-03-23 19:37:00,证券时报,http://finance.eastmoney.com/a/202603233681116896.html,,,,,,,,,,agent_preflight
601899,主力动向：3月23日特大单净流出645.19亿元,5.54 通信 600105 永鼎股份 25.32 -8.46 -5.21 通信 688981 中芯国际 98.04 -4.05 -5.13 电子 300782 卓胜微 84.94 -5.94 -4.77 电子 688498 源杰科技 1028.00 -7.80 -4.58 电子 601899,2026-03-23 19:37:00,证券时报,http://finance.eastmoney.com/a/202603233681116445.html,,,,,,,,,,agent_preflight
601899,三箭齐发！回购+分红+巨资收购，紫金矿业年赚500多亿元，现金流仍临考验,3月23日盘后，紫金矿业(601899.SH)公告称，公司于3月23日通过集中竞价交易方式首次回购A股股份2100万股，占总股本的0.08%，回购价格区间为29.82元/股至31.15元/股，已支付总金额约6.42亿元。,2026-03-23 19:39:35,深圳商报·读创,http://finance.eastmoney.com/a/202603233681117084.html,,,,,,,,,,agent_preflight
601899,紫金矿业：A股回购计划开始实施 已耗资6.42亿元,中证智能财讯紫金矿业（601899）3月23日晚间公告，公司于3月23日通过集中竞价交易方式首次回购A股股份2100万股，占公司总股本的0.08%，累计已回购金额6.42亿元。本次回购最高价格为31.15元/股，最低价格为29.82元/股。,2026-03-23 19:42:48,中国证券报·中证网,http://finance.eastmoney.com/a/202603233681113441.html,,,,,,,,,,agent_preflight
601899,紫金矿业的B面：产量归零后，锂业务再开闸,“矿茅”紫金矿业（601899.SH/2899.HK）交出2025年答卷——全年实现营业收入3491亿元，同比增长15%；归母净利润518亿元，同比增长62%。 　　在核心矿种金、铜产量继续增长的同时，2025年全年生产了2.55万吨碳酸锂当量。,2026-03-23 19:54:00,新京报,http://finance.eastmoney.com/a/202603233681122944.html,,,,,,,,,,agent_preflight
601899,紫金矿业斥资超180亿入主赤峰黄金 资源潜力成核心考量,紫金矿业（601899.SH/02899.HK）拟通过“协议转让A股+定向增发H股”的组合方式，斥资约182.58亿元取得赤峰黄金（600988.SH）控制权。 　　在紫金矿业看来，赤峰黄金拥有较大黄金资源量，但整体矿山勘探投入相对滞后，资源潜力有待释放。,2026-03-23 20:01:00,财联社,http://finance.eastmoney.com/a/202603233681126864.html,,,,,,,,,,agent_preflight
601899,Q1净利同比最高增超3000%！80亿锂电池概念股发布业绩预告|盘后公告集锦,【紫金矿业：3月23日首次回购公司A股股份2100万股耗资约6.42亿元】 　　紫金矿业(601899.SH)公告称，公司于3月23日通过集中竞价交易方式首次回购A股股份2100万股，占总股本的0.08%，回购价格区间为29.82元/股至31.15元/股，已支付总金额约6.42亿元,2026-03-23 20:42:05,财联社,http://finance.eastmoney.com/a/202603233681175333.html,,,,,,,,,,agent_preflight
601899,实控人“急流勇退”赤峰黄金易主紫金矿业，182亿元拿下控制权成色几何？,蓝鲸新闻3月23日讯3月23日，赤峰黄金（600988.SH）和紫金矿业（601899.SH）双双公告称，后者通过一揽子协议以交易对价合计约182.58亿元取得赤峰黄金控制权。,2026-03-23 21:12:49,蓝鲸财经,http://finance.eastmoney.com/a/202603233681210592.html,,,,,,,,,,agent_preflight
601899,沪市公司密集开展回购增持，年内回购金额上限达44.5亿元,同时，紫金矿业（601899）等14家上市公司披露了回购增持进展或结果公告。紫金矿业公告称，2026年3月23日公司实施首次回购，当日回购2100万股，占公司总股本的0.08%，回购总金额为6.42亿元。 　　整体来看，沪市多家龙头上市公司推出重磅回购计划，回购规模亮眼。,2026-03-23 21:19:00,澎湃新闻,http://finance.eastmoney.com/a/202603233681215315.html,,,,,,,,,,agent_preflight
601899,601899，回应锂和铜！,【导读】紫金矿业召开业绩说明会，高管展望锂价、铜价中长期走势 　　中国基金报记者邱德坤 　　3月23日，紫金矿业召开2025年年度业绩说明会。多名紫金矿业高管在业绩说明会上，预判了锂价和铜价的中长期走势。 　　紫金矿业主要从事金、铜、锂等金属矿产资源的勘查和开发。2025年，公司实现营业收入,2026-03-23 21:22:00,中国基金报,http://finance.eastmoney.com/a/202603233681216560.html,,,,,,,,,,agent_preflight
601899,紫金矿业182亿拿下赤峰黄金控制权,3月23日，紫金矿业（601899.SH、02899.HK）公告称，其全资子公司紫金黄金（集团）有限公司（下称“紫金黄金”）与赤峰黄金（600988.SH、06693.HK）控股股东李金阳及其一致行动人浙江瀚丰创业投资合伙企业（有限合伙）（简称浙江瀚丰）签署《股份转让协议》。,2026-03-23 22:02:34,国际金融报,http://finance.eastmoney.com/a/202603233681272679.html,,,,,,,,,,agent_preflight
601899,2只个股大宗交易超5000万元,4.96 31.84 250.00 7960.00 1 31.84 0.00 688411 海博思创 2.58 278.00 25.00 6673.80 3 266.95 -3.97 601139 深圳燃气 -3.81 7.58 600.00 4464.00 1 7.44 -1.85 601899,2026-03-23 22:37:00,证券时报,http://finance.eastmoney.com/a/202603233681302231.html,,,,,,,,,,agent_preflight
601899,紫金矿业新管理层回应并购策略、成本上升、锂矿盈利前景、战略布局等市场疑问 | 直击业绩会,紫金矿业（601899.SH）新一届管理层首次在年度业绩说明会上亮相，公司高管就并购策略、成本上升、锂矿盈利前景、战略布局等投资者关切的问题进行了回应。,2026-03-23 23:21:47,财联社,http://finance.eastmoney.com/a/202603233681318560.html,,,,,,,,,,agent_preflight
601899,紫金矿业再扩资本版图：拟182亿元入主赤峰黄金,在赤峰黄金（600988.SH、06693.HK）披露实际控制人的股权转让意向后，仅仅四天，紫金矿业（601899.SH、02899.HK）便宣布拟以182.58亿元的对价将其控制权收入囊中。,2026-03-24 00:00:00,中国经营报,http://finance.eastmoney.com/a/202603243683008797.html,,,,,,,,,,agent_preflight
601899,股价双双收跌 紫金矿业斥资超百亿元高位接盘赤峰黄金？业内称市场向头部加速集中,紫金矿业（601899.SH，股价30.58元，市值8131.1亿元）拟通过全资子公司收购赤峰黄金实际控制人李金阳及其一致行动人所持股份，并认购赤峰黄金定向增发的H股，相关交易对价合计约182.58亿元 。,2026-03-24 02:04:00,每日经济新闻,http://finance.eastmoney.com/a/202603243681387926.html,,,,,,,,,,agent_preflight
601899,223家公司公布派现方案 合计派现1689.12亿元,300750 宁德时代 69.5700 315.28 43.67 电力设备 600028 中国石化 1.1200 135.44 42.58 石油石化 601138 工业富联 6.5000 129.01 36.56 电子 601998 中信银行 1.9300 107.40 15.21 银行 601899,2026-03-24 09:15:00,证券时报,http://finance.eastmoney.com/a/202603243681872897.html,,,,,,,,,,agent_preflight
601899,两融余额三连降 累计缩水345.45亿元,融资净买卖居前个股 代码 简称 最新融资余额（亿元） 其间增加（亿元） 代码 简称 最新融资余额（亿元） 其间增加（亿元） 000657 中钨高新 20.68 -7.77 300308 中际旭创 213.02 16.74 601899 紫金矿业 118.94 -7.11 300750,2026-03-24 09:30:00,证券时报网,http://finance.eastmoney.com/a/202603243681962545.html,,,,,,,,,,agent_preflight
601899,有色金属行业今日净流入资金62.14亿元，紫金矿业等16股净流入资金超亿元,（数据宝） 　　有色金属行业资金流入榜 代码 简称 今日涨跌幅（%） 今日换手率（%） 主力资金流量（万元） 601899 紫金矿业 5.30 2.22 117400.71 002428 云南锗业 10.00 12.82 61831.99 603993 洛阳钼业 5.34 2.08,2026-03-24 17:02:00,证券时报,http://finance.eastmoney.com/a/202603243682628361.html,,,,,,,,,,agent_preflight
601899,39股今日获机构买入评级 14股上涨空间超20%,中国巨石 中泰证券 买入 买入 24.15 600176 中国巨石 天风证券 买入 买入 24.15 600422 昆药集团 东吴证券 买入 买入 11.26 601126 四方股份 东吴证券 买入 买入 43.56 601799 星宇股份 西部证券 买入 买入 120.10 601899,2026-03-24 17:43:00,证券时报,http://finance.eastmoney.com/a/202603243682674171.html,,,,,,,,,,agent_preflight
601899,金价大跌之际，43岁女富豪把“金矿”抛售离场,2026年3月23日，A股有色矿业板块迎来重磅消息——紫金矿业集团股份有限公司（以下简称“紫金矿业”，601899.SH）拟通过“股权转让+定向增发”组合拳，以合计182.58亿元的对价，正式取得赤峰吉隆黄金矿业股份有限公司（以下简称“赤峰黄金”，600988.SH）控制权，后者实控人李金阳及其一致行动人彻底退出持股,2026-03-24 18:04:25,理财周刊-财事汇,http://finance.eastmoney.com/a/202603243682694779.html,,,,,,,,,,agent_preflight
601899,金油巨震引资金腾挪：黄金ETF“失血”、原油LOF溢价飙升,A股市场上，贵金属板块经过昨天的大跌后强势反弹，中证沪深港黄金产业股票指数 （931238）涨4.25%，紫金矿业（601899.SH）、招金黄金（000506.SZ）等个股涨超5%。不过，昨天飘红的石油天然气板块今日表现垫底，“三桶油”全部收跌。,2026-03-24 19:54:05,第一财经,http://stock.eastmoney.com/a/202603243682760744.html,,,,,,,,,,agent_preflight
601899,主力动向：3月24日特大单净流入161.15亿元,5.89 9.23 电子 600744 华银电力 8.77 10.04 8.16 公用事业 001309 德明利 349.63 8.92 6.55 电子 300308 中际旭创 603.19 0.60 6.32 通信 002428 云南锗业 44.66 10.00 6.07 有色金属 601899,2026-03-24 23:25:00,证券时报,http://finance.eastmoney.com/a/202603243682951516.html,,,,,,,,,,agent_preflight
601899,创始人去世4年后赤峰黄金易主！80后遗孀超百亿交易后将彻底离场,公告显示，赤峰黄金控股股东、实际控制人李金阳女士及其一致行动人已与紫金矿业集团股份有限公司（下称“紫金矿业”，601899.SH/2899.HK）全资子公司紫金黄金（集团）有限公司（下称“紫金黄金”）签署股份转让协议，同时公司拟向紫金黄金定向增发H股股份。,2026-03-25 07:28:00,澎湃新闻,http://finance.eastmoney.com/a/202603253683079755.html,,,,,,,,,,agent_preflight
601899,两融余额四连降 41股仍获杠杆资金大幅加仓,300274 阳光电源 120.72 -8.01 300308 中际旭创 213.02 16.73 000657 中钨高新 20.56 -7.89 300857 协创数据 38.56 4.46 300394 天孚通信 66.87 -7.61 300502 新易盛 200.57 4.13 601899,2026-03-25 09:31:00,证券时报,http://finance.eastmoney.com/a/202603253683671814.html,,,,,,,,,,agent_preflight
601899,有色金属行业资金流入榜：厦门钨业等18股净流入资金超亿元,（数据宝） 　　有色金属行业资金流入榜 代码 简称 今日涨跌幅（%） 今日换手率（%） 主力资金流量（万元） 600549 厦门钨业 4.76 7.50 117840.71 600111 北方稀土 5.01 3.19 62082.07 601899 紫金矿业 3.23 1.99 61876.62,2026-03-25 16:47:00,证券时报,http://finance.eastmoney.com/a/202603253684081094.html,,,,,,,,,,agent_preflight
601899,29股今日获机构买入评级,国信证券 优于大市 优于大市 26.23 002648 卫星化学 国信证券 优于大市 优于大市 25.74 002728 特一药业 光大证券 买入 增持 10.72 603092 德力佳 长城证券 买入 未评级 69.77 601888 中国中免 太平洋证券 增持 增持 71.82 601899,2026-03-25 17:50:00,证券时报,http://finance.eastmoney.com/a/202603253684164138.html,,,,,,,,,,agent_preflight
601899,净利润62％高增创历史新高 紫金矿业“矿茅”与“现金牛”双标签成色几何,3月23日，紫金矿业（601899.SH、02899.HK）以厦门、香港两地联动形式完成召开2025年度业绩说明会，其董事长因故缺席，副董事长、总裁林泓富携管理层一同交出了其上市以来最好的成绩单。,2026-03-25 21:29:26,华夏时报网,http://finance.eastmoney.com/a/202603253684381158.html,,,,,,,,,,agent_preflight
601899,日入20亿保费，净利大增44%！中国人寿加速入市，2025年总投资收益近3877亿,结合已经披露2025年报的上市公司信息，2025年四季度，中国人寿位列中国联通（600050.SH）、紫金矿业（601899.SH）、中信银行（601998.SH）等多家上市公司的前十大流通股东，年末持股市值均超60亿元；此外，2025年四季度，中国人寿还新进成为源杰科技（688498,2026-03-25 21:47:00,时代财经,http://finance.eastmoney.com/a/202603253684426573.html,,,,,,,,,,agent_preflight
601899,产铜矿山大赚 一举分红50亿元！藏格矿业最新公告：已收到分红款！,紫金矿业(601899)全资孙公司西藏紫金实业持有巨龙铜业57.3534%股权，系公司控股股东。（紫金矿业间接控股的）藏格矿业为公司第二大股东。西藏墨竹工卡大普工贸、西藏地质矿产集团分别持股9%、2.8666%。,2026-03-26 08:18:00,证券时报,http://finance.eastmoney.com/a/202603263684802798.html,,,,,,,,,,agent_preflight
601899,紫金矿业盈利超500亿后“资源饥渴症”加剧，巨额收购中两大疑虑待解,创下盈利超500亿元史上最好业绩后，紫金矿业（601899.SH）开启新一轮“砸钱”买矿动作。 　　公司年报后即宣布，旗下紫金黄金（集团）有限公司将合计出资182.58亿元“拿下”上市公司赤峰黄金（600988.SH）控股权。,2026-03-26 11:53:08,界面新闻,http://finance.eastmoney.com/a/202603263685266145.html,,,,,,,,,,agent_preflight
601899,22股特大单净流入资金超2亿元,非银金融 002475 立讯精密 50.19 -1.53 -11.46 电子 688525 佰维存储 238.98 -5.67 -10.10 电子 601016 节能风电 5.31 -1.67 -7.81 公用事业 002463 沪电股份 79.01 -4.25 -6.69 电子 601899,2026-03-26 17:53:00,证券时报网,http://finance.eastmoney.com/a/202603263685674421.html,,,,,,,,,,agent_preflight
601899,21股获融资客大手笔净买入,3.72 电子 603986 兆易创新 -5.89 27580.54 868000.05 4.96 电子 002471 中超控股 10.05 26413.78 56291.85 4.79 电力设备 300136 信维通信 3.00 25755.57 422237.74 7.97 电子 601899,2026-03-27 09:21:00,证券时报,http://finance.eastmoney.com/a/202603273686535522.html,,,,,,,,,,agent_preflight
601899,11家公司派现金额超百亿元,601138 工业富联 6.5000 129.01 36.56 电子 601601 中国太保 11.5000 110.63 20.68 非银金融 601998 中信银行 1.9300 107.40 15.21 银行 601166 兴业银行 5.0100 106.03 13.69 银行 601899,2026-03-27 09:34:00,证券时报网,http://finance.eastmoney.com/a/202603273686673564.html,,,,,,,,,,agent_preflight
601899,95.98亿元资金今日流入有色金属股,10.86 163840.88 002738 中矿资源 7.04 7.29 60343.91 002466 天齐锂业 6.94 6.92 55159.89 002428 云南锗业 10.00 12.18 52925.16 002240 盛新锂能 10.00 6.11 52531.88 601899,2026-03-27 16:33:00,证券时报,http://finance.eastmoney.com/a/202603273687054429.html,,,,,,,,,,agent_preflight
601899,盐湖提锂概念涨3.83%，主力资金净流入29股,） 主力资金流量（万元） 主力资金净流入比率（%） 002460 赣锋锂业 10.00 10.86 163840.88 16.26 002466 天齐锂业 6.94 6.92 55159.89 9.55 002240 盛新锂能 10.00 6.11 52531.88 23.27 601899,2026-03-27 16:39:00,证券时报,http://finance.eastmoney.com/a/202603273687062652.html,,,,,,,,,,agent_preflight
601899,睿远基金旗下产品隐形重仓股曝光：傅鹏博建仓香农芯创 赵枫增持网易云,截至2025年末，该基金的隐形重仓股依次为：小米集团（01810.HK）、网易云音乐（09899.HK）、分众传媒（002027.SZ）、中国人民保险集团（01339.HK）、圆通速递（600233.SH）、中通快递（02057.HK）、神马电力（603530.SH）、紫金矿业（601899,2026-03-27 20:06:00,澎湃新闻,http://finance.eastmoney.com/a/202603273687281124.html,,,,,,,,,,agent_preflight
601899,紫金矿业再扩资本版图：拟182亿元入主赤峰黄金,在赤峰黄金（600988.SH、06693.HK）披露实际控制人的股权转让意向后，仅仅四天时间，紫金矿业（601899.SH、02899.HK）便宣布拟以182.58亿元的对价将其控制权收入囊中。,2026-03-28 03:22:25,中国经营网,http://finance.eastmoney.com/a/202603283687555138.html,,,,,,,,,,agent_preflight
601899,17家公司派现金额超百亿元,601658 邮储银行 0.9530 114.45 13.09 银行 601601 中国太保 11.5000 110.63 20.68 非银金融 601998 中信银行 1.9300 107.40 15.21 银行 601166 兴业银行 5.0100 106.03 13.69 银行 601899,2026-03-30 09:27:00,证券时报,http://finance.eastmoney.com/a/202603303688241619.html,,,,,,,,,,agent_preflight
601899,【评论】A股上市公司分红回购密集落地，彰显基本面投资价值底色,近期，回购金额最高的企业包括恒逸石化（000703.SZ）（期间回购金额9.6亿元）、贵州茅台（600519.SH）（期间回购金额6.81亿元）、紫金矿业（601899.SH）（期间回购金额6.42亿元）等。,2026-03-30 12:50:21,界面新闻,http://finance.eastmoney.com/a/202603303688530315.html,,,,,,,,,,agent_preflight
601899,铜价狂飙下的赢家：中国最神秘矿王旗下公司净利首破200亿,2月13日，洛阳钼业H股首次被纳入恒生指数成份股，成为继紫金矿业(601899.SH/02899.HK)之后第二家上榜该指数的矿业公司。,2026-03-30 15:43:45,界面新闻,http://finance.eastmoney.com/a/202603303688673087.html,,,,,,,,,,agent_preflight
601899,5.45亿元主力资金今日抢筹有色金属板块,6.40 -9402.50 603799 华友钴业 -0.25 3.16 -8747.23 000762 西藏矿业 0.23 8.05 -7034.94 000688 国城矿业 -0.09 3.08 -5561.02 603399 永杉锂业 -0.77 9.26 -4865.03 601899,2026-03-30 17:57:00,证券时报,http://finance.eastmoney.com/a/202603303688855019.html,,,,,,,,,,agent_preflight
601899,最大股票回购再贷款将至！A股3月实施回购88亿 近万亿分红蓄势待发,回购金额较高的分别为美的集团（000333.SZ）、恒逸石化（000703.SZ）、紫金矿业（601899.SH）、顺丰控股（002352.SZ）、工业富联（601138.SH），回购的金额分别为10亿元、8.8亿元、6.42亿元、4亿元、2.53亿元。,2026-03-31 16:06:22,第一财经,http://finance.eastmoney.com/a/202603313690393426.html,,,,,,,,,,agent_preflight
601899,紫金矿业等股获推荐，制造业出海等方向或存在机会丨券商金股,部分推荐情况如下： 　　1.紫金矿业（601899.SH） 　　西部证券： 　　（1）在新能源等需求的拉动下，铜周期景气上行，行业高景气度有望延续。同时逆全球化背景下，黄金投资价值显著提升。,2026-03-31 18:43:00,21世纪经济报道,http://finance.eastmoney.com/a/202603313690584731.html,,,,,,,,,,agent_preflight
601899,主力动向：4月1日特大单净流入279.41亿元,9.22 7.75 电力设备 300502 新易盛 460.60 4.01 7.18 通信 600666 奥瑞德 6.27 10.00 7.16 电子 603986 兆易创新 255.00 7.10 6.11 电子 000815 美利云 20.70 9.99 5.29 计算机 601899,2026-04-01 16:52:00,证券时报网,http://finance.eastmoney.com/a/202604013691961460.html,,,,,,,,,,agent_preflight
601899,沪市公司年报分红额已超8000亿，超七成公司分红水平提升,此外，还有298家公司年度分红总额上升，例如浦发银行（600000）、中信证券（600030）、海尔智家（600690）、紫金矿业（601899）等超20家公司全年分红金额超百亿元同时还有所增加。 　　其次，一年多次分红成常态。,2026-04-01 21:55:00,澎湃新闻,http://finance.eastmoney.com/a/202604013692275182.html,,,,,,,,,,agent_preflight
601899,主力动向：4月2日特大单净流出443.73亿元,电子 300502 新易盛 447.49 -2.85 -7.99 通信 001309 德明利 360.15 -3.18 -7.80 电子 002202 金风科技 24.01 -5.55 -7.39 电力设备 000988 华工科技 100.34 -4.20 -7.26 机械设备 601899,2026-04-02 17:11:00,证券时报网,http://finance.eastmoney.com/a/202604023693503967.html,,,,,,,,,,agent_preflight
601899,紫金矿业：3月回购股份耗资约16.82亿元,"每经AI快讯，4月2日，紫金矿业(601899.SH)公告称，公司发布关于以集中竞价交易方式回购A股股份的进展公告。2026年3月，公司通过集中竞价交易方式已累计回购股份53,030,092股，占公司总股本比例为0.20%。",2026-04-02 18:26:32,每日经济新闻,http://finance.eastmoney.com/a/202604023693563234.html,,,,,,,,,,agent_preflight
601899,紫金矿业：3月回购股份耗资约16.82亿元,"南方财经4月2日电，紫金矿业(601899.SH)公告称，公司发布关于以集中竞价交易方式回购A股股份的进展公告。2026年3月，公司通过集中竞价交易方式已累计回购股份53,030,092股，占公司总股本比例为0.20%。",2026-04-02 18:29:33,南方财经网,http://finance.eastmoney.com/a/202604023693566390.html,,,,,,,,,,agent_preflight
601899,券商4月金股出炉：通信板块增配居前 中际旭创热度第一,宁德时代（300750）紧随其后，合计被推荐了7次；紫金矿业（601899）、安井食品（603345）被推荐了6次。,2026-04-02 18:36:00,澎湃新闻,http://finance.eastmoney.com/a/202604023693585230.html,,,,,,,,,,agent_preflight
601899,紫金矿业2023年激励计划累计已行权并过户1310万股,4月2日，紫金矿业（601899/02899）发布公告，2026年3月期间，公司2023年股票期权激励计划第一个行权期行权数量为90万股。 　　截至公告披露日，本次股权激励第一个行权期累计已行权并完成过户登记的股票数量为1310万股，占本期可行权总量的100%。,2026-04-02 18:37:00,财中社,http://finance.eastmoney.com/a/202604023693589047.html,,,,,,,,,,agent_preflight
601899,【财闻联播】抖音、淘天、小红书，被约谈！紫金矿业3月回购超16亿元,★ 　　公司动态 　　★ 　　紫金矿业：3月回购股份耗资约16.82亿元 　　紫金矿业（601899）公告称，公司发布关于以集中竞价交易方式回购A股股份的进展公告。2026年3月，公司通过集中竞价交易方式已累计回购股份5303.01万股，占公司总股本比例为0.20%。,2026-04-02 19:40:00,券商中国,http://finance.eastmoney.com/a/202604023693646168.html,,,,,,,,,,agent_preflight
601899,主研仿制药且无在研创新药项目！5连板医药股发布股票交易风险提示性公告|盘后公告集锦,【紫金矿业：3月回购股份耗资约16.82亿元】 　　紫金矿业(601899.SH)公告称，公司发布关于以集中竞价交易方式回购A股股份的进展公告。2026年3月，公司通过集中竞价交易方式已累计回购股份5303.01万股，占公司总股本比例为0.20%。,2026-04-02 20:44:39,财联社,http://finance.eastmoney.com/a/202604023693819721.html,,,,,,,,,,agent_preflight
601899,590家沪市公司年报出炉：合计营收32.5万亿 净利3.74万亿,紫金矿业（601899）2025年实现营业收入3491亿元、同比增长15%，净利润518亿元、同比增长62%，在金、铜等主要产品价格上行及海外矿山产能释放带动下实现量价齐升。,2026-04-03 07:48:00,澎湃新闻,http://finance.eastmoney.com/a/202604033694092990.html,,,,,,,,,,agent_preflight
601899,高毅邓晓峰大幅减仓紫金、云铝，国丰兴华押注“三桶油” 百亿私募调仓有新动向,一方面，邓晓峰继续大幅减仓周期股“旧爱”紫金矿业（601899.SH）和云铝股份（000807.SZ），截至去年年报，旗下产品已经全部退出两只个股前十大流通股东之列，而在去年三季报，“高毅晓峰2号致信基金”持有约1.8亿股紫金矿业，“高毅晓峰2号致信基金”和“高毅晓峰鸿远”仍累计持有,2026-04-03 14:47:50,界面新闻,http://finance.eastmoney.com/a/202604033694878566.html,,,,,,,,,,agent_preflight
601899,沪市公司回购增持升温：过去一周22家公司新增回购增持计划,例如，紫金矿业（601899）在董事会审议通过回购方案后迅速落地执行。3月以来，公司已累计回购股份约5303万股，占总股本0.20%，支付金额达16.82亿元。值得一提的是，公司此前在3月23日即实施首次回购，当日回购金额达6.42亿元，体现出高效执行力与坚定回购意愿。,2026-04-03 19:03:00,澎湃新闻,http://finance.eastmoney.com/a/202604033695092280.html,,,,,,,,,,agent_preflight
601899,3只个股大宗交易超5000万元,25.20 253.57 6430.55 1 25.36 0.64 300548 长芯博创 4.62 165.18 22.47 3370.50 8 150.00 -9.19 301031 中熔电气 0.11 133.23 25.00 2830.19 1 113.21 -15.03 601899,2026-04-03 22:26:00,证券时报网,http://finance.eastmoney.com/a/202604033695291364.html,,,,,,,,,,agent_preflight
601899,17股获融资客逆市净买入超亿元,有色金属 688205 德科立 20.00 16209.26 109911.64 2.81 通信 601872 招商轮船 4.73 15364.32 217703.74 1.32 交通运输 688521 芯原股份 2.65 14850.71 291922.83 2.47 电子 601899,2026-04-07 09:42:00,证券时报网,http://finance.eastmoney.com/a/202604073696144523.html,,,,,,,,,,agent_preflight
601899,紫金矿业创始人退休三个月后再出山，宁德时代聘请陈景河任矿业部门顾问,4月7日，宁德时代内部人士表示，宁德时代（300750.SZ）已正式聘请紫金矿业（601899.SH）创始人、前董事长陈景河担任公司矿业部门顾问，助力其拓展矿产供应链业务。,2026-04-07 19:35:00,红星资本局,http://finance.eastmoney.com/a/202604073696615012.html,,,,,,,,,,agent_preflight
601899,一季度净利润暴涨超11倍！西部黄金：量增价涨，拟赴港上市,去年3月，赤峰黄金（600988.SH/06693.HK）完成港股上市，成为继龙头紫金矿业（601899.SH/2899.HK）、山东黄金（600547.SH/1787.HK）后的第三只“A+H ”黄金股。,2026-04-07 22:08:00,澎湃新闻,http://finance.eastmoney.com/a/202604073696777064.html,,,,,,,,,,agent_preflight
601899,退休3个月后，紫金矿业前董事长陈景河出山，担任宁德时代顾问,据红星新闻，4月7日，宁德时代内部人士表示，宁德时代（300750.SZ）已正式聘请紫金矿业（601899.SH）创始人、前董事长陈景河担任公司矿业部门顾问，助力其拓展矿产供应链业务。,2026-04-07 22:28:00,21世纪经济报道,http://finance.eastmoney.com/a/202604073696785137.html,,,,,,,,,,agent_preflight
601899,森合高科三闯IPO：毛利率持续低于行业均值，供应商资质存疑,报告期内营收和净利润的爆发式增长，也证明了产品在市场上的竞争力，服务客户涵盖紫金矿业（601899）、山东黄金（600547）等头部企业，产品出口至30多个国家。,2026-04-08 15:53:00,财中社,http://finance.eastmoney.com/a/202604083698029012.html,,,,,,,,,,agent_preflight
601899,有色金属行业资金流入榜：洛阳钼业等35股净流入资金超亿元,（数据宝） 　　有色金属行业资金流入榜 代码 简称 今日涨跌幅（%） 今日换手率（%） 主力资金流量（万元） 603993 洛阳钼业 8.75 2.53 95958.00 601899 紫金矿业 6.82 1.98 90419.63 000657 中钨高新 3.80 6.07 55067.58,2026-04-08 17:04:00,证券时报网,http://finance.eastmoney.com/a/202604083698118981.html,,,,,,,,,,agent_preflight
601899,盐湖提锂概念涨2.07%，主力资金净流入21股,2.60 2.85 -5870.05 -4.29 600499 科达制造 6.81 3.14 -7547.88 -6.92 603993 洛阳钼业 -0.84 1.33 -12308.44 -2.77 000155 川能动力 -3.32 6.87 -15797.01 -7.36 601899,2026-04-10 17:00:00,证券时报网,http://finance.eastmoney.com/a/202604103701199958.html,,,,,,,,,,agent_preflight
601899,有色金属行业资金流出榜：北方稀土等14股净流出资金超亿元,有色金属行业资金流出榜 代码 简称 今日涨跌幅（%） 今日换手率（%） 主力资金流量（万元） 600111 北方稀土 -0.10 2.29 -36737.74 601600 中国铝业 -3.29 2.49 -24600.85 601677 明泰铝业 -2.55 6.86 -24233.35 601899,2026-04-10 17:00:00,证券时报网,http://finance.eastmoney.com/a/202604103701198940.html,,,,,,,,,,agent_preflight
601899,41股获杠杆资金净买入超亿元,有色金属 300548 长芯博创 -3.48 14123.61 226422.56 3.76 通信 600900 长江电力 0.04 13853.69 1199015.29 1.86 公用事业 300454 深信服 2.67 13766.69 137921.85 4.54 计算机 601899,2026-04-13 09:24:00,证券时报网,http://finance.eastmoney.com/a/202604133702442258.html,,,,,,,,,,agent_preflight
601899,120只股中线走稳 站上半年线,3.64 12.69 13.09 3.19 300586 美联新材 8.30 10.70 10.38 10.70 3.08 688347 华虹公司 4.23 2.60 120.43 124.06 3.01 300618 寒锐钴业 8.09 7.91 46.33 47.70 2.95 601899,2026-04-14 12:55:00,证券时报网,http://finance.eastmoney.com/a/202604143704210857.html,,,,,,,,,,agent_preflight
601899,106只股中线走稳 站上半年线,3.22 5.65 10.32 10.57 2.46 301255 通力科技 3.28 13.31 28.29 28.98 2.45 688333 铂力特 4.80 2.94 92.94 95.18 2.41 920873 中设咨询 2.96 1.59 7.82 8.00 2.26 601899,2026-04-14 14:17:00,证券时报网,http://stock.eastmoney.com/a/202604143704274816.html,,,,,,,,,,agent_preflight
601899,今日175只个股突破半年线,5.80 122.04 125.97 3.22 688215 瑞晟智能 3.47 1.33 73.35 75.69 3.19 002871 伟隆股份 6.69 3.56 17.47 18.02 3.14 688177 百奥泰 5.82 1.24 24.16 24.90 3.05 601899,2026-04-14 16:06:00,证券时报网,http://finance.eastmoney.com/a/202604143704377535.html,,,,,,,,,,agent_preflight
601899,24.80亿主力资金净流入，金属钴概念涨2.26%,（数据宝） 　　金属钴概念资金流入榜 代码 简称 今日涨跌幅（%） 今日换手率（%） 主力资金流量（万元） 主力资金净流入比率（%） 601899 紫金矿业 3.39 1.45 83777.00 8.08 002460 赣锋锂业 4.62 7.56 71381.26 9.08 603993,2026-04-14 16:46:00,证券时报网,http://finance.eastmoney.com/a/202604143704432340.html,,,,,,,,,,agent_preflight
601899,主力动向：4月14日特大单净流入72.13亿元,8.44 公用事业 002364 中恒电气 42.49 9.99 7.74 电力设备 002149 西部材料 50.00 10.01 6.65 有色金属 002428 云南锗业 58.88 6.80 5.86 有色金属 300308 中际旭创 773.00 4.74 5.84 通信 601899,2026-04-14 16:46:00,证券时报网,http://finance.eastmoney.com/a/202604143704431571.html,,,,,,,,,,agent_preflight
601899,紫金矿业：完成回购股份7747万股 耗资约25亿元,紫金矿业(601899.SH)公告称，截至2026年4月14日，公司已完成股份回购方案。,2026-04-14 18:24:56,财联社,http://finance.eastmoney.com/a/202604143704543565.html,,,,,,,,,,agent_preflight
601899,紫金矿业：完成回购股份 耗资约25亿元,4月14日，紫金矿业(601899.SH)公告称，截至2026年4月14日，公司已完成股份回购方案。本次实际回购股份7747.46万股，占公司总股本的0.29%，回购价格区间为29.82元/股至34.72元/股，使用资金总额24.998亿元(不含交易费用)。,2026-04-14 18:29:36,每日经济新闻,http://finance.eastmoney.com/a/202604143704537533.html,,,,,,,,,,agent_preflight
601899,紫金矿业已回购7747万股，金额25亿元,紫金矿业（601899/02899）发布公告，截至2026年4月14日，公司已实际回购7747万股，占总股本的0.29%，实际回购金额为25亿元，回购价格区间为29.82元/股至34.72元/股。 　　2025年，紫金矿业实现收入3490.79亿元，归母净利润517.77亿元。,2026-04-14 18:43:00,财中社,http://finance.eastmoney.com/a/202604143704561176.html,,,,,,,,,,agent_preflight
601899,8500亿CPO龙头一季报预约披露时间提前至4月17日|盘后公告集锦,【紫金矿业：完成回购股份耗资约25亿元】 　　紫金矿业(601899.SH)公告称，截至2026年4月14日，公司已完成股份回购方案。,2026-04-14 20:33:14,财联社,http://finance.eastmoney.com/a/202604143704673626.html,,,,,,,,,,agent_preflight
601899,紫金矿业耗资25亿元完成回购股份,4月14日，紫金矿业(601899.SH)公告称，截至2026年4月14日，公司已完成股份回购方案。本次实际回购股份7747万股，占公司总股本的0.29%，回购价格区间为29.82元/股至34.72元/股，使用资金总额24.998亿元(不含交易费用)。,2026-04-14 21:22:29,国际金融报,http://finance.eastmoney.com/a/202604143704901056.html,,,,,,,,,,agent_preflight
601899,金属钴概念下跌1.82%，9股主力资金净流出超亿元,北矿科技 -1.37 1.27 -139.76 688077 大地熊 -0.84 1.48 -28.98 300487 蓝晓科技 -3.59 0.91 71.59 002601 龙佰集团 -0.79 0.91 687.11 601618 中国中冶 0.00 0.65 2971.29 601899,2026-04-15 16:49:00,证券时报网,http://finance.eastmoney.com/a/202604153705976139.html,,,,,,,,,,agent_preflight
601899,盐湖提锂概念下跌1.75%，主力资金净流出33股,0.89 3.32 637.43 300774 倍杰特 -1.36 7.84 2007.47 300055 万邦达 -1.19 4.64 3130.37 000408 藏格矿业 -0.39 0.93 6594.64 601168 西部矿业 -0.49 2.51 11097.28 601899,2026-04-15 16:49:00,证券时报网,http://finance.eastmoney.com/a/202604153705974968.html,,,,,,,,,,agent_preflight
601899,有色金属行业4月16日资金流向日报,有色金属行业资金流入榜 代码 简称 今日涨跌幅（%） 今日换手率（%） 主力资金流量（万元） 000657 中钨高新 10.00 8.58 132964.76 600549 厦门钨业 10.01 6.38 105360.68 603799 华友钴业 5.02 5.03 76226.92 601899,2026-04-16 17:41:00,证券时报网,http://finance.eastmoney.com/a/202604163707530487.html,,,,,,,,,,agent_preflight
601899,板块业绩与股价双兑现 A股贵金属赛道景气持续上行,其中，紫金矿业（601899.SH，02899.HK）、恒邦股份（002237.SZ）、山东黄金（600547.SH）三家龙头企业，率先突破营收千亿大关。,2026-04-17 14:15:14,央广财经,http://finance.eastmoney.com/a/202604173708812232.html,,,,,,,,,,agent_preflight
601899,53股特大单净流入资金超2亿元,300274 阳光电源 132.75 -0.86 -13.47 电力设备 603259 药明康德 99.39 -5.93 -10.51 医药生物 600111 北方稀土 49.22 -0.34 -9.67 有色金属 002460 赣锋锂业 84.06 -1.80 -7.44 有色金属 601899,2026-04-17 17:27:00,证券时报网,http://finance.eastmoney.com/a/202604173709018463.html,,,,,,,,,,agent_preflight
601899,盐湖提锂概念下跌0.55%，11股主力资金净流出超亿元,藏格矿业 1.99 1.22 1982.15 300070 碧水源 2.49 1.52 2050.36 002256 兆新股份 3.16 6.02 2754.65 603843 *ST正平 4.97 2.92 3653.44 601168 西部矿业 1.15 2.11 4110.49 601899,2026-04-20 16:43:00,证券时报网,http://finance.eastmoney.com/a/202604203710652881.html,,,,,,,,,,agent_preflight
601899,杠杆资金大手笔加仓股名单,1.27 电力设备 300058 蓝色光标 8.50 33070.44 447741.79 6.59 传媒 300502 新易盛 -1.02 32698.09 1664013.06 3.22 通信 600487 亨通光电 9.42 29910.59 509102.42 3.42 通信 601899,2026-04-21 09:44:00,证券时报网,http://finance.eastmoney.com/a/202604213711927821.html,,,,,,,,,,agent_preflight
601899,主力动向：4月21日特大单净流出255.00亿元,（数据宝） 　　特大单净流入资金排名 代码 简称 收盘价（元） 涨跌幅（%） 特大单净流入（亿元） 行业 688820 C盛合 76.65 289.48 38.09 电子 300750 宁德时代 447.60 3.49 16.82 电力设备 601899 紫金矿业 35.66 2.41,2026-04-21 16:47:00,证券时报网,http://finance.eastmoney.com/a/202604213712343668.html,,,,,,,,,,agent_preflight
601899,2025年A股年报全景解码：优质赛道集中爆发 350余家公司归母净利润翻倍,从盈利规模来看，截至4月21日午间，A股市场有70多家上市公司归母净利润在100亿元以上，除了银行、保险、运营商外，贵州茅台（600519.SH）、宁德时代（300750.SZ）、紫金矿业（601899.SH）等龙头企业也交出了一份亮眼的成绩单。,2026-04-21 17:06:18,央广财经,http://finance.eastmoney.com/a/202604213712383857.html,,,,,,,,,,agent_preflight
601899,紫金矿业：一季度净利润200.79亿元 同比增长97.5%,紫金矿业(601899.SH)公告称，2026年第一季度实现营业收入984.98亿元，同比增长24.79%；归属于上市公司股东的净利润为200.79亿元，同比增长97.50%。,2026-04-21 20:14:50,财联社,http://finance.eastmoney.com/a/202604213712644750.html,,,,,,,,,,agent_preflight
601899,紫金矿业：一季度净利润同比增长97.5%,人民财讯4月21日电，紫金矿业(601899)4月21日披露一季报，公司2026年一季度实现营业收入984.98亿元，同比增长24.79%；归母净利润200.79亿元，同比增长97.5%，基本每股收益0.755元。,2026-04-21 20:19:00,人民财讯,http://finance.eastmoney.com/a/202604213712653611.html,,,,,,,,,,agent_preflight
601899,紫金矿业：第一季度净利润同比增长97.50% 主营金属品种量价齐升,每经AI快讯，4月21日，紫金矿业(601899.SH)公告称，2026年第一季度实现营业收入984.98亿元，同比增长24.79%；归属于上市公司股东的净利润为200.79亿元，同比增长97.50%。,2026-04-21 20:20:26,每日经济新闻,http://finance.eastmoney.com/a/202604213712653097.html,,,,,,,,,,agent_preflight
601899,万亿矿业巨头，一季度净利增长98％,4月21日晚间，紫金矿业（601899.SH）发布最新业绩公告称，2026年第一季度，公司实现营业收入984.98亿元，同比增长24.79%；实现归属于上市公司股东的净利润为200.79亿元，同比增长97.50%。,2026-04-21 20:33:34,大河财立方,http://finance.eastmoney.com/a/202604213712709553.html,,,,,,,,,,agent_preflight
601899,预亏扩大至约260亿元到265亿元！200亿地产股发布2025年业绩预告更正公告|盘后公告集锦,【紫金矿业：第一季度净利润同比增长97.50% 主营金属品种量价齐升】 　　紫金矿业(601899.SH)公告称，2026年第一季度实现营业收入984.98亿元，同比增长24.79%；归属于上市公司股东的净利润为200.79亿元，同比增长97.50%。,2026-04-21 20:42:06,财联社,http://finance.eastmoney.com/a/202604213712721566.html,,,,,,,,,,agent_preflight
601899,紫金矿业：Q1归母净利润为200.79亿元，同比上升97.5%,4月21日，紫金矿业(601899)公布2026年一季报，公司营业收入为984.98亿元，同比上升24.8%；归母净利润为200.79亿元，同比上升97.5%；扣非归母净利润为184.59亿元，同比上升86.8%；经营现金流净额为278.32亿元，同比增长122.2%；EPS(全面摊薄,2026-04-21 21:34:00,财中社,http://finance.eastmoney.com/a/202604213712811697.html,,,,,,,,,,agent_preflight
601899,紫金矿业一季度利润增长98% 预期锂将成为利润核心引擎,在去年的高位上，以紫金矿业(601899)为代表的黄金矿企经营业绩进一步高增长。不过，在最新披露的财报中，紫金矿业以更大篇幅探讨锂板块，并预期锂板块将成为公司利润新的核心增长引擎。,2026-04-21 21:55:00,证券时报网,http://finance.eastmoney.com/a/202604213712835817.html,,,,,,,,,,agent_preflight
601899,紫金矿业一季度归母净利润同比增97.5% 营收增长24.79%,4月21日，紫金矿业(601899.SH)发布公告显示，2026年第一季度公司实现营业收入984.98亿元，较上年同期增长24.79%；归属于上市公司股东的净利润达200.79亿元，同比增幅为97.50%。,2026-04-21 22:12:06,央广财经,http://finance.eastmoney.com/a/202604213712849222.html,,,,,,,,,,agent_preflight
601899,微脉、帝尔激光递表港交所主板；英派药业、翼菲科技通过港交所主板上市聆讯丨港交所早参,NO.4紫金矿业一季度归母净利润同比增加97.5% 　　4月21日晚间，紫金矿业（HK02899，SH601899）于港交所发布2026年第一季度报告。,2026-04-22 07:02:20,每日经济新闻,http://finance.eastmoney.com/a/202604223713055726.html,,,,,,,,,,agent_preflight
601899,紫金矿业：2026年一季度净利润200.79亿元 同比增长97.5%,中证智能财讯紫金矿业（601899）4月22日披露2026年第一季度报告。,2026-04-22 09:00:06,中国证券报·中证网,http://finance.eastmoney.com/a/202604223713402974.html,,,,,,,,,,agent_preflight
601899,紫金矿业一季度盈利首超200亿 三年内拟跻身全球锂矿巨头行列,官网资料显示，紫金矿业是一家在全球范围内从事金属矿产资源勘查和开发为主的企业，在A股（601899.SH）和香港H股（2899. HK）两地整体上市。,2026-04-22 09:10:42,界面新闻,http://finance.eastmoney.com/a/202604223713437286.html,,,,,,,,,,agent_preflight
601899,紫金矿业(601899.SH)：2026年一季报净利润为200.79亿元、同比较去年同期上涨97.50%,2026年4月22日，紫金矿业(601899.SH)发布2026年一季报。 　　公司营业总收入为984.98亿元，较去年同报告期营业总收入增加195.69亿元，实现2年连续上涨，同比较去年同期上涨24.79%。,2026-04-22 09:17:36,界面新闻,http://finance.eastmoney.com/a/202604223713518219.html,,,,,,,,,,agent_preflight
601899,36股受融资客青睐，净买入超亿元,300750 宁德时代 3.49 130051.19 2469124.84 1.30 电力设备 688820 C盛合 289.48 124555.68 124555.68 9.40 电子 603986 兆易创新 5.41 77056.50 1122847.55 5.49 电子 601899,2026-04-22 09:23:00,证券时报网,http://finance.eastmoney.com/a/202604223713547653.html,,,,,,,,,,agent_preflight
601899,杠杆资金持续回流 两融余额11连升,002415 海康威视 56.31 16.76 42.39 11.43 600487 亨通光电 50.64 16.44 48.06 3.01 002475 立讯精密 82.59 15.27 22.68 34.73 603799 华友钴业 63.47 14.78 30.35 14.07 601899,2026-04-22 09:48:00,证券时报网,http://finance.eastmoney.com/a/202604223713701915.html,,,,,,,,,,agent_preflight
601899,主力动向：4月22日特大单净流入133.64亿元,603986 兆易创新 313.98 2.52 5.89 电子 002201 九鼎新材 15.32 9.98 5.87 建筑材料 600330 天通股份 25.87 9.99 5.79 电子 　　特大单净流出资金排名 代码 简称 收盘价（元） 涨跌幅（%） 特大单净流入（亿元） 行业 601899,2026-04-22 16:45:00,证券时报网,http://finance.eastmoney.com/a/202604223714083151.html,,,,,,,,,,agent_preflight
601899,有色金属行业资金流出榜：紫金矿业、赣锋锂业等净流出资金居前,000408 藏格矿业 2.12 0.84 7675.45 601020 华钰矿业 3.39 4.90 6847.26 601212 白银有色 1.73 1.57 6715.81 　　有色金属行业资金流出榜 代码 简称 今日涨跌幅（%） 今日换手率（%） 主力资金流量（万元） 601899,2026-04-22 17:19:00,证券时报网,http://finance.eastmoney.com/a/202604223714148332.html,,,,,,,,,,agent_preflight
601899,71股今日获机构买入评级 26股上涨空间超20%,医药生物 688552 航天南湖 1 6.34 国防军工 688630 芯碁微装 1 0.97 机械设备 600977 中国电影 1 -2.70 230.69 传媒 601668 中国建筑 1 0.00 5.13 建筑装饰 601816 京沪高铁 1 -1.40 18.35 交通运输 601899,2026-04-22 17:19:00,证券时报网,http://finance.eastmoney.com/a/202604223714150151.html,,,,,,,,,,agent_preflight
601899,热度飙升！外资年内调研A股超1800次，聚焦硬科技,北向资金持仓市值排名前五的行业分别为电力设备、电子、有色金属、银行以及机械设备；个股方面，北向资金前十大重仓股分别为宁德时代（300750.SZ）、贵州茅台（600519.SH）、美的集团（000333.SZ）、招商银行（600036.SH）、中际旭创（300308.SZ）、北方华创（002371.SZ）、紫金矿业（601899,2026-04-22 17:47:18,界面新闻,http://finance.eastmoney.com/a/202604223714193190.html,,,,,,,,,,agent_preflight
601899,两融余额12连升 1398.89亿增量杠杆资金进场,12.45 002415 海康威视 55.97 16.42 41.53 11.10 603799 华友钴业 64.41 15.72 32.28 12.73 002475 立讯精密 82.25 14.93 22.17 39.41 688820 C盛合 13.57 13.57 382.72 601899,2026-04-23 09:43:00,证券时报网,http://finance.eastmoney.com/a/202604233715554076.html,,,,,,,,,,agent_preflight
601899,飙涨11倍！紫金矿业悄然炼成“锂”想版图,在金价与铜价双双飙升的背景下，紫金矿业(601899.SH)交出了一份亮眼的一季度成绩单。这并非只是属于传统贵金属的狂欢。财报显示，该公司碳酸锂业务正呈现爆发式增长，标志着这家矿业巨头正加速构建新能源时代的“白色石油”版图。,2026-04-23 15:27:47,界面新闻,http://finance.eastmoney.com/a/202604233715927398.html,,,,,,,,,,agent_preflight
601899,金属锌概念下跌3.00%，主力资金净流出35股,（数据宝） 　　金属锌概念资金流出榜 代码 简称 今日涨跌幅（%） 今日换手率（%） 主力资金流量（万元） 601899 紫金矿业 -3.18 1.73 -205698.40 000426 兴业银锡 -5.78 4.73 -57515.22 002716 湖南白银 -6.95 12.96,2026-04-23 16:40:00,证券时报网,http://finance.eastmoney.com/a/202604233716048991.html,,,,,,,,,,agent_preflight
601899,有色金属行业今日净流出资金175.06亿元，紫金矿业等43股净流出资金超亿元,182.21 003038 鑫铂股份 -2.70 3.98 105.46 603937 丽岛新材 0.32 4.12 90.35 600615 鑫源智造 -0.88 1.15 23.77 　　有色金属行业资金流出榜 代码 简称 今日涨跌幅（%） 今日换手率（%） 主力资金流量（万元） 601899,2026-04-23 16:40:00,证券时报网,http://finance.eastmoney.com/a/202604233716049241.html,,,,,,,,,,agent_preflight
601899,金属铅概念下跌3.38%，主力资金净流出33股,（数据宝） 　　金属铅概念资金流出榜 代码 简称 今日涨跌幅（%） 今日换手率（%） 主力资金流量（万元） 601899 紫金矿业 -3.18 1.73 -205698.40 000426 兴业银锡 -5.78 4.73 -57515.22 002716 湖南白银 -6.95 12.96,2026-04-23 16:41:00,证券时报网,http://finance.eastmoney.com/a/202604233716047986.html,,,,,,,,,,agent_preflight
601899,主力动向：4月23日特大单净流出690.10亿元,300394 天孚通信 350.09 -6.74 -33.51 通信 300476 胜宏科技 331.95 -3.16 -18.90 电子 001309 德明利 494.69 -5.77 -17.25 电子 688525 佰维存储 264.30 -5.94 -16.73 电子 601899,2026-04-23 16:41:00,证券时报网,http://finance.eastmoney.com/a/202604233716047850.html,,,,,,,,,,agent_preflight
601899,中际旭创蝉联主动权益基金头号重仓股 药明康德顶替寒武纪跻身前十,腾讯控股（00700.HK）、贵州茅台（600519.SH）、东山精密（002384.SZ）、紫金矿业（601899.SH）、阿里巴巴-W（09988.HK）、药明康德（603259.SH）、立讯精密（002475.SZ）分别位列第四至第十位重仓股。,2026-04-23 17:43:00,澎湃新闻,http://finance.eastmoney.com/a/202604233716159050.html,,,,,,,,,,agent_preflight
601899,公募一季度持续加码AI投资 结构性亮点十足,此外，主动权益基金一季度末重仓的公司还有宁德时代(300750)、新易盛(300502)、腾讯控股、贵州茅台(600519)、东山精密(002384)、紫金矿业(601899)、阿里巴巴-W、药明康德(603259)、立讯精密(002475)。,2026-04-23 17:43:17,理财周刊-财事汇,http://finance.eastmoney.com/a/202604233716155159.html,,,,,,,,,,agent_preflight
601899,杠杆资金大手笔加仓股名单,电子 002428 云南锗业 2.18 48588.60 283663.82 5.65 有色金属 300476 胜宏科技 -3.16 42231.78 2047898.54 7.13 电子 300502 新易盛 -2.32 41539.05 1837921.98 3.41 通信 601899,2026-04-24 09:08:00,证券时报网,http://finance.eastmoney.com/a/202604243717284341.html,,,,,,,,,,agent_preflight
601899,两融余额13连升 杠杆资金大比例加仓106股,688525 佰维存储 83.45 24.18 40.80 25.68 002475 立讯精密 87.60 20.28 30.12 38.87 600487 亨通光电 53.44 19.24 56.25 19.76 688256 寒武纪 176.52 19.18 12.19 28.99 601899,2026-04-24 09:47:00,证券时报网,http://finance.eastmoney.com/a/202604243717545621.html,,,,,,,,,,agent_preflight
601899,机构推动上市公司低碳转型吃力不讨好？北京绿金院赵立建：ESG与财务回报长期维度高度一致,赵立建：我们已有若干联合参与案例可供参考，比如针对牧原股份（002714.SZ）、紫金矿业（601899.SH）、新奥能源（2688.HK）、卫星化学（002648.SZ）、宝钢股份（600019.SH）等企业的协同行动。,2026-04-24 15:35:58,时代周报,http://finance.eastmoney.com/a/202604243717926222.html,,,,,,,,,,agent_preflight
601899,盐湖提锂概念涨2.49%，主力资金净流入这些股,0.22 9.79 -4776.09 -5.57 300263 隆华科技 -2.96 4.56 -7231.44 -15.94 300207 欣旺达 -4.74 9.31 -18393.26 -4.22 002594 比亚迪 -0.52 0.97 -28447.57 -8.50 601899,2026-04-24 17:09:00,证券时报网,http://finance.eastmoney.com/a/202604243718077646.html,,,,,,,,,,agent_preflight
601899,有色金属行业4月24日资金流向日报,株冶集团 3.64 15.19 4869.16 600531 豫光金铅 -0.19 6.16 4372.05 　　有色金属行业资金流出榜 代码 简称 今日涨跌幅（%） 今日换手率（%） 主力资金流量（万元） 002149 西部材料 -10.00 20.35 -71960.29 601899,2026-04-24 17:09:00,证券时报网,http://finance.eastmoney.com/a/202604243718082645.html,,,,,,,,,,agent_preflight
601899,“站在光里才算英雄”？一季度公募重仓股大变脸 有基金经理提示风险,数据显示，公募持有的前十大重仓股分别为中际旭创（300308.SZ）、宁德时代（300750.SZ）、新易盛（300502.SZ）、腾讯控股（00700.HK）、贵州茅台（600519.SH）、东山精密（002384.SZ）、紫金矿业（601899.SH）、阿里巴巴-W（09988,2026-04-26 00:52:38,界面新闻,http://finance.eastmoney.com/a/202604253719094057.html,,,,,,,,,,agent_preflight
601899,有色金属行业今日净流出资金83.37亿元，厦门钨业等19股净流出资金超亿元,福达合金 6.77 7.81 3263.24 600361 创新新材 2.67 2.12 3158.56 　　有色金属行业资金流出榜 　　 代码 简称 今日涨跌幅（%） 今日换手率（%） 主力资金流量（万元） 600549 厦门钨业 -8.08 6.77 -144183.62 601899,2026-04-27 17:55:00,证券时报网,http://finance.eastmoney.com/a/202604273720311986.html,,,,,,,,,,agent_preflight
601899,61股特大单净流入资金超2亿元,天通股份 27.42 5.91 4.65 电子 603986 兆易创新 303.42 1.92 4.65 电子 　　特大单净流出资金排名 　　 代码 简称 收盘价（元） 涨跌幅（%） 特大单净流入（亿元） 行业 300308 中际旭创 857.03 -3.38 -35.07 通信 601899,2026-04-27 17:55:00,证券时报网,http://finance.eastmoney.com/a/202604273720312290.html,,,,,,,,,,agent_preflight
601899,杠杆资金大手笔加仓股名单,医药生物 300454 深信服 6.43 15506.49 145616.53 4.24 计算机 300014 亿纬锂能 -1.90 15489.91 563466.71 3.77 电力设备 688981 中芯国际 5.06 15414.61 1188358.08 5.10 电子 601899,2026-04-28 09:07:00,证券时报网,http://finance.eastmoney.com/a/202604283721448223.html,,,,,,,,,,agent_preflight
601899,有色金属行业今日净流出资金89.78亿元，云南锗业等29股净流出资金超亿元,77235.98 600549 厦门钨业 -3.20 4.34 -53290.08 000657 中钨高新 -3.21 4.69 -50646.74 000960 锡业股份 -8.54 5.49 -49928.24 600219 南山铝业 -9.73 4.35 -44109.75 601899,2026-04-28 17:20:00,证券时报网,http://finance.eastmoney.com/a/202604283722385680.html,,,,,,,,,,agent_preflight
601899,解密主力资金出逃股 连续5日净流出673股,（数据宝） 　　连续5日或以上主力资金净流出个股排名 证券代码 证券简称 主力资金净流出天数 主力资金净流出金额（亿元） 主力资金净流出比例（%） 累计涨跌幅（%） 300308 中际旭创 8 122.66 5.63 1.90 601899 紫金矿业 5 54.36 11.10 -,2026-04-28 17:20:00,证券时报网,http://finance.eastmoney.com/a/202604283722382084.html,,,,,,,,,,agent_preflight
601899,盐湖提锂概念涨3.65%，主力资金净流入33股,盐湖提锂概念资金流入榜 　　 代码 简称 今日涨跌幅（%） 今日换手率（%） 主力资金流量（万元） 主力资金净流入比率（%） 002594 比亚迪 3.86 3.03 238641.43 21.65 002460 赣锋锂业 5.85 7.01 73567.86 10.18 601899,2026-04-29 18:18:00,证券时报网,http://finance.eastmoney.com/a/202604293724712350.html,,,,,,,,,,agent_preflight
601899,金属钴概念上涨4.94%，11股主力资金净流入超亿元,金属钴概念资金流入榜 　　 代码 简称 今日涨跌幅（%） 今日换手率（%） 主力资金流量（万元） 主力资金净流入比率（%） 000657 中钨高新 10.00 5.69 94606.70 20.79 002460 赣锋锂业 5.85 7.01 73567.86 10.18 601899,2026-04-29 18:19:00,证券时报网,http://finance.eastmoney.com/a/202604293724709669.html,,,,,,,,,,agent_preflight
601899,18.36亿主力资金净流入，金属铅概念涨3.19%,（数据宝） 　　金属铅概念资金流入榜 　　 代码 简称 今日涨跌幅（%） 今日换手率（%） 主力资金流量（万元） 主力资金净流入比率（%） 601899 紫金矿业 3.61 1.47 67276.53 6.61 600338 西藏珠峰 10.00 14.96 37507.82 10.30,2026-04-29 18:19:00,证券时报网,http://stock.eastmoney.com/a/202604293725154659.html,,,,,,,,,,agent_preflight
601899,有色金属行业4月29日资金流向日报,主力资金流量（万元） 600111 北方稀土 10.00 5.18 323089.82 000657 中钨高新 10.00 5.69 94606.70 000831 中国稀土 10.00 5.62 77601.56 002460 赣锋锂业 5.85 7.01 73567.86 601899,2026-04-29 18:19:00,证券时报网,http://finance.eastmoney.com/a/202604293725153313.html,,,,,,,,,,agent_preflight
601899,金属铜概念上涨3.44%，15股主力资金净流入超亿元,（数据宝） 　　金属铜概念资金流入榜 代码 简称 今日涨跌幅（%） 今日换手率（%） 主力资金流量（万元） 主力资金净流入比率（%） 000657 中钨高新 10.00 5.69 94606.70 20.79 601899 紫金矿业 3.61 1.47 67276.53 6.61,2026-04-29 18:19:00,证券时报网,http://finance.eastmoney.com/a/202604293725155721.html,,,,,,,,,,agent_preflight
601899,227股今日获机构买入评级,-2.52 47.84 社会服务 605099 共创草坪 1 10.00 22.07 轻工制造 605196 华通线缆 1 -1.97 85.76 电力设备 605555 德昌股份 1 0.59 145.77 家用电器 605589 圣泉集团 1 7.82 48.69 基础化工 601899,2026-04-29 18:19:00,证券时报网,http://finance.eastmoney.com/a/202604293724709218.html,,,,,,,,,,agent_preflight
601899,小金属概念上涨3.73%，31股主力资金净流入超亿元,10.00 5.18 323089.82 34.54 000657 中钨高新 10.00 5.69 94606.70 20.79 000831 中国稀土 10.00 5.62 77601.56 24.67 002460 赣锋锂业 5.85 7.01 73567.86 10.18 601899,2026-04-29 18:19:00,证券时报网,http://finance.eastmoney.com/a/202604293724710526.html,,,,,,,,,,agent_preflight
601899,104股获融资客大手笔净买入,6日涨跌幅（%） 融资净买入额（万元） 最新融资余额（万元） 占流通市值比例（%） 所属行业 002384 东山精密 2.76 97755.22 1032740.34 3.88 电子 601318 中国平安 -0.02 90126.57 3519843.07 5.56 非银金融 601899,2026-05-07 09:27:00,证券时报网,http://finance.eastmoney.com/a/202605073729566069.html,,,,,,,,,,agent_preflight
601899,营收4万亿、最高暴涨6136%！有色周期站上风口 后市如何演绎,其中，黄金板块表现尤为耀眼，紫金矿业（601899.SH）、山东黄金（600547.SH）等龙头稳健增长，招金黄金（000506.SZ）、西部黄金（601069.SH）一季度归母净利润增幅分别高达6136.21%和2102.76%。与此同时，小金属成为突围“黑马”。,2026-05-07 16:58:06,央广财经,http://finance.eastmoney.com/a/202605073730175347.html,,,,,,,,,,agent_preflight
601899,有色金属行业今日净流出资金88.10亿元，天齐锂业等21股净流出资金超亿元,深圳新星 -0.34 18.87 4026.73 　　有色金属行业资金流出榜 代码 简称 今日涨跌幅（%） 今日换手率（%） 主力资金流量（万元） 002466 天齐锂业 -3.24 8.24 -203956.24 002460 赣锋锂业 -3.77 7.34 -104837.37 601899,2026-05-07 17:24:00,证券时报网,http://finance.eastmoney.com/a/202605073730182440.html,,,,,,,,,,agent_preflight
601899,79股特大单净流入资金超2亿元,家用电器 002709 天赐材料 62.80 -1.88 -8.66 电力设备 688525 佰维存储 299.85 -3.62 -8.58 电子 300475 香农芯创 189.18 -2.82 -8.39 电子 603538 美诺华 61.65 -10.00 -8.09 医药生物 601899,2026-05-07 17:24:00,证券时报网,http://finance.eastmoney.com/a/202605073730182712.html,,,,,,,,,,agent_preflight
601899,83股受融资客青睐，净买入超亿元,3.88 计算机 000967 盈峰环境 9.98 18357.15 161718.61 3.04 环保 600703 三安光电 3.13 18004.39 485335.59 6.43 电子 002156 通富微电 3.74 17757.82 397625.86 4.44 电子 601899,2026-05-08 09:14:00,证券时报网,http://finance.eastmoney.com/a/202605083730991496.html,,,,,,,,,,agent_preflight
601899,紫金矿业：拟推2026年员工持股计划 受让价格19.36元/股,"紫金矿业(601899.SH)公告称，公司拟实施2026年员工持股计划，参与对象包括公司及下属公司管理及技术骨干以上人员等，总人数不超过4,500人。",2026-05-08 19:03:40,财联社,http://finance.eastmoney.com/a/202605083731674591.html,,,,,,,,,,agent_preflight
601899,紫金矿业拟推2026年员工持股计划 受让价19.36元/股,5月8日，紫金矿业（601899.SH）发布公告，宣布公司计划实施2026年员工持股计划。该计划的参与对象为公司及下属公司的管理和技术骨干以上人员，总人数将不超过4500人。据公告显示，此次员工持股计划涉及的标的股票数量上限为7747.46万股，约占公司当前股本总额的0.29%。,2026-05-08 20:49:48,央广财经,http://finance.eastmoney.com/a/202605083731784796.html,,,,,,,,,,agent_preflight
601899,突发！250亿光通信概念股拟投建年产600吨光棒及2000万芯公里光纤项目|盘后公告集锦,"【紫金矿业：拟推2026年员工持股计划受让价格19.36元/股】 　　紫金矿业(601899.SH)公告称，公司拟实施2026年员工持股计划，参与对象包括公司及下属公司管理及技术骨干以上人员等，总人数不超过4,500人。",2026-05-08 21:13:15,财联社,http://finance.eastmoney.com/a/202605083731808032.html,,,,,,,,,,agent_preflight
601899,紫金矿业推出2026年员工持股计划草案 不超过4500人打五五折买股票,5月8日，紫金矿业(601899)正式发布《2026年员工持股计划（草案）》。本次员工持股计划参与对象为公司及下属公司管理、技术骨干及董事会认定的其他人员，总人数不超过4500人。,2026-05-08 22:12:00,证券时报网,http://finance.eastmoney.com/a/202605083731851080.html,,,,,,,,,,agent_preflight
601899,金属铅概念下跌0.67%，12股主力资金净流出超亿元,（数据宝） 　　金属铅概念资金流出榜 代码 简称 今日涨跌幅（%） 今日换手率（%） 主力资金流量（万元） 601899 紫金矿业 -1.52 1.47 -98434.34 600988 赤峰黄金 -5.32 4.75 -35172.02 002155 湖南黄金 -2.23 3.80,2026-05-11 17:02:00,证券时报网,http://finance.eastmoney.com/a/202605113733143378.html,,,,,,,,,,agent_preflight
601899,82股特大单净流入资金超2亿元,6.58 电子 002655 共达电声 36.37 -7.67 -6.19 电子 600519 贵州茅台 1361.33 -0.85 -6.13 食品饮料 600498 烽火通信 58.61 2.82 -5.67 通信 600673 东阳光 39.02 -2.21 -5.56 综合 601899,2026-05-11 17:02:00,证券时报网,http://finance.eastmoney.com/a/202605113733136198.html,,,,,,,,,,agent_preflight
601899,主力动向：5月12日特大单净流出634.97亿元,10.00 5.36 有色金属 000591 太阳能 5.85 9.96 5.18 公用事业 000925 众合科技 10.76 10.02 4.61 机械设备 300782 卓胜微 109.90 2.34 4.49 电子 601869 长飞光纤 411.46 2.79 4.42 通信 601899,2026-05-12 16:55:00,证券时报网,http://finance.eastmoney.com/a/202605123734529026.html,,,,,,,,,,agent_preflight
601899,6只个股大宗交易超5000万元,（数据宝） 　　5月12日大宗交易成交额居前股票 证券代码 证券简称 涨幅（%） 收盘价（元） 成交量（万股） 成交额（万元） 笔数 成交价（元） 折溢价（%） 688256 寒武纪 6.49 1277.87 21.75 27793.67 1 1277.87 0.00 601899,2026-05-12 22:01:00,证券时报网,http://finance.eastmoney.com/a/202605123734846814.html,,,,,,,,,,agent_preflight
601899,赢了财富自由，输了三年白等！紫金矿业用近15亿元换来4500名“合伙人”,5月9日，紫金矿业集团股份有限公司（601899.SH，下称紫金矿业）发布2026年员工持股计划（草案），拟筹资不超过约14.99亿元，覆盖不超过4500名公司及下属公司管理及技术骨干，以19.36元/股的价格受让公司已回购股份。,2026-05-13 10:31:34,华夏时报网,http://finance.eastmoney.com/a/202605133735645986.html,,,,,,,,,,agent_preflight
601899,有色金属行业5月13日资金流向日报,55392.59 002466 天齐锂业 -0.49 5.20 -41296.17 603799 华友钴业 -0.11 3.48 -38426.18 000426 兴业银锡 -1.90 4.81 -31447.56 002756 永兴材料 -3.30 7.08 -27572.70 601899,2026-05-13 16:53:00,证券时报网,http://finance.eastmoney.com/a/202605133735970444.html,,,,,,,,,,agent_preflight
601899,又有国际投行发声看好中国股市 外资一季度买了啥？,新进个股方面，Wind数据显示，截至一季度末， QFII新进持有1211只个股，其中持仓市值超过10亿元的个股共有12只，分别为紫金矿业（601899）、天孚通信（300394）、中际旭创（300308）、立讯精密（002475）、兴业银锡（000426）、中天科技（600522）,2026-05-14 07:51:39,澎湃新闻,http://finance.eastmoney.com/a/202605143736580656.html,,,,,,,,,,agent_preflight
601899,投入逾400亿元 A股龙头密集回购释放什么信号？,此外，紫金矿业（601899.SH）、顺丰控股（002352.SZ）、贵州茅台（600519.SH）分列第三至第五位，回购金额分别为25亿元、24.56亿元和15.21亿元。,2026-05-14 16:15:25,央广财经,http://finance.eastmoney.com/a/202605143737446785.html,,,,,,,,,,agent_preflight
601899,157.76亿元资金今日流出有色金属股,826.20 605208 永茂泰 0.19 4.82 685.62 300811 铂科新材 -1.71 3.14 532.57 301141 中科磁业 -2.08 7.23 466.62 　　有色金属行业资金流出榜 代码 简称 今日涨跌幅（%） 今日换手率（%） 主力资金流量（万元） 601899,2026-05-14 17:32:00,证券时报网,http://finance.eastmoney.com/a/202605143737540614.html,,,,,,,,,,agent_preflight
601899,39股特大单净流入资金超2亿元,601991 大唐发电 7.20 -2.31 -10.53 公用事业 000988 华工科技 137.40 -3.31 -10.43 机械设备 688256 寒武纪 1260.58 -4.28 -10.39 电子 600111 北方稀土 53.27 -5.15 -10.24 有色金属 601899,2026-05-14 17:32:00,证券时报网,http://finance.eastmoney.com/a/202605143737533051.html,,,,,,,,,,agent_preflight
601899,64股获杠杆资金净买入超亿元,2.46 医药生物 300373 扬杰科技 1.06 17593.68 140221.11 3.08 电子 002156 通富微电 -5.69 17200.83 456987.60 5.25 电子 300456 赛微电子 6.38 17085.49 264603.92 8.46 电子 601899,2026-05-15 09:20:00,证券时报网,http://finance.eastmoney.com/a/202605153738339787.html,,,,,,,,,,agent_preflight
601899,金属铅概念下跌4.61%，主力资金净流出35股,（数据宝） 　　金属铅概念资金流出榜 　　 代码 简称 今日涨跌幅（%） 今日换手率（%） 主力资金流量（万元） 601899 紫金矿业 -5.01 2.18 -170657.63 000426 兴业银锡 -8.37 6.70 -54963.24 600497 驰宏锌锗 -8.55,2026-05-15 16:30:00,证券时报网,http://finance.eastmoney.com/a/202605153738954591.html,,,,,,,,,,agent_preflight
601899,金属锌概念下跌4.35%，主力资金净流出40股,（数据宝） 　　金属锌概念资金流出榜 代码 简称 今日涨跌幅（%） 今日换手率（%） 主力资金流量（万元） 601899 紫金矿业 -5.01 2.18 -170657.63 000426 兴业银锡 -8.37 6.70 -54963.24 600497 驰宏锌锗 -8.55 6.27,2026-05-15 16:30:00,证券时报网,http://finance.eastmoney.com/a/202605153738953674.html,,,,,,,,,,agent_preflight
601899,金属铜概念下跌3.33%，主力资金净流出84股,（数据宝） 　　金属铜概念资金流出榜 　　 代码 简称 今日涨跌幅（%） 今日换手率（%） 主力资金流量（万元） 601899 紫金矿业 -5.01 2.18 -170657.63 603993 洛阳钼业 -5.84 2.04 -111889.08 603799 华友钴业 -2.75,2026-05-15 16:30:00,证券时报网,http://finance.eastmoney.com/a/202605153738951743.html,,,,,,,,,,agent_preflight
601899,黄金概念下跌3.74%，26股主力资金净流出超亿元,（数据宝） 　　黄金概念资金流出榜 代码 简称 今日涨跌幅（%） 今日换手率（%） 主力资金流量（万元） 601899 紫金矿业 -5.01 2.18 -170657.63 603993 洛阳钼业 -5.84 2.04 -111889.08 600089 特变电工 -3.03 3.96,2026-05-15 16:30:00,证券时报网,http://finance.eastmoney.com/a/202605153738953344.html,,,,,,,,,,agent_preflight
601899,有色金属行业资金流出榜：紫金矿业等40股净流出资金超亿元,600366 宁波韵升 0.23 3.08 829.68 003038 鑫铂股份 -0.57 6.80 671.42 301141 中科磁业 -0.32 8.90 556.90 　　有色金属行业资金流出榜 　　 代码 简称 今日涨跌幅（%） 今日换手率（%） 主力资金流量（万元） 601899,2026-05-15 16:31:00,证券时报网,http://finance.eastmoney.com/a/202605153738953987.html,,,,,,,,,,agent_preflight
601899,主力动向：5月15日特大单净流出625.21亿元,002384 东山精密 203.35 -5.37 -21.05 电子 300476 胜宏科技 340.22 -4.12 -20.96 电子 001309 德明利 712.06 -1.33 -15.18 电子 688525 佰维存储 306.30 -5.27 -14.57 电子 601899,2026-05-15 17:05:00,证券时报网,http://finance.eastmoney.com/a/202605153738999930.html,,,,,,,,,,agent_preflight
601899,7只个股大宗交易超5000万元,（数据宝） 　　5月15日大宗交易成交额居前股票 证券代码 证券简称 涨幅（%） 收盘价（元） 成交量（万股） 成交额（万元） 笔数 成交价（元） 折溢价（%） 601899 紫金矿业 -5.01 31.84 3373.40 107409.15 1 31.84 0.00 000792,2026-05-15 23:45:00,证券时报网,http://finance.eastmoney.com/a/202605153739311520.html,,,,,,,,,,agent_preflight
601899,主力动向：5月18日特大单净流出150.85亿元,5.61 通信 600111 北方稀土 51.70 -3.87 -5.46 有色金属 688008 澜起科技 247.99 - -5.06 电子 002181 粤传媒 17.72 -10.01 -4.75 传媒 002008 大族激光 138.53 -3.33 -4.56 机械设备 601899,2026-05-18 16:55:00,证券时报网,http://finance.eastmoney.com/a/202605183740513726.html,,,,,,,,,,agent_preflight
601899,有色金属行业今日净流出资金60.32亿元，北方稀土等24股净流出资金超亿元,300697 电工合金 3.56 2.88 1067.08 001337 四川黄金 2.93 2.54 1065.24 　　有色金属行业资金流出榜 　　 代码 简称 今日涨跌幅（%） 今日换手率（%） 主力资金流量（万元） 600111 北方稀土 -3.87 3.40 -86408.15 601899,2026-05-18 16:56:00,证券时报网,http://finance.eastmoney.com/a/202605183740517113.html,,,,,,,,,,agent_preflight
601899,9只个股大宗交易超5000万元,（数据宝） 　　5月18日大宗交易成交额居前股票 证券代码 证券简称 涨幅（%） 收盘价（元） 成交量（万股） 成交额（万元） 笔数 成交价（元） 折溢价（%） 601899 紫金矿业 -1.70 31.30 4550.96 142445.56 14 31.30 0.00 688361,2026-05-18 22:01:00,证券时报网,http://finance.eastmoney.com/a/202605183740822235.html,,,,,,,,,,agent_preflight
601899,阿根廷给赣锋锂业开了盏“市场绿灯”,除赣锋锂业外，紫金矿业(601899.SH)、盛新锂能(002240.SZ)、国轩高科(002074.SZ)等中企，也在阿根廷当地布局有锂资源相关项目。 　　截至5月18日收盘，赣锋锂业股价上涨1.69%，报收于79.38元/股，最新市值为1664亿元。,2026-05-19 08:51:17,界面新闻,http://finance.eastmoney.com/a/202605193741151675.html,,,,,,,,,,agent_preflight
601899,解密主力资金出逃股 连续5日净流出668股,10.90 -18.30 300390 天华新能 9 52.61 8.32 -22.57 300014 亿纬锂能 9 49.57 9.49 -13.00 600118 中国卫星 7 47.87 9.94 -23.60 002460 赣锋锂业 9 46.72 9.79 -16.82 601899,2026-05-19 16:53:00,证券时报网,http://finance.eastmoney.com/a/202605193742032245.html,,,,,,,,,,agent_preflight
601899,金属铅概念下跌1.42%，7股主力资金净流出超亿元,（数据宝） 　　金属铅概念资金流出榜 　　 代码 简称 今日涨跌幅（%） 今日换手率（%） 主力资金流量（万元） 601899 紫金矿业 -0.45 0.88 -37191.92 000426 兴业银锡 -2.98 3.24 -25393.91 600338 西藏珠峰 -4.38,2026-05-19 17:27:00,证券时报网,http://finance.eastmoney.com/a/202605193742076788.html,,,,,,,,,,agent_preflight
601899,盐湖提锂概念下跌1.08%，主力资金净流出33股,主力资金流量（万元） 002466 天齐锂业 -4.04 4.69 -59512.84 002460 赣锋锂业 -4.17 5.14 -44116.67 603993 洛阳钼业 -0.71 1.04 -43716.30 000792 盐湖股份 -2.82 2.33 -37659.04 601899,2026-05-19 17:27:00,证券时报网,http://finance.eastmoney.com/a/202605193742076564.html,,,,,,,,,,agent_preflight
601899,金属锌概念下跌1.50%，8股主力资金净流出超亿元,（数据宝） 　　金属锌概念资金流出榜 代码 简称 今日涨跌幅（%） 今日换手率（%） 主力资金流量（万元） 601899 紫金矿业 -0.45 0.88 -37191.92 000426 兴业银锡 -2.98 3.24 -25393.91 600338 西藏珠峰 -4.38 7.67,2026-05-19 17:27:00,证券时报网,http://finance.eastmoney.com/a/202605193742079947.html,,,,,,,,,,agent_preflight
601899,有色金属行业资金流出榜：西部材料、北方稀土等净流出资金居前,78854.97 600111 北方稀土 -2.80 3.05 -75938.42 002466 天齐锂业 -4.04 4.69 -59512.84 002460 赣锋锂业 -4.17 5.14 -44116.67 603993 洛阳钼业 -0.71 1.04 -43716.30 601899,2026-05-19 17:28:00,证券时报网,http://finance.eastmoney.com/a/202605193742082277.html,,,,,,,,,,agent_preflight
601899,大盘蓝筹丨 “稳”字当头：穿越周期最核心盈利基座，沪主板贡献A股八成净利润超七成分红,例如，紫金矿业（601899.SH）2025年净利润518亿元，经营性现金流净额高达754亿元。,2026-05-20 14:37:53,中国经营报,http://finance.eastmoney.com/a/202605203743364247.html,,,,,,,,,,agent_preflight
601899,主力动向：5月20日特大单净流出231.27亿元,通信 002281 光迅科技 236.40 2.39 -11.77 通信 300058 蓝色光标 17.69 -4.89 -10.43 传媒 300476 胜宏科技 334.20 -0.82 -9.44 电子 002131 利欧股份 6.93 -6.35 -9.23 机械设备 601899,2026-05-20 17:28:00,证券时报网,http://finance.eastmoney.com/a/202605203743589251.html,,,,,,,,,,agent_preflight
601899,解密主力资金出逃股 连续5日净流出736股,（%） 累计涨跌幅（%） 300750 宁德时代 7 74.53 8.21 -7.03 000858 五粮液 15 69.60 13.78 -15.60 002475 立讯精密 5 66.06 9.47 -12.58 600519 贵州茅台 9 59.95 9.88 -4.09 601899,2026-05-20 17:28:00,证券时报网,http://finance.eastmoney.com/a/202605203743590466.html,,,,,,,,,,agent_preflight
601899,主力动向：5月21日特大单净流出778.14亿元,688981 中芯国际 127.22 -4.92 -17.90 电子 000988 华工科技 153.96 -5.79 -16.12 机械设备 601138 工业富联 65.50 -3.89 -13.34 电子 688820 盛合晶微 176.80 -6.57 -13.08 电子 601899,2026-05-21 17:00:00,证券时报网,http://finance.eastmoney.com/a/202605213745277648.html,,,,,,,,,,agent_preflight
601899,解密主力资金出逃股 连续5日净流出717股,主力资金净流出天数 主力资金净流出金额（亿元） 主力资金净流出比例（%） 累计涨跌幅（%） 002475 立讯精密 6 83.28 9.97 -15.32 300308 中际旭创 5 79.54 6.10 -7.85 300750 宁德时代 8 76.29 7.27 -7.73 601899,2026-05-21 17:00:00,证券时报网,http://finance.eastmoney.com/a/202605213745277070.html,,,,,,,,,,agent_preflight
601899,38股获融资客逆市净买入超亿元,21日涨跌幅（%） 融资净买入额（万元） 最新融资余额（万元） 占流通市值比例（%） 所属行业 002050 三花智控 4.51 56091.73 758128.55 3.90 家用电器 300308 中际旭创 -4.21 51605.60 3377693.25 3.07 通信 601899,2026-05-22 09:15:00,证券时报网,http://finance.eastmoney.com/a/202605223746114537.html,,,,,,,,,,agent_preflight
601899,有色金属行业5月22日资金流向日报,6.32 116389.24 000630 铜陵有色 10.03 4.41 94947.56 603993 洛阳钼业 5.05 1.29 44104.74 000060 中金岭南 10.03 4.02 40148.48 000962 东方钽业 10.00 5.86 34492.97 601899,2026-05-22 16:51:00,证券时报网,http://finance.eastmoney.com/a/202605223746780441.html,,,,,,,,,,agent_preflight
601899,抢抓历史性机遇 银行竞逐并购贷款市场,2026年一季度，紫金矿业（601899.SH）旗下紫金黄金国际宣布拟出资55亿加元（约合人民币280亿元）收购加拿大联合黄金全部已发行的普通股，以此拿下其在非洲的三座大型金矿资产，这也是2026年一季度最大的海外并购案。,2026-05-23 02:25:14,中国经营网,http://finance.eastmoney.com/a/202605233747103515.html,,,,,,,,,,agent_preflight
601899,有色金属行业5月25日资金流向日报,600489 中金黄金 2.10 1.15 1929.13 　　有色金属行业资金流出榜 代码 简称 今日涨跌幅（%） 今日换手率（%） 主力资金流量（万元） 002149 西部材料 -2.97 13.84 -64576.07 000657 中钨高新 2.93 7.90 -54535.70 601899,2026-05-25 17:38:00,证券时报网,http://finance.eastmoney.com/a/202605253748277840.html,,,,,,,,,,agent_preflight
601899,金属钴概念涨1.36%，主力资金净流入这些股,（数据宝） 　　金属钴概念资金流入榜 代码 简称 今日涨跌幅（%） 今日换手率（%） 主力资金流量（万元） 主力资金净流入比率（%） 601899 紫金矿业 4.94 2.15 115009.64 8.03 603993 洛阳钼业 5.43 2.17 100764.36 13.44,2026-05-26 16:34:00,证券时报网,http://finance.eastmoney.com/a/202605263749702697.html,,,,,,,,,,agent_preflight
601899,26.15亿主力资金净流入，金属铅概念涨2.50%,（数据宝） 　　金属铅概念资金流入榜 　　 代码 简称 今日涨跌幅（%） 今日换手率（%） 主力资金流量（万元） 主力资金净流入比率（%） 601899 紫金矿业 4.94 2.15 115009.64 8.03 001257 盛龙股份 10.01 27.77 22665.17 24.15,2026-05-26 16:34:00,证券时报网,http://finance.eastmoney.com/a/202605263749702481.html,,,,,,,,,,agent_preflight
601899,金属铜概念涨1.41%，主力资金净流入这些股,（数据宝） 　　金属铜概念资金流入榜 　　 代码 简称 今日涨跌幅（%） 今日换手率（%） 主力资金流量（万元） 主力资金净流入比率（%） 601899 紫金矿业 4.94 2.15 115009.64 8.03 603993 洛阳钼业 5.43 2.17 100764.36 13.44,2026-05-26 16:34:00,证券时报网,http://finance.eastmoney.com/a/202605263749701074.html,,,,,,,,,,agent_preflight
601899,小金属概念涨0.66%，主力资金净流入77股,（数据宝） 　　小金属概念资金流入榜 　　 代码 简称 今日涨跌幅（%） 今日换手率（%） 主力资金流量（万元） 主力资金净流入比率（%） 601600 中国铝业 10.01 4.14 155785.78 24.47 601899 紫金矿业 4.94 2.15 115009.64,2026-05-26 16:34:00,证券时报网,http://finance.eastmoney.com/a/202605263749701177.html,,,,,,,,,,agent_preflight
601899,金属锌概念上涨2.12%，8股主力资金净流入超亿元,（数据宝） 　　金属锌概念资金流入榜 　　 代码 简称 今日涨跌幅（%） 今日换手率（%） 主力资金流量（万元） 主力资金净流入比率（%） 601899 紫金矿业 4.94 2.15 115009.64 8.03 001257 盛龙股份 10.01 27.77 22665.17 24.15,2026-05-26 16:35:00,证券时报网,http://finance.eastmoney.com/a/202605263749700993.html,,,,,,,,,,agent_preflight
601899,黄金概念涨1.56%，主力资金净流入这些股,（数据宝） 　　黄金概念资金流入榜 　　 代码 简称 今日涨跌幅（%） 今日换手率（%） 主力资金流量（万元） 主力资金净流入比率（%） 601899 紫金矿业 4.94 2.15 115009.64 8.03 603993 洛阳钼业 5.43 2.17 100764.36 13.44,2026-05-26 16:35:00,证券时报网,http://finance.eastmoney.com/a/202605263749701645.html,,,,,,,,,,agent_preflight
601899,有色金属行业5月26日资金流向日报,（数据宝） 　　有色金属行业资金流入榜 代码 简称 今日涨跌幅（%） 今日换手率（%） 主力资金流量（万元） 601600 中国铝业 10.01 4.14 155785.78 601899 紫金矿业 4.94 2.15 115009.63 603993 洛阳钼业 5.43 2.17,2026-05-26 16:55:00,证券时报网,http://finance.eastmoney.com/a/202605263749737280.html,,,,,,,,,,agent_preflight
601899,主力动向：5月26日特大单净流出661.01亿元,公用事业 601600 中国铝业 12.09 10.01 11.86 有色金属 688041 海光信息 341.16 3.48 11.11 电子 688183 生益电子 132.10 20.00 10.15 电子 300223 北京君正 149.60 5.41 9.82 电子 601899,2026-05-26 16:55:00,证券时报网,http://finance.eastmoney.com/a/202605263749736184.html,,,,,,,,,,agent_preflight
601899,谢治宇、朱少醒张坤密集调研，AI算力、半导体与高端制造成焦点,2026年一季度，朱少醒大幅减持长期重仓的贵州茅台，减持幅度高达65%；同时对国瓷材料（300285）减持约三分之一；阶段性兑现了杰瑞股份（002353）、春风动力（603129）、紫金矿业（601899）等一季度涨势较好的公司。,2026-05-27 14:36:00,财中社,http://finance.eastmoney.com/a/202605273751234610.html,,,,,,,,,,agent_preflight
601899,金属铅概念下跌3.94%，主力资金净流出32股,（数据宝） 　　金属铅概念资金流出榜 　　 代码 简称 今日涨跌幅（%） 今日换手率（%） 主力资金流量（万元） 601899 紫金矿业 -3.89 1.27 -56405.59 002716 湖南白银 -6.13 6.11 -25744.11 000426 兴业银锡 -5.77,2026-05-27 16:46:00,证券时报网,http://finance.eastmoney.com/a/202605273751349543.html,,,,,,,,,,agent_preflight
601899,金属锌概念下跌3.97%，主力资金净流出38股,（数据宝） 　　金属锌概念资金流出榜 　　 代码 简称 今日涨跌幅（%） 今日换手率（%） 主力资金流量（万元） 601899 紫金矿业 -3.89 1.27 -56405.59 002716 湖南白银 -6.13 6.11 -25744.11 000426 兴业银锡 -5.77,2026-05-27 16:46:00,证券时报网,http://finance.eastmoney.com/a/202605273751350463.html,,,,,,,,,,agent_preflight
601899,有色金属行业今日跌3.73%，主力资金净流出75.70亿元,有色金属行业资金流出榜 　　 代码 简称 今日涨跌幅（%） 今日换手率（%） 主力资金流量（万元） 600111 北方稀土 -4.43 3.13 -121588.63 000657 中钨高新 -4.23 7.24 -74427.00 603993 洛阳钼业 -3.88 1.36 -59966.88 601899,2026-05-27 16:46:00,证券时报网,http://finance.eastmoney.com/a/202605273751349242.html,,,,,,,,,,agent_preflight
601899,新能源与芯片需求引爆 这一金属价格创三年新高,今年1月，紫金矿业(601899.SH)与金钼股份正式就安徽沙坪沟钼矿的一体化开发达成一揽子合作，计划自筹资金完成这一全球储量最大单体钼矿的项目交割。这一重磅动作引发了市场对钼资源战略价值的重新评估，也标志着行业头部企业正加速抢占优质矿产资源。,2026-05-28 21:54:46,界面新闻,http://finance.eastmoney.com/a/202605283753066758.html,,,,,,,,,,agent_preflight
601899,A股成交“一九分化”加剧：前300只个股吸走市场半数资金，极致分化预示风格轮动临近？,除了紫金矿业（601899.SH）外，清一色热门科技股。,2026-05-31 16:07:10,第一财经,http://stock.eastmoney.com/a/202605313755181138.html,,,,,,,,,,agent_preflight
601899,与紫金矿业达成三年战略合作，矿业设备商耐普矿机绑定第一大客户？,今日（5月31日）晚间，矿山设备及备件生产商耐普矿机（SZ300818，股价23.88元，市值52.39亿元）公告称，已与公司第一大客户紫金矿业（SH601899，股价30.44元，市值8094亿元）签订为期三年的《战略合作协议书》（以下简称《协议》）。,2026-05-31 22:04:03,每日经济新闻,http://finance.eastmoney.com/a/202605313755230228.html,,,,,,,,,,agent_preflight
601899,短线防风险 52只个股短期均线现死叉,1.22 31.98 32.21 -0.71 31.39 -2.53 688273 麦澜德 -2.40 0.76 42.07 42.36 -0.69 41.00 -3.22 300910 瑞丰新材 -3.82 1.01 34.01 34.23 -0.64 33.28 -2.77 601899,2026-06-02 11:29:00,证券时报网,http://finance.eastmoney.com/a/202606023757354736.html,,,,,,,,,,agent_preflight
601899,短线防风险 59只个股短期均线现死叉,1.58 11.83 11.92 -0.77 11.88 -0.33 600141 兴发集团 -1.30 1.56 31.94 32.19 -0.76 31.22 -3.01 300910 瑞丰新材 -4.28 1.45 33.97 34.21 -0.69 33.12 -3.19 601899,2026-06-02 13:11:00,证券时报网,http://finance.eastmoney.com/a/202606023757396126.html,,,,,,,,,,agent_preflight
601899,券商6月金股出炉：电子板块权重最高 宁德时代热度第一,紫金矿业（601899）、中际旭创（300308）、沪电股份（002463）、杰瑞股份（002353）、兖矿能源（600188）、美的集团（000333）、中芯国际（688981）等，均被合计推荐了4次。,2026-06-02 13:39:00,澎湃新闻,http://finance.eastmoney.com/a/202606023757434468.html,,,,,,,,,,agent_preflight
601899,短线防风险 48只个股短期均线现死叉,1.16 42.34 42.50 -0.38 42.33 -0.39 300033 同花顺 -1.12 3.46 231.69 232.50 -0.35 226.30 -2.67 002010 传化智联 -1.11 0.81 5.38 5.39 -0.33 5.33 -1.19 601899,2026-06-02 14:09:00,证券时报网,http://finance.eastmoney.com/a/202606023757469146.html,,,,,,,,,,agent_preflight
601899,82.33亿元主力资金今日抢筹有色金属板块,（数据宝） 　　有色金属行业资金流入榜 代码 简称 今日涨跌幅（%） 今日换手率（%） 主力资金流量（万元） 601899 紫金矿业 4.60 1.62 142499.97 603993 洛阳钼业 7.17 2.02 109604.76 600362 江西铜业 10.01 4.05,2026-06-02 16:53:00,证券时报网,http://finance.eastmoney.com/a/202606023757594147.html,,,,,,,,,,agent_preflight
601899,主力动向：6月2日特大单净流入192.88亿元,通信 300750 宁德时代 433.89 3.28 17.05 电力设备 300394 天孚通信 457.00 6.56 14.58 通信 600522 中天科技 42.89 8.89 13.04 通信 002851 麦格米特 147.95 10.00 11.02 电力设备 601899,2026-06-02 16:54:00,证券时报网,http://finance.eastmoney.com/a/202606023757596989.html,,,,,,,,,,agent_preflight
601899,金属锌概念上涨2.05%，7股主力资金净流入超亿元,（数据宝） 　　金属锌概念资金流入榜 代码 简称 今日涨跌幅（%） 今日换手率（%） 主力资金流量（万元） 主力资金净流入比率（%） 601899 紫金矿业 4.60 1.62 142499.97 13.77 000960 锡业股份 10.01 7.04 65915.12 13.60,2026-06-02 17:37:00,证券时报网,http://finance.eastmoney.com/a/202606023757645548.html,,,,,,,,,,agent_preflight
601899,耐普矿机“牵手”紫金矿业 双方达成三年战略合作,近日，矿山设备及备件生产商耐普矿机（SZ300818）公告称，已与公司第一大客户紫金矿业（SH601899）签订为期三年的《战略合作协议书》（以下简称《协议》）。根据《协议》，双方将在产品采购、海外项目协同及科研开发等多个维度展开深度合作。,2026-06-02 20:17:02,每日经济新闻,http://finance.eastmoney.com/a/202606023757753358.html,,,,,,,,,,agent_preflight
601899,报名太火爆！金矿龙头，首次在酒店开年度股东会，新会场能容纳200人！,A股金矿巨头紫金矿业(601899)6月2日晚间宣布，由于登记报名参会人数超过原定会场容量，公司决定将2025年年度股东会召开地点变更为“福建省上杭县紫金大道1号紫金大酒店1楼多功能厅”（原计划是在公司21楼会议室召开）。,2026-06-03 12:40:00,证券时报网,http://finance.eastmoney.com/a/202606033758785285.html,,,,,,,,,,agent_preflight
601899,有色金属行业今日净流入资金22.81亿元，中钨高新等13股净流入资金超亿元,有研复材 4.10 20.11 6365.13 　　有色金属行业资金流出榜 　　 代码 简称 今日涨跌幅（%） 今日换手率（%） 主力资金流量（万元） 002460 赣锋锂业 -0.28 3.11 -23488.36 002192 融捷股份 -1.59 6.37 -20526.58 601899,2026-06-03 16:46:00,证券时报网,http://finance.eastmoney.com/a/202606033759063490.html,,,,,,,,,,agent_preflight
601899,金属铅概念下跌2.71%，7股主力资金净流出超亿元,（数据宝） 　　金属铅概念资金流出榜 代码 简称 今日涨跌幅（%） 今日换手率（%） 主力资金流量（万元） 601899 紫金矿业 -2.97 1.00 -99422.46 000960 锡业股份 -4.37 5.73 -25931.00 000426 兴业银锡 -5.20 3.93,2026-06-04 16:29:00,证券时报网,http://finance.eastmoney.com/a/202606043760435293.html,,,,,,,,,,agent_preflight
601899,金属锌概念下跌3.14%，7股主力资金净流出超亿元,（数据宝） 　　金属锌概念资金流出榜 代码 简称 今日涨跌幅（%） 今日换手率（%） 主力资金流量（万元） 601899 紫金矿业 -2.97 1.00 -99422.46 000960 锡业股份 -4.37 5.73 -25931.00 000426 兴业银锡 -5.20 3.93,2026-06-04 16:29:00,证券时报网,http://finance.eastmoney.com/a/202606043760435556.html,,,,,,,,,,agent_preflight
601899,有色金属行业6月4日资金流向日报,603124 江南新材 2.97 4.99 692.57 300697 电工合金 -5.05 5.26 642.38 　　有色金属行业资金流出榜 代码 简称 今日涨跌幅（%） 今日换手率（%） 主力资金流量（万元） 601600 中国铝业 -9.24 4.10 -103647.83 601899,2026-06-04 16:54:00,证券时报网,http://finance.eastmoney.com/a/202606043760474882.html,,,,,,,,,,agent_preflight
601899,62股特大单净流入资金超2亿元,300274 阳光电源 164.35 -3.78 -11.64 电力设备 300394 天孚通信 480.45 -3.40 -11.51 通信 002241 歌尔股份 24.94 -6.98 -8.06 电子 601600 中国铝业 10.90 -9.24 -7.65 有色金属 601899,2026-06-04 16:54:00,证券时报网,http://finance.eastmoney.com/a/202606043760473036.html,,,,,,,,,,agent_preflight
601899,52股特大单净流入资金超2亿元,电子 001309 德明利 630.50 -7.40 -12.04 电子 301308 江波龙 520.01 -8.53 -11.52 电子 688981 中芯国际 127.40 -5.55 -11.49 电子 688256 寒武纪 1299.20 -4.39 -11.07 电子 601899,2026-06-05 16:43:00,证券时报网,http://finance.eastmoney.com/a/202606053762007641.html,,,,,,,,,,agent_preflight
601899,5只个股大宗交易超5000万元,12.19 196.60 2180.29 4 11.09 -9.02 002690 美亚光电 0.94 15.00 150.00 2178.00 1 14.52 -3.20 002843 泰嘉股份 0.39 22.91 99.78 2049.48 5 20.54 -10.34 601899,2026-06-05 21:19:00,证券时报网,http://finance.eastmoney.com/a/202606053762240285.html,,,,,,,,,,agent_preflight
601899,百亿大单频现、产业整合提速，年内沪市新增重组290余家次,比如，紫金矿业（601899.SH）控股子公司拟以55亿加元（约合人民币280亿元）现金收购Allied Gold Corporation（联合黄金）全部股权，联合黄金核心资产为非洲的三座大型金矿。,2026-06-07 21:54:26,第一财经,http://finance.eastmoney.com/a/202606073762708670.html,,,,,,,,,,agent_preflight
601899,金属铅概念下跌5.48%，5股主力资金净流出超亿元,（数据宝） 　　金属铅概念资金流出榜 代码 简称 今日涨跌幅（%） 今日换手率（%） 主力资金流量（万元） 601899 紫金矿业 -5.33 1.83 -143229.85 000426 兴业银锡 -7.93 4.29 -30459.53 601390 中国中铁 -3.20 0.73,2026-06-08 17:12:00,证券时报网,http://finance.eastmoney.com/a/202606083763666159.html,,,,,,,,,,agent_preflight
601899,金属锌概念下跌5.15%，6股主力资金净流出超亿元,（数据宝） 　　金属锌概念资金流出榜 代码 简称 今日涨跌幅（%） 今日换手率（%） 主力资金流量（万元） 601899 紫金矿业 -5.33 1.83 -143229.85 000426 兴业银锡 -7.93 4.29 -30459.53 601390 中国中铁 -3.20 0.73,2026-06-08 17:12:00,证券时报网,http://finance.eastmoney.com/a/202606083763665522.html,,,,,,,,,,agent_preflight
601899,有色金属行业资金流出榜：紫金矿业、北方稀土等净流出资金居前,300127 银河磁体 -4.80 3.21 906.35 600366 宁波韵升 0.63 4.23 530.72 601137 博威合金 -5.41 5.23 514.65 　　有色金属行业资金流出榜 　　 代码 简称 今日涨跌幅（%） 今日换手率（%） 主力资金流量（万元） 601899,2026-06-08 17:12:00,证券时报网,http://finance.eastmoney.com/a/202606083763665446.html,,,,,,,,,,agent_preflight
601899,主力动向：6月8日特大单净流出627.12亿元,10.49 通信 688008 澜起科技 224.31 -6.30 -9.94 电子 688981 中芯国际 121.92 -4.30 -9.20 电子 300433 蓝思科技 42.64 -6.51 -8.87 电子 688256 寒武纪 1250.36 -3.76 -8.67 电子 601899,2026-06-08 17:34:00,证券时报网,http://finance.eastmoney.com/a/202606083763702541.html,,,,,,,,,,agent_preflight
601899,解密主力资金出逃股 连续5日净流出652股,（数据宝） 　　连续5日或以上主力资金净流出个股排名 证券代码 证券简称 主力资金净流出天数 主力资金净流出金额（亿元） 主力资金净流出比例（%） 累计涨跌幅（%） 300750 宁德时代 5 58.92 8.64 -7.93 601899 紫金矿业 5 45.71 11.40 -,2026-06-09 16:35:00,证券时报网,http://finance.eastmoney.com/a/202606093765150767.html,,,,,,,,,,agent_preflight
601899,【深度】中东资金“东进”：资本潮涌背后的布局与未来,具体来看，阿布达比投资局一季度新进重仓了紫金矿业（601899.SH）、立讯精密（002475.SZ）、万华化学（600309.SH）、京东方A（000725.SZ）、三一重工（600031.SH）等一批龙头企业，其中紫金矿业成为其第一大重仓股，季度末持股市值达46.26亿元，持股数量达,2026-06-10 12:03:49,界面新闻,http://finance.eastmoney.com/a/202606103766468989.html,,,,,,,,,,agent_preflight
601899,解密主力资金出逃股 连续5日净流出684股,连续5日或以上主力资金净流出个股排名 证券代码 证券简称 主力资金净流出天数 主力资金净流出金额（亿元） 主力资金净流出比例（%） 累计涨跌幅（%） 300308 中际旭创 5 88.55 4.47 -10.04 300750 宁德时代 6 71.80 9.23 -10.46 601899,2026-06-10 17:37:00,证券时报网,http://finance.eastmoney.com/a/202606103766792144.html,,,,,,,,,,agent_preflight
601899,有色金属行业今日净流入资金95.66亿元，云南锗业等34股净流入资金超亿元,华友钴业 0.81 3.35 19785.46 002738 中矿资源 2.80 6.77 19125.15 601137 博威合金 10.02 2.31 18659.00 　　有色金属行业资金流出榜 　　 代码 简称 今日涨跌幅（%） 今日换手率（%） 主力资金流量（万元） 601899,2026-06-11 16:51:00,证券时报网,http://finance.eastmoney.com/a/202606113768322372.html,,,,,,,,,,agent_preflight
601899,金属铅概念涨1.37%，主力资金净流入这些股,中国中铁 -0.67 0.68 -4638.95 -7.46 000975 山金国际 1.33 1.58 -5183.15 -6.37 601020 华钰矿业 -1.11 3.39 -5199.20 -9.09 600988 赤峰黄金 0.32 2.56 -6553.59 -5.46 601899,2026-06-11 16:52:00,证券时报网,http://finance.eastmoney.com/a/202606113768324477.html,,,,,,,,,,agent_preflight
601899,金属锌概念上涨1.42%，5股主力资金净流入超亿元,白银有色 0.36 1.48 -4115.34 -6.78 601390 中国中铁 -0.67 0.68 -4638.95 -7.46 000975 山金国际 1.33 1.58 -5183.15 -6.37 601020 华钰矿业 -1.11 3.39 -5199.20 -9.09 601899,2026-06-11 16:52:00,证券时报网,http://finance.eastmoney.com/a/202606113768324276.html,,,,,,,,,,agent_preflight
601899,解密主力资金出逃股 连续5日净流出661股,连续5日或以上主力资金净流出个股排名 证券代码 证券简称 主力资金净流出天数 主力资金净流出金额（亿元） 主力资金净流出比例（%） 累计涨跌幅（%） 300308 中际旭创 6 117.33 5.05 -11.84 300750 宁德时代 7 81.16 9.22 -11.91 601899,2026-06-11 17:31:00,证券时报网,http://finance.eastmoney.com/a/202606113768404466.html,,,,,,,,,,agent_preflight
601899,有色金属行业今日净流入资金140.67亿元，洛阳钼业等42股净流入资金超亿元,有色金属行业资金流入榜 代码 简称 今日涨跌幅（%） 今日换手率（%） 主力资金流量（万元） 603993 洛阳钼业 10.02 2.61 176260.48 000630 铜陵有色 10.08 5.64 148648.73 600111 北方稀土 4.02 4.22 95770.27 601899,2026-06-12 16:56:00,证券时报网,http://finance.eastmoney.com/a/202606123769961780.html,,,,,,,,,,agent_preflight
601899,金属钴概念涨3.76%，主力资金净流入24股,（数据宝） 　　金属钴概念资金流入榜 代码 简称 今日涨跌幅（%） 今日换手率（%） 主力资金流量（万元） 主力资金净流入比率（%） 603993 洛阳钼业 10.02 2.61 176260.48 20.71 601899 紫金矿业 6.44 2.47 91331.48 6.21,2026-06-12 16:57:00,证券时报网,http://finance.eastmoney.com/a/202606123769966920.html,,,,,,,,,,agent_preflight
601899,44.86亿主力资金净流入，金属铅概念涨4.86%,（数据宝） 　　金属铅概念资金流入榜 　　 代码 简称 今日涨跌幅（%） 今日换手率（%） 主力资金流量（万元） 主力资金净流入比率（%） 601899 紫金矿业 6.44 2.47 91331.48 6.21 000960 锡业股份 8.00 8.45 70244.85 13.51,2026-06-12 16:57:00,证券时报网,http://finance.eastmoney.com/a/202606123769965135.html,,,,,,,,,,agent_preflight
601899,46.29亿主力资金净流入，金属锌概念涨5.47%,（数据宝） 　　金属锌概念资金流入榜 代码 简称 今日涨跌幅（%） 今日换手率（%） 主力资金流量（万元） 主力资金净流入比率（%） 601899 紫金矿业 6.44 2.47 91331.48 6.21 000960 锡业股份 8.00 8.45 70244.85 13.51 600711,2026-06-12 16:57:00,证券时报网,http://finance.eastmoney.com/a/202606123769967963.html,,,,,,,,,,agent_preflight
601899,51.88亿主力资金净流入，盐湖提锂概念涨2.87%,（数据宝） 　　盐湖提锂概念资金流入榜 　　 代码 简称 今日涨跌幅（%） 今日换手率（%） 主力资金流量（万元） 主力资金净流入比率（%） 603993 洛阳钼业 10.02 2.61 176260.48 20.71 601899 紫金矿业 6.44 2.47 91331.48,2026-06-12 16:57:00,证券时报网,http://finance.eastmoney.com/a/202606123769962630.html,,,,,,,,,,agent_preflight
601899,106.00亿主力资金净流入，金属铜概念涨4.37%,金属铜概念资金流入榜 　　 代码 简称 今日涨跌幅（%） 今日换手率（%） 主力资金流量（万元） 主力资金净流入比率（%） 603993 洛阳钼业 10.02 2.61 176260.48 20.71 000630 铜陵有色 10.08 5.64 148648.73 34.12 601899,2026-06-12 16:57:00,证券时报网,http://finance.eastmoney.com/a/202606123769963189.html,,,,,,,,,,agent_preflight
601899,小金属概念上涨3.24%，37股主力资金净流入超亿元,主力资金流量（万元） 主力资金净流入比率（%） 603993 洛阳钼业 10.02 2.61 176260.48 20.71 000630 铜陵有色 10.08 5.64 148648.73 34.12 600111 北方稀土 4.02 4.22 95770.28 12.71 601899,2026-06-12 16:57:00,证券时报网,http://finance.eastmoney.com/a/202606123769962596.html,,,,,,,,,,agent_preflight
601899,“矿茅”紫金矿业，被困在行业周期里,“矿茅”紫金矿业（601899.SH），把周期的残酷写在了脸上。 　　过去4个半月，紫金矿业的股价从高点的44.94元跌到今日收盘的29.9元一股，市值蒸发了近4000亿元，目前其市值已经跌破万亿，为7735亿元。,2026-06-12 20:44:44,红星资本局,http://finance.eastmoney.com/a/202606123770158465.html,,,,,,,,,,agent_preflight
601899,钼价年内已上涨三成 “以钼代钨”趋势显现,当前，包括洛阳钼业（603993.SH、03993.HK）、紫金矿业（601899.SH、02899.HK）、金钼股份（601958.SH）在内的多家企业正围绕钼矿积极布局。,2026-06-13 04:10:08,中国经营网,http://finance.eastmoney.com/a/202606133770290519.html,,,,,,,,,,agent_preflight
601899,52股受融资客青睐，净买入超亿元,3.78 电子 688249 晶合集成 6.83 21516.05 141922.23 1.75 电子 600498 烽火通信 3.51 21419.58 346341.11 4.31 通信 688233 神工股份 4.57 20473.31 72001.96 4.06 电子 601899,2026-06-15 09:21:00,证券时报网,http://finance.eastmoney.com/a/202606153770864658.html,,,,,,,,,,agent_preflight
601899,大盘蓝筹丨“重”石压舱：国家核心生产要素的资本化结晶，沪主板总资产429.3万亿元覆盖全A市场88%,例如，中国神华（601088.SH）的煤电路港航化一体化体系，长江电力（600900.SH）等电力企业的大规模发电能力，中国移动（600941.SH）的5G和算力网络，紫金矿业（601899.SH）的全球资源布局，都是国民经济运行不可或缺的底层资产。,2026-06-15 10:25:15,中国经营报,http://finance.eastmoney.com/a/202606153771242234.html,,,,,,,,,,agent_preflight
601899,【盘中播报】115只个股跨越牛熊分界线,12.64 1.04 56.67 63.08 11.32 002426 胜利精密 9.97 10.03 3.59 3.86 7.51 600703 三安光电 9.91 5.77 14.25 15.30 7.33 603327 福蓉科技 9.99 2.46 9.98 10.68 7.03 601899,2026-06-15 11:22:00,证券时报网,http://finance.eastmoney.com/a/202606153771317854.html,,,,,,,,,,agent_preflight
601899,【盘中播报】126只股长线走稳 站上年线,9.14 5.01 30.42 32.83 7.93 002426 胜利精密 9.97 13.09 3.59 3.86 7.51 600703 三安光电 9.99 6.34 14.25 15.31 7.40 603327 福蓉科技 9.99 2.87 9.98 10.68 7.03 601899,2026-06-15 14:11:00,证券时报网,http://finance.eastmoney.com/a/202606153771430173.html,,,,,,,,,,agent_preflight
601899,今日149只个股突破年线,13.29 3.59 3.86 7.51 688283 坤恒顺维 9.08 3.17 36.57 39.30 7.48 600703 三安光电 9.99 6.39 14.25 15.31 7.40 301595 太力科技 11.27 10.32 44.85 48.10 7.25 601899,2026-06-15 15:26:00,证券时报网,http://stock.eastmoney.com/a/202606153771514433.html,,,,,,,,,,agent_preflight
601899,有色金属行业今日净流入资金37.72亿元，云南锗业等21股净流入资金超亿元,（数据宝） 　　有色金属行业资金流入榜 代码 简称 今日涨跌幅（%） 今日换手率（%） 主力资金流量（万元） 002428 云南锗业 10.00 15.04 146796.43 600549 厦门钨业 10.00 7.46 116718.09 601899 紫金矿业 7.63 2.77,2026-06-15 16:46:00,证券时报网,http://finance.eastmoney.com/a/202606153771590459.html,,,,,,,,,,agent_preflight
601899,现货黄金大涨近3%站上4300美元，地缘缓和能否支撑金价重返上升轨道？,截至6月15日收盘，Wind贵金属指数大涨超6.71%，板块内个股盛龙股份（001257）、招金黄金（000506）涨停，华锡有色（600301）、紫金矿业（601899）、赤峰黄金（600988）涨幅超7%，湖南白银（002716）涨超6%。,2026-06-15 19:17:00,澎湃新闻,http://finance.eastmoney.com/a/202606153771737060.html,,,,,,,,,,agent_preflight
601899,迎估值修复窗口，A股周期板块集体反弹,黄金板块中，紫金矿业（601899.SH）收涨7.63%，招金黄金（000506.SZ）涨停，赤峰黄金（600988.SH）、湖南黄金（002155.SZ）等跟涨。,2026-06-15 20:24:14,第一财经,http://finance.eastmoney.com/a/202606153771759235.html,,,,,,,,,,agent_preflight
601899,突发！现货黄金站稳4300美元，避险与风险资产同步走强，国内黄金全链升温,上游金矿股弹性领跑，招金黄金（000506）封死涨停，涨幅9.98%；兴业银锡（000426）大涨9.34%；紫金矿业（601899）收涨7.63%；赤峰黄金（600988）上涨7.44%；湖南黄金、西部黄金同步录得4%以上涨幅。 　　港股黄金产业链同步走强，矿产龙头涨幅突出。,2026-06-16 09:44:41,深圳商报·读创,http://finance.eastmoney.com/a/202606163772614635.html,,,,,,,,,,agent_preflight
601899,有色金属行业6月16日资金流向日报,-93458.75 601958 金钼股份 2.89 8.83 -83193.78 603993 洛阳钼业 -4.25 2.91 -82788.02 601600 中国铝业 -5.62 3.13 -68776.26 000960 锡业股份 0.53 7.74 -56603.07 601899,2026-06-16 17:31:00,证券时报网,http://finance.eastmoney.com/a/202606163773151587.html,,,,,,,,,,agent_preflight
601899,有色金属行业资金流出榜：厦门钨业等26股净流出资金超亿元,（数据宝） 　　有色金属行业资金流入榜 代码 简称 今日涨跌幅（%） 今日换手率（%） 主力资金流量（万元） 002149 西部材料 2.07 12.63 27994.10 600362 江西铜业 4.22 3.40 25476.17 601899 紫金矿业 0.46 1.08 23643.91,2026-06-17 17:00:00,证券时报网,http://finance.eastmoney.com/a/202606173774635769.html,,,,,,,,,,agent_preflight
601899,主力动向：6月18日特大单净流出66.89亿元,300059 东方财富 18.60 -2.31 -5.89 非银金融 600519 贵州茅台 1215.00 -2.02 -5.88 食品饮料 600030 中信证券 26.56 -2.96 -5.87 非银金融 601179 中国西电 15.26 -3.36 -5.76 电力设备 601899,2026-06-18 16:48:00,证券时报网,http://finance.eastmoney.com/a/202606183776194771.html,,,,,,,,,,agent_preflight
601899,产业收购人“起势” A股控制权市场全面转向,紫金矿业（601899.SH）拟通过子公司收购赤峰黄金（600988.SH）控制权，实现二者的优势互补和互利共赢。 　　其他民营产业资本也在适时出手，如环球新材国际（6616.HK）间接收购吉华集团（603980.SH），万洋启新收购华钰矿业等，都呈现明显的产业整合逻辑。,2026-06-20 02:41:08,中国经营网,http://finance.eastmoney.com/a/202606203776890022.html,,,,,,,,,,agent_preflight
601899,金属钴概念涨4.78%，主力资金净流入这些股,兴业银锡 8.69 6.33 31379.88 6.73 002340 格林美 6.20 5.27 24786.49 12.00 002601 龙佰集团 10.01 5.33 21536.38 12.15 601669 中国电建 2.43 1.87 12718.55 10.40 601899,2026-06-22 16:58:00,证券时报网,http://finance.eastmoney.com/a/202606223778090643.html,,,,,,,,,,agent_preflight
601899,金属铅概念上涨5.55%，15股主力资金净流入超亿元,高能环境 9.99 7.48 14751.32 7.52 002716 湖南白银 5.03 5.76 13582.12 10.94 001257 盛龙股份 5.79 55.49 13382.17 5.31 601168 西部矿业 5.10 3.84 11667.50 3.95 601899,2026-06-22 16:58:00,证券时报网,http://finance.eastmoney.com/a/202606223778087748.html,,,,,,,,,,agent_preflight
601899,金属锌概念涨5.50%，主力资金净流入33股,锌业股份 10.10 2.32 14954.54 80.48 002716 湖南白银 5.03 5.76 13582.12 10.94 001257 盛龙股份 5.79 55.49 13382.17 5.31 601168 西部矿业 5.10 3.84 11667.50 3.95 601899,2026-06-22 16:58:00,证券时报网,http://finance.eastmoney.com/a/202606223778091420.html,,,,,,,,,,agent_preflight
601899,小金属概念涨4.49%，主力资金净流入这些股,中国电建 2.43 1.87 12718.55 10.40 002466 天齐锂业 4.49 6.33 12624.40 2.18 601168 西部矿业 5.10 3.84 11667.50 3.95 002312 川发龙蟒 9.98 1.60 11397.78 41.60 601899,2026-06-22 16:58:00,证券时报网,http://finance.eastmoney.com/a/202606223778099169.html,,,,,,,,,,agent_preflight
601899,金属钴概念下跌5.51%，主力资金净流出26股,（数据宝） 　　金属钴概念资金流出榜 　　 代码 简称 今日涨跌幅（%） 今日换手率（%） 主力资金流量（万元） 601899 紫金矿业 -8.84 2.40 -286521.20 603993 洛阳钼业 -9.98 3.17 -177730.08 000657 中钨高新 -5.38,2026-06-23 17:02:00,证券时报网,http://finance.eastmoney.com/a/202606233779766718.html,,,,,,,,,,agent_preflight
601899,金属铅概念下跌5.56%，15股主力资金净流出超亿元,（数据宝） 　　金属铅概念资金流出榜 　　 代码 简称 今日涨跌幅（%） 今日换手率（%） 主力资金流量（万元） 601899 紫金矿业 -8.84 2.40 -286521.20 000960 锡业股份 -7.54 11.59 -75782.53 600497 驰宏锌锗 -2.74,2026-06-23 17:02:00,证券时报网,http://finance.eastmoney.com/a/202606233779763754.html,,,,,,,,,,agent_preflight
601899,金属锌概念下跌5.50%，主力资金净流出36股,（数据宝） 　　金属锌概念资金流出榜 代码 简称 今日涨跌幅（%） 今日换手率（%） 主力资金流量（万元） 601899 紫金矿业 -8.84 2.40 -286521.20 000960 锡业股份 -7.54 11.59 -75782.53 600497 驰宏锌锗 -2.74 11.55,2026-06-23 17:02:00,证券时报网,http://finance.eastmoney.com/a/202606233779765757.html,,,,,,,,,,agent_preflight
601899,有色金属行业资金流出榜：紫金矿业等49股净流出资金超亿元,603271 永杰新材 -2.77 7.61 1033.12 300855 图南股份 -4.07 2.00 1030.09 301141 中科磁业 -5.33 8.24 1013.05 　　有色金属行业资金流出榜 　　 代码 简称 今日涨跌幅（%） 今日换手率（%） 主力资金流量（万元） 601899,2026-06-23 17:02:00,证券时报网,http://finance.eastmoney.com/a/202606233779766531.html,,,,,,,,,,agent_preflight
601899,41股特大单净流入资金超2亿元,600487 亨通光电 117.31 -2.35 -16.88 通信 600183 生益科技 167.87 -9.01 -16.35 电子 600111 北方稀土 49.95 -7.76 -15.78 有色金属 000988 华工科技 163.66 -6.30 -15.51 机械设备 601899,2026-06-23 17:02:00,证券时报网,http://finance.eastmoney.com/a/202606233779768089.html,,,,,,,,,,agent_preflight
601899,金属铜概念下跌4.75%，主力资金净流出74股,（数据宝） 　　金属铜概念资金流出榜 代码 简称 今日涨跌幅（%） 今日换手率（%） 主力资金流量（万元） 601899 紫金矿业 -8.84 2.40 -286521.20 603993 洛阳钼业 -9.98 3.17 -177730.08 000657 中钨高新 -5.38 9.52,2026-06-23 17:02:00,证券时报网,http://finance.eastmoney.com/a/202606233779769398.html,,,,,,,,,,agent_preflight
601899,黄金板块下跌9.66%，西部黄金、赤峰黄金、中金黄金等跌停，紫金矿业跌8.84%,2026年2月以来，A股市场上，黄金相关的股票迎来高位震荡下探行情，紫金矿业（601899）从1月29日的44.94元/股，下探至6月23日的27.75元/股，其中，6月23日下跌8.84%，留下一条长长的“阴影”。,2026-06-23 17:48:40,广州日报,http://stock.eastmoney.com/a/202606233779814668.html,,,,,,,,,,agent_preflight
601899,16只个股大宗交易超5000万元,163.37 84.60 12577.48 11 148.67 -9.00 002475 立讯精密 1.40 69.36 148.80 10320.77 1 69.36 0.00 603259 药明康德 -0.49 106.31 95.30 10131.34 1 106.31 0.00 601899,2026-06-23 23:07:00,证券时报网,http://finance.eastmoney.com/a/202606233780088947.html,,,,,,,,,,agent_preflight
601899,55股获融资客大手笔净买入,电子 300502 新易盛 -4.82 84924.66 2600073.83 3.76 通信 300433 蓝思科技 -0.91 79527.17 988084.54 3.73 电子 002428 云南锗业 1.29 63304.40 407269.96 5.57 有色金属 601899,2026-06-24 09:25:00,证券时报网,http://finance.eastmoney.com/a/202606243780641931.html,,,,,,,,,,agent_preflight
601899,119只股即将实施分红（名单）,16.05 -8.08 002847 盐津铺子 10.000 - 47.07 -8.28 000951 中国重汽 5.120 - 20.26 -8.45 001286 陕西能源 4.100 - 11.04 -8.53 301278 快可电子 0.400 - 30.44 -8.64 601899,2026-06-25 09:26:00,证券时报网,http://finance.eastmoney.com/a/202606253782335422.html,,,,,,,,,,agent_preflight
601899,短线防风险 228只个股短期均线现死叉,4.37 8.26 8.47 -2.56 7.53 -11.13 301398 星源卓镁 -4.53 0.99 36.97 37.95 -2.56 34.54 -8.97 688125 安达智能 -3.89 0.73 175.97 180.46 -2.49 165.81 -8.12 601899,2026-06-25 10:42:00,证券时报网,http://finance.eastmoney.com/a/202606253782757587.html,,,,,,,,,,agent_preflight
601899,贵金属板块大幅走弱，多家银行收紧个人贵金属业务 | 异动情报,6月25日，贵金属板块盘中下跌4.02%，相关成分股中，山金国际（000975）下跌5.86%，紫金矿业（601899）下跌5.50%，招金黄金（000506）下跌4.42%，赤峰黄金（600988）下跌4.19%，西部黄金（601069）下跌3.76%。,2026-06-25 11:35:00,21世纪经济报道,http://finance.eastmoney.com/a/202606253782801038.html,,,,,,,,,,agent_preflight
601899,贵金属概念盘中走弱，多家银行收紧个人贵金属业务|异动情报,南方财经6月25日电，6月25日，贵金属盘中下跌4.02%，相关成分股中，山金国际（000975）下跌5.86%，紫金矿业（601899）下跌5.50%，招金黄金（000506）下跌4.42%，赤峰黄金（600988）下跌4.19%，西部黄金（601069）下跌3.76%。,2026-06-25 11:35:00,南方财经网,http://finance.eastmoney.com/a/202606253782802269.html,,,,,,,,,,agent_preflight
601899,短线防风险 226只个股短期均线现死叉,13.34 13.81 -3.43 12.19 -11.74 301398 星源卓镁 -4.04 1.23 37.01 37.96 -2.51 34.72 -8.54 688125 安达智能 -4.09 0.97 175.90 180.42 -2.51 165.46 -8.29 601899,2026-06-25 12:02:00,证券时报网,http://finance.eastmoney.com/a/202606253782810748.html,,,,,,,,,,agent_preflight
601899,短线防风险 238只个股短期均线现死叉,1.22 175.50 180.22 -2.62 163.50 -9.28 002700 万憬能源 -2.33 5.66 8.26 8.47 -2.55 7.54 -11.02 301398 星源卓镁 -4.42 1.43 36.98 37.95 -2.55 34.58 -8.88 601899,2026-06-25 14:32:00,证券时报网,http://finance.eastmoney.com/a/202606253782981194.html,,,,,,,,,,agent_preflight
601899,短线防风险 231只个股短期均线现死叉,6.73 8.23 8.46 -2.71 7.41 -12.42 688125 安达智能 -6.10 1.70 175.20 180.07 -2.70 162.00 -10.04 301398 星源卓镁 -4.48 1.72 36.98 37.95 -2.55 34.56 -8.93 601899,2026-06-25 15:17:00,证券时报网,http://finance.eastmoney.com/a/202606253783004971.html,,,,,,,,,,agent_preflight
601899,6月25日A股收评：创业板指放量反弹涨2.84% 两市成交额达3.59万亿元,下跌板块中，贵金属概念出现集体调整，兴业银锡（000426.SZ）、紫金矿业（601899.SH）等个股纷纷下挫。 　　截至收盘，沪指涨0.23%，深成指涨1.82%，创业板指涨2.84%，科创综指涨2.10%。,2026-06-25 15:22:20,央广财经,http://finance.eastmoney.com/a/202606253783005985.html,,,,,,,,,,agent_preflight
601899,有色金属行业今日净流出资金80.54亿元，紫金矿业等32股净流出资金超亿元,603124 江南新材 2.50 6.07 4460.71 002378 章源钨业 4.03 8.44 4062.00 600549 厦门钨业 3.41 6.18 2634.86 　　有色金属行业资金流出榜 　　 代码 简称 今日涨跌幅（%） 今日换手率（%） 主力资金流量（万元） 601899,2026-06-25 16:34:00,证券时报网,http://finance.eastmoney.com/a/202606253783102162.html,,,,,,,,,,agent_preflight
601899,主力动向：6月25日特大单净流入84.14亿元,-6.02 电子 000021 深科技 53.20 5.83 -5.95 电子 688797 C臻宝 574.44 -1.81 -5.84 电子 600703 三安光电 21.67 -0.64 -5.80 电子 300319 麦捷科技 30.08 -3.34 -5.06 电子 601899,2026-06-25 17:06:00,证券时报网,http://finance.eastmoney.com/a/202606253783133414.html,,,,,,,,,,agent_preflight
601899,103股获杠杆资金净买入超亿元,25日涨跌幅（%） 融资净买入额（万元） 最新融资余额（万元） 占流通市值比例（%） 所属行业 600584 长电科技 10.00 153474.31 994486.73 5.34 电子 688981 中芯国际 3.52 117900.48 1431413.45 4.56 电子 601899,2026-06-26 09:24:00,证券时报网,http://finance.eastmoney.com/a/202606263783954036.html,,,,,,,,,,agent_preflight
601899,有色金属行业资金流出榜：云南锗业、北方稀土等净流出资金居前,代码 简称 今日涨跌幅（%） 今日换手率（%） 主力资金流量（万元） 002428 云南锗业 -7.39 15.20 -110660.32 600111 北方稀土 -3.94 2.90 -84970.34 603993 洛阳钼业 -4.59 1.93 -84264.62 601899,2026-06-26 16:56:00,证券时报网,http://finance.eastmoney.com/a/202606263784826746.html,,,,,,,,,,agent_preflight
601899,金属钴概念下跌5.45%，11股主力资金净流出超亿元,金属钴概念资金流出榜 代码 简称 今日涨跌幅（%） 今日换手率（%） 主力资金流量（万元） 603993 洛阳钼业 -4.59 1.93 -84264.62 601899 紫金矿业 -1.72 1.71 -65177.94 002460 赣锋锂业 -7.28 5.19 -61933.20,2026-06-26 17:20:00,证券时报网,http://finance.eastmoney.com/a/202606263784844355.html,,,,,,,,,,agent_preflight
601899,新股招股 | 易控智驾今起招股，一手入场费4440.34港元,基石投资者包括ZUINNING(由紫金矿业(601899.SH/02899.HK)最终全资拥有)、Aurora SF(就安排而言)、富达国际、JPMAMAPL、霸菱、Indus Funds、Jain Global、REGAL、广发基金、CDH、Seven Grand。,2026-06-29 08:58:59,哈富证券,http://hk.eastmoney.com/a/202606293785690889.html,,,,,,,,,,agent_preflight
601899,主力动向：6月29日特大单净流出231.36亿元,10.00 6.42 电子 300285 国瓷材料 105.55 2.67 5.84 电子 688521 芯原股份 362.00 7.74 5.81 电子 688110 东芯股份 193.30 1.45 5.43 电子 603459 红板科技 102.01 10.00 5.34 电子 601899,2026-06-29 17:05:00,证券时报网,http://stock.eastmoney.com/a/202606293786728168.html,,,,,,,,,,agent_preflight
601899,华联控股12亿跨境购“锂”遇阻，标的估值超母公司近一倍，房企转型遭遇“高价接盘”质疑,对比来看，全球顶级的智利Atacama盐湖锂浓度高达1400毫克/升，国内禀赋最优的西藏扎布耶盐湖锂浓度达970毫克/升，即便是同为阿根廷盐湖、被紫金矿业（601899.SH）收购的3Q盐湖，锂浓度也达768毫克/升。,2026-06-30 10:08:08,时代周报,http://finance.eastmoney.com/a/202606303787872076.html,,,,,,,,,,agent_preflight
601899,滴滴出行、紫金矿业入股航天科技公司宇石空间,人民财讯7月1日电，企查查APP显示，近日，北京宇石空间航天科技有限公司发生工商变更，新增滴滴出行关联公司嘉兴桔子共享投资合伙企业（有限合伙）、紫金矿业(601899)全资子公司紫金矿业投资（上海）有限公司、安徽省联想强链补链创业投资基金合伙企业（有限合伙）等为股东，同时注册资本增至,2026-07-01 10:26:00,证券时报网,http://finance.eastmoney.com/a/202607013789674815.html,,,,,,,,,,agent_preflight
601899,滴滴出行、紫金矿业入股航天科技公司宇石空间,企查查APP显示，近日，北京宇石空间航天科技有限公司发生工商变更，新增滴滴出行关联公司嘉兴桔子共享投资合伙企业（有限合伙）、紫金矿业(601899)全资子公司紫金矿业投资（上海）有限公司、安徽省联想强链补链创业投资基金合伙企业（有限合伙）等为股东，同时注册资本增至1063.43万元,2026-07-01 10:27:52,人民财讯,http://finance.eastmoney.com/a/202607013789630029.html,,,,,,,,,,agent_preflight
601899,A股上半年成交放317万亿天量！科技股霸榜前20 “榜一大哥”一家能顶4个茅台,"在成交额前20名中，紫金矿业（601899.SH）是唯一的""老登股""，其余19席尽数被算力、半导体、AI、新能源概念股包揽。",2026-07-01 18:23:46,第一财经,http://finance.eastmoney.com/a/202607013790369567.html,,,,,,,,,,agent_preflight
601899,杠杆资金大手笔加仓股名单,电力设备 600552 凯盛科技 -8.99 15414.41 161075.45 5.75 电子 300285 国瓷材料 -4.23 15353.31 475287.42 5.63 电子 688652 京仪装备 12.40 15238.28 63156.87 2.32 电子 601899,2026-07-02 09:31:00,证券时报网,http://finance.eastmoney.com/a/202607023791220993.html,,,,,,,,,,agent_preflight
601899,8.3亿首轮融资刷新纪录 紫金矿业、中鼎股份跨界入局 可控核聚变再落一子,据悉，本轮融资领投方包括上汽金控、恒旭资本、深创投（国创基金）、中科创星等机构，跟投方涵盖联想之星、混沌资本、华登资本、龙芯创投、达晨财智等市场化硬科技基金，以及粤科创投、南山战新投、合肥市创新投、合肥高投等地方国资平台，同时，紫金矿业（601899.SH）、中鼎股份（000887,2026-07-02 11:18:30,财联社,http://finance.eastmoney.com/a/202607023791641721.html,,,,,,,,,,agent_preflight
601899,美联储释放通胀回落信号，贵金属板块盘中涨近3%，现货黄金拉升 | 异动情报,7月2日，贵金属板块盘中上涨2.94%，相关成分股中，晓程科技（300139）上涨5.67%，山金国际（000975）上涨3.69%，赤峰黄金（600988）上涨3.64%，中金黄金（600489）上涨2.73%，紫金矿业（601899）上涨2.31%。,2026-07-02 11:55:00,21世纪经济报道,http://finance.eastmoney.com/a/202607023791660344.html,,,,,,,,,,agent_preflight
601899,有色金属行业资金流入榜：紫金矿业、章源钨业等净流入资金居前,（数据宝） 　　有色金属行业资金流入榜 代码 简称 今日涨跌幅（%） 今日换手率（%） 主力资金流量（万元） 601899 紫金矿业 4.74 2.46 125852.39 002378 章源钨业 7.69 10.30 80840.17 002842 翔鹭钨业 10.00 21.67,2026-07-02 17:29:00,证券时报网,http://finance.eastmoney.com/a/202607023792004435.html,,,,,,,,,,agent_preflight
601899,47股特大单净流入资金超2亿元,27.43 公用事业 000725 京东方A 9.10 3.76 16.95 电子 600601 方正科技 14.92 6.80 13.22 电子 600172 黄河旋风 18.03 10.01 10.71 机械设备 300418 昆仑万维 45.55 12.19 9.52 传媒 601899,2026-07-02 17:29:00,证券时报网,http://finance.eastmoney.com/a/202607023792008869.html,,,,,,,,,,agent_preflight
601899,A股十大牛熊榜：中船特气涨近8倍，这些个股“过山车”式下跌,与此同时，不少个股走出“过山车”行情，年内最大回撤幅度超过60%，比如黄金白银价格年初冲上历史高点后，二季度不断回撤，商品价格传导至股票市场，黄金白银股集体回撤，即便是龙头股紫金矿业（601899.SH）的回撤幅度也接近45%，而中小市值的金银股回撤更是达到60%以上，投资者若在高点买入将面临大幅浮亏,2026-07-02 18:47:35,第一财经,http://finance.eastmoney.com/a/202607023792063655.html,,,,,,,,,,agent_preflight
601899,券商7月金股转向成长风格：非银增配居前 中际旭创最热,新易盛（300502）、紫金矿业（601899）、潍柴动力（000338）、桐昆股份（601233）、拓荆科技（688072）等，均被推荐了3次。 　　而在7月新进金股（相对2026年6月新进金股名单）中，上市公司被各家券商推荐的次数分布较为平均。,2026-07-03 07:39:46,澎湃新闻,http://finance.eastmoney.com/a/202607033792434743.html,,,,,,,,,,agent_preflight
601899,贵金属概念拉升，行业迈入“政策与储备驱动”新阶段|异动情报,南方财经7月3日电，贵金属盘中上涨4.84%，相关成分股中，山金国际（000975）上涨9.31%，招金黄金（000506）上涨9.04%，赤峰黄金（600988）上涨7.08%，紫金矿业（601899）上涨5.32%，晓程科技（300139）上涨5.05%。,2026-07-03 10:04:00,南方财经网,http://stock.eastmoney.com/a/202607033793444957.html,,,,,,,,,,agent_preflight
601899,打破惯例！华源、五矿证券联合办会，开辟卖方降本增效新路,据了解，这是两家研究所的金属新材料团队首次深度联手，会议汇聚了上市公司高管、产业一线专家，围绕周期波动下的投资主线、大宗商品价格走势、产业链细分机遇等议题展开交流，其中《矿业×AI：资源价值与材料产业链战略革新》圆桌论坛由华源证券研究所首席分析师田源主持，紫金矿业（601899.SH,2026-07-03 10:22:19,界面新闻,http://finance.eastmoney.com/a/202607033793216612.html,,,,,,,,,,agent_preflight
601899,主力动向：7月3日特大单净流出36.49亿元,10.01 9.17 汽车 000977 浪潮信息 66.35 4.01 8.61 计算机 001309 德明利 881.91 8.74 8.52 电子 600580 卧龙电驱 37.35 10.01 8.37 电力设备 603228 景旺电子 71.97 8.77 8.33 电子 601899,2026-07-03 16:38:00,证券时报网,http://finance.eastmoney.com/a/202607033793599632.html,,,,,,,,,,agent_preflight
601899,两融余额三连降 累计缩水378.60亿元,002008 大族激光 61.15 -8.14 600601 方正科技 27.02 3.85 688981 中芯国际 138.25 -7.91 688012 中微公司 51.83 3.81 600584 长电科技 85.99 -7.77 300418 昆仑万维 37.90 3.67 601899,2026-07-07 09:21:00,证券时报网,http://finance.eastmoney.com/a/202607073796004929.html,,,,,,,,,,agent_preflight
601899,近650亿“真金白银”入场，上半年A股回购潮释放哪些信号？,此外，贵州茅台（600519.SH）、紫金矿业（601899.SH）、大秦铁路（601006.SH）、海尔智家（600690.SH）、温氏股份（300498.SZ）等行业龙头也纷纷推出大额回购计划，回购金额均超过10亿元，成为上半年回购市场的中坚力量。,2026-07-07 20:39:29,央广财经,http://finance.eastmoney.com/a/202607073796976927.html,,,,,,,,,,agent_preflight
601899,两融余额四连降 62股仍获杠杆资金大幅加仓,300750 宁德时代 229.84 -8.40 300418 昆仑万维 38.49 4.26 300394 天孚通信 106.46 -8.06 601211 国泰海通 81.96 4.23 300223 北京君正 43.67 -7.06 600601 方正科技 27.26 4.10 601899,2026-07-08 09:31:00,证券时报网,http://finance.eastmoney.com/a/202607083797685355.html,,,,,,,,,,agent_preflight
601899,两融余额五连降 累计缩水708.17亿元,688008 澜起科技 181.38 -6.87 300760 迈瑞医疗 60.00 2.77 688521 芯原股份 46.15 -6.78 300433 蓝思科技 88.31 2.66 002463 沪电股份 62.35 -6.54 002409 雅克科技 31.93 2.58 601899,2026-07-09 09:24:00,证券时报网,http://finance.eastmoney.com/a/202607093799356556.html,,,,,,,,,,agent_preflight
601899,主力动向：7月9日特大单净流入421.82亿元,电力设备 300390 天华新能 69.10 -14.71 -5.90 电力设备 600111 北方稀土 42.98 -6.61 -5.84 有色金属 600487 亨通光电 80.06 4.03 -4.64 通信 001309 德明利 860.48 4.30 -4.30 电子 601899,2026-07-09 16:57:00,证券时报网,http://finance.eastmoney.com/a/202607093800094748.html,,,,,,,,,,agent_preflight
601899,有色金属行业7月9日资金流向日报,0.10 3.99 3993.12 600531 豫光金铅 4.73 5.20 3600.85 002824 和胜股份 2.61 7.58 3474.74 000506 招金黄金 -0.07 9.20 3450.54 601609 金田股份 5.23 3.70 2766.58 601899,2026-07-09 17:24:00,证券时报网,http://finance.eastmoney.com/a/202607093800122441.html,,,,,,,,,,agent_preflight
601899,紫金矿业：预计上半年净利润同比增长68% 主要矿产品产量稳步提升,紫金矿业(601899.SH)公告称，预计2026年半年度归属于上市公司股东的净利润约391亿元，同比增长68%。业绩变动主要系主要矿产品产量稳步提升，产品销售价格同比大幅上升，稀贵金属等产品利润同比大幅增加。,2026-07-09 19:03:53,财联社,http://finance.eastmoney.com/a/202607093800186053.html,,,,,,,,,,agent_preflight
601899,紫金矿业：预计上半年净利润同比增长68%,7月9日，紫金矿业(601899.SH)公告称，预计2026年半年度归属于上市公司股东的净利润约391亿元，同比增加约158亿元，增幅约68%。业绩变动主要系主要矿产品产量稳步提升，产品销售价格同比大幅上升，稀贵金属等产品利润同比大幅增加。,2026-07-09 19:06:04,每日经济新闻,http://finance.eastmoney.com/a/202607093800191983.html,,,,,,,,,,agent_preflight
601899,紫金矿业：上半年净利同比预增约68%,人民财讯7月9日电，紫金矿业(601899)7月9日披露业绩预告，预计2026年上半年归母净利润约391亿元，同比增长约68%。报告期内，公司产品销售价格同比大幅上升，稀贵金属(钼、钨、锡)、硫精矿、硫酸等产品利润同比大幅增加。,2026-07-09 19:12:00,证券时报网,http://finance.eastmoney.com/a/202607093800195563.html,,,,,,,,,,agent_preflight
601899,紫金矿业：预计2026年半年度归母净利润达391亿元 同比增68%,7月9日，紫金矿业（601899/02899）发布公告，预计2026年半年度归母净利润约391亿元，同比增加约158亿元，增幅约68%。同时，预计扣非归母净利润约379亿元，同比增加约163亿元，增幅约75%。,2026-07-09 19:29:00,财中社,http://finance.eastmoney.com/a/202607093800202316.html,,,,,,,,,,agent_preflight
601899,7月9日晚间沪深上市公司重大事项公告最新快递,紫金矿业：上半年净利同比预增约68% 　　紫金矿业(601899)7月9日披露业绩预告，预计2026年上半年归母净利润约391亿元，同比增长约68%。报告期内，公司产品销售价格同比大幅上升，稀贵金属(钼、钨、锡)、硫精矿、硫酸等产品利润同比大幅增加。,2026-07-09 19:32:36,东方财富Choice数据,http://finance.eastmoney.com/a/202607093800212252.html,,,,,,,,,,agent_preflight
601899,4700亿存储巨头净利预增1099%！多只龙头股业绩预喜,紫金矿业（601899.SH）公告称，预计2026年半年度归属于上市公司股东的净利润约391亿元，同比增加约158亿元，增幅约68%。业绩变动主要系主要矿产品产量稳步提升，产品销售价格同比大幅上升，稀贵金属等产品利润同比大幅增加。,2026-07-09 20:04:17,21世纪经济报道,http://finance.eastmoney.com/a/202607093800234728.html,,,,,,,,,,agent_preflight
601899,紫金矿业发布2026年上半年业绩预告 预计归母净利润同比增长约68%,7月9日，紫金矿业（601899.SH）发布公告称，预计2026年半年度归属于上市公司股东的净利润约391亿元，同比增加约158亿元，增幅约68%。业绩变动主要系主要矿产品产量稳步提升，产品销售价格同比大幅上升，稀贵金属等产品利润同比大幅增加。,2026-07-09 20:23:59,央广财经,http://finance.eastmoney.com/a/202607093800270813.html,,,,,,,,,,agent_preflight
601899,净利同比最高增长10.99倍！4600亿存储芯片龙头发布半年度业绩预告|盘后公告集锦,【紫金矿业：预计上半年净利润同比增长68% 稀贵金属(钼钨锡)、硫精矿、硫酸等产品利润同比大幅增加】 　　紫金矿业(601899.SH)公告称，预计2026年半年度归属于上市公司股东的净利润约391亿元，同比增加约158亿元，增幅约68%。,2026-07-09 20:30:46,财联社,http://finance.eastmoney.com/a/202607093800257635.html,,,,,,,,,,agent_preflight
601899,7月9日晚间上市公司利好消息一览(附名单),紫金矿业：上半年净利同比预增约68% 　　紫金矿业(601899)7月9日披露业绩预告，预计2026年上半年归母净利润约391亿元，同比增长约68%。报告期内，公司产品销售价格同比大幅上升，稀贵金属(钼、钨、锡)、硫精矿、硫酸等产品利润同比大幅增加。,2026-07-09 20:50:41,东方财富研究中心,http://finance.eastmoney.com/a/202607093800280768.html,,,,,,,,,,agent_preflight
601899,紫金矿业：预计2026年上半年净利391亿元 同比增长68%,中证智能财讯紫金矿业（601899）7月9日晚间披露业绩预告，预计2026年上半年归母净利润391亿元，同比增长68%；扣非净利润预计379亿元，同比增长75%。,2026-07-09 21:30:46,中国证券报·中证网,http://finance.eastmoney.com/a/202607093800337896.html,,,,,,,,,,agent_preflight
601899,股价下跌不影响赚钱！“矿茅”紫金矿业上半年日赚超2亿，同比大增近七成,尽管今年上半年金属市场价格震荡波动，但国内“矿茅”紫金矿业（601899.SH/2899.HK）的赚钱势头仍未减缓。 　　7月9日晚间，紫金矿业发布2026年半年度业绩预告。,2026-07-09 21:59:00,澎湃新闻,http://finance.eastmoney.com/a/202607093800366248.html,,,,,,,,,,agent_preflight
601899,产销价格同比大幅上涨推升利润，紫金矿业上半年净利预增68%，但二季度环比预降超5%,7月9日晚间，有色龙头紫金矿业（SH601899，股价27.62元，市值7344亿元）披露2026年上半年业绩预告。,2026-07-09 23:27:20,每日经济新闻,http://finance.eastmoney.com/a/202607093800451539.html,,,,,,,,,,agent_preflight
