Symbol,title,type,date,url,announcement_id,adjunct_url,download_url,adjunct_type,adjunct_size_kb,text_excerpt,text_status,content,time,source,CacheSource
601899,紫金矿业集团股份有限公司关于续聘会计师事务所的公告,,2026-03-21 00:00:00,https://www.cninfo.com.cn/new/disclosure/detail?annoId=1225023679,1225023679,finalpage/2026-03-21/1225023679.PDF,https://static.cninfo.com.cn/finalpage/2026-03-21/1225023679.PDF,PDF,117,"证券代码：601899     股票简称：紫金矿业    编号：临 2026-018

              紫金矿业集团股份有限公司
              关于续聘会计师事务所的公告

  本公司董事会及全体董事保证本公告内容不存在任何虚假记载、误导性陈述

或者重大遗漏，并对其内容的真实性、准确性和完整性承担法律责任。

重要内容提示：

   拟续聘的会计师事务所名称：德勤华永会计师事务所（特殊普通合伙）

  一、拟聘任会计师事务所的基本情况

  （一）机构信息

  1、基本信息

  德勤华永会计师事务所（特殊普通合伙）（以下简称“德勤华永”）的前身是

1993年2月成立的沪江德勤会计师事务所有限公司，于2002年更名为德勤华永会计

师事务所有限公司，于2012年9月经中国财政部等部门批准转制成为特殊普通合伙

企业。德勤华永注册地址为上海市黄浦区延安东路222号30楼。

  德勤华永具有中国财政部批准的会计师事务所执业证书，并经中国财政部、

中国证监会批准，从事H股企业审计业务。德勤华永已根据中国财政部和中国证监

会《会计师事务所从事证券服务业务备案管理办法》等相关文件的规定进行了从

事证券服务业务备案。德勤华永过去二十多年来一直从事证券期货相关服务业务，

具有丰富的证券服务业务经验。

  德勤华永2025年末合伙人人数为214人，从业人员共6,133人，注册会计师共

1,161人，其中签署过证券服务业务审计报告的注册会计师超270人。

  德勤华永2024年度经审计的业务收入总额为人民币38.93亿元，其中审计业务

                    1
收入为人民币33.52亿元，证券业务收入为人民币6.60亿元。德勤华永为61家上市

公司提供2024年年报审计服务，审计收费总额为人民币1.97亿元。德勤华永所提

供服务的上市公司所属行业主要为制造业、交通运输、仓储和邮政业、信息传输、

软件和信息技术服务业、金融业、房地产业。

  2、投资者保护能力

  德勤华永购买的职业保险累计赔偿限额超人民币2亿元，符合相关规定。德勤

华永近三年未因执业行为在相关民事诉讼中被判定需承担民事责任。

  3、诚信记录

  近三年，德勤华永及从业人员未因执业行为受到任何刑事处罚以及证券交易

所、行业协会等自律组织的纪律处分；德勤华永曾受到行政处罚一次，受到行政

监管措施一次，受到证券交易所自律监管措施两次；十七名从业人员受到行政处

罚各一次，两名从业人员受到行政监管措施各一次，四名从业人员受到自律监管

措施各一次。根据相关法律法规的规定，上述事项并不影响德勤华永继续承接或

执行证券服务业务。

  （二）项目成员信息

  1、基本信息

  德勤华永项目合伙人及拟签字注册会计师徐斌先生，自1999年加入德勤华永

并开始从事上市公司审计及与资本市场相关的专业服务工作，从业经验超27年，

2002年注册为注册会计师，现为中国注册会计师协会执业会员。徐斌先生近三年

签署或复核多份上市公司审计报告。徐斌先生自2025年开始代表德勤华永为公司

提供审计专业服务。

  德勤华永拟签字注册会计师胡科先生，自2004年加入德勤华永并开始从事上

市公司审计及与资本市场相关的专业服务工作，从业经验超21年，2008年注册为

注册会计师，现为中国注册会计师协会执业会员。胡科先生近三年签署或复核上

市公司审计报告多份。胡科先生自2025年开始代表德勤华永为公司提供审计专业

服务。

                    2
  项目质量复核人步君先生，自2004年加入德勤华永并开始从事上市公司审计

及与资本市场相关的专业服务工作，从业经验超21年，2007年注册为注册会计师，

现为中国注册会计师协会执业会员。步君先生近三年签署或复核上市公司审计报

告多份。步君先生自2025年开始代表德勤华永为公司提供审计专业服务。

  2、诚信记录

  德勤华永上述项目合伙人、签字注册会计师、项目质量复核人近三年未因执

业行为受到刑事处罚、行政处罚，未受到证券监督管理机构的监督管理措施或证

券交易所、行业协会等自律组织的自律监管措施、纪律处分。

  3、独立性

  德勤华永及上述项目合伙人、签字注册会计师、项目质量复核人以及审计项

目组成员等不存在违反《中国注册会计师独立性准则第1号——财务报表审计和审

阅业务对独立性的要求》和《中国注册会计师职业道德守则》对独立性要求的情

形。

  （三）审计收费

  公司董事会将提请股东会授权公司董事长、总裁、财务总监和联席财务总监

根据2026年具体工作量和市场价格水平，确定2026年度审计费用。2025年度公司

审计费用为人民币998万元（包含内部控制审计）。

  二、拟续聘会计师事务所履行的程序

  （一）经公司董事会审计与监督委员会审核，认为德勤华永具备证券从业资

格，且具有上市公司审计工作的丰富经验，在执业过程中严格遵循《中国注册会

计师独立审计准则》，及时与董事会审计与监督委员会、独立董事、公司经营层进

行沟通，切实履行外部审计机构的责任与义务，能够独立、客观、公正地反映公

司财务状况及经营成果，提议续聘德勤华永为公司 2026 年审计机构。

  （二）公司第九届董事会第二次会议审议通过了《关于续聘 2026 年度审计机

构的议案》。该事项尚需提交公司 2025 年年度股东会审议，自股东会审议通过之

日起生效。

                    3
特此公告。

            紫金矿业集团股份有限公司

                董 事 会

            二〇二六年三月二十一日

        4",ok,,,,agent_preflight
601899,紫金矿业集团股份有限公司涉及财务公司关联交易的存贷款等金融业务的专项说明,,2026-03-21 00:00:00,https://www.cninfo.com.cn/new/disclosure/detail?annoId=1225023678,1225023678,finalpage/2026-03-21/1225023678.PDF,https://static.cninfo.com.cn/finalpage/2026-03-21/1225023678.PDF,PDF,5397,"紫金矿业集团股份有限公司

涉及财务公司关联交易的存贷款等金融业务
的专项说明
2025 年 12 月 31 日
                 关于紫金矿业集团股份有限公司
          涉及财务公司关联交易的存贷款等金融业务的专项说明（续）

                              德师报(函)字(26)第 Q00233 号
                                   （第 2 页，共 2 页）

（本页无正文）

德勤华永会计师事务所(特殊普通合伙)           中国注册会计师：徐斌
       (盖章)
      中国•上海

                             中国注册会计师：胡科

                              2026 年 3 月 20 日

                     -2-",ok,,,,agent_preflight
601899,紫金矿业集团股份有限公司2025年年度报告摘要,,2026-03-21 00:00:00,https://www.cninfo.com.cn/new/disclosure/detail?annoId=1225023677,1225023677,finalpage/2026-03-21/1225023677.PDF,https://static.cninfo.com.cn/finalpage/2026-03-21/1225023677.PDF,PDF,309,"紫金矿业集团股份有限公司 2025 年年度报告摘要

公司代码：601899                                公司简称：紫金矿业

              紫金矿业集团股份有限公司
               2025 年年度报告摘要

                          1/7
                       紫金矿业集团股份有限公司 2025 年年度报告摘要

                                第一节 重要提示

1、 本年度报告摘要来自年度报告全文，为全面了解本公司的经营成果、财务状况及未来发展规划，
投资者应当到 www.sse.com.cn 网站仔细阅读年度报告全文。

2、 本公司董事会及董事、高级管理人员保证年度报告内容的真实性、准确性、完整性，不存在虚
假记载、误导性陈述或重大遗漏，并承担个别和连带的法律责任。

3、 公司全体董事出席董事会会议。

4、 德勤华永会计师事务所（特殊普通合伙）为本公司出具了标准无保留意见的审计报告。

5、 董事会决议通过的本报告期利润分配预案或公积金转增股本预案

每 10 股派发现金红利 3.8 元（含税）
                     ，上述利润分配预案须提交公司 2025 年度股东会审议。

                            第二节 公司基本情况

1、 公司简介

股票种类                   A股                    H股
股票上市交易所                上交所                   联交所
股票简称                   紫金矿业                  紫金矿业
股票代码                   601899                2899

职务      副总裁、董事会秘书                           证券事务代表
姓名      高文龙                                 郑荣飞
联系地址    福建省厦门市思明区环岛东路1811号                  福建省厦门市思明区环岛东路1811号
电话      0592-2933668                        0592-2933653
传真      0592-2933580                        0592-2933580
电子信箱    gao.wenlong@zijinmining.com         ericzheng@zijinmining.com
投资者热线电话：0592-2933058

2、 报告期公司主要业务简介

紫金矿业是一家在全球范围内从事铜、金、锂、锌、银、钼等金属矿产资源勘查和开发为主的大型
跨国矿业集团，致力于为人类美好生活提供低碳矿物原料。公司在海外 17 个国家和中国 17 个省（自
治区）拥有超 30 座大型、超大型矿产资源开发基地。

报告期资源量和储量情况

按控股企业 100%口径及联营合营企业权益口径计算，报告期末，公司保有探明、控制及推断的总资
源量为铜 10,968 万吨、金 4,610 吨、锌（铅）1,256 万吨、银 31,940 吨，锂（LCE）1,883 万吨、钼
499 万吨；其中，保有证实储量和可信储量：铜 5,661 万吨、金 1,996 吨、锌（铅）782 万吨、银 3,231
吨、锂（LCE）797 万吨。

                                      2/7
                    紫金矿业集团股份有限公司 2025 年年度报告摘要

报告期主要运营产品情况

                        2024            2025        2026E      2028E
矿产金/吨                     73               90         105    130-140
矿产铜/万吨                   107             109          120    150-160
矿产锌（铅）/万吨                 45               40          40      40-45
矿产银/吨                    436             439          520    600-700
当量碳酸锂/万吨                    -            2.55          12      27-32
矿产钼/万吨                    0.9            1.15          1.5    2.5-3.5
注：鉴于市场环境复杂多变，本计划为指导性指标，存在不确定性，不构成对产量实现的承诺，公司有权根据情况
变化，对本计划作出相应调整，敬请广大投资者关注风险。

   公司黄金产量位居上市矿企中国领先、全球前五，近 5 年矿产金产量年复合增长达 17%。报告
    期，公司矿山产金 89,577 千克（2,879,959 盎司）
                                   ，同比上升 22.81% (上年同期：72,938 千克)。
    根据中国黄金协会数据，2025 年中国实现矿山产金 381 吨，公司矿山产金相当于中国总量的
    23%。
   公司连续三年成为亚洲及中国唯一矿产铜产量超百万吨矿企，位居全球前四。报告期，公司矿
    山产铜 1,085,126 吨，同比增长 1.56%(上年同期：1,068,455 吨)。
   公司致力于成为全球最大的锂矿生产企业之一。报告期，公司产当量碳酸锂 2.55 万吨。
   公司为中国第一、全球第四的矿产锌生产企业，拥有低品位锌（铅）矿开发和盈利比较优势。
    报告期，公司矿山产锌精矿含锌 357,453 吨，同比下降 12.19% (上年同期：407,077 吨)。
   公司是中国最大的矿产银生产企业，并为中国重要的钼、矿产钨、铁精矿、钴矿及副产硫酸生
    产企业。报告期，公司矿山产银 438,955 千克，同比上升 0.72%（上年同期：435,804 千克）；矿
    山产钼 1.15 万吨，同比上升 23.72%（上年同期：0.9 万吨）
                                       ；矿山产钨 3,675 吨（上年同期：3,672
    吨）；生产铁精矿 233 万吨，同比上升 16.81% (上年同期：199 万吨)；实现矿山产钴 21 吨，副
    产硫酸 367.2 万吨。

公司重要增量项目

金

   紫金黄金国际已成为推动公司黄金业务加速成长的主力军：旗下新并购的阿基姆金矿、瑞果多
    金矿正就技改扩建进行论证研究，达产后年产金量有望分别提升至 15 吨、10 吨；罗斯贝尔金
    矿新增 500 万吨/年处理量技改扩建，达产后年产金量有望提升至 12 吨；诺顿金田采选指标持
    续优化、奥罗拉金矿地采一期工程有序推进，波格拉金矿产能持续回稳；吉劳、塔罗金矿、左
    岸金矿等一批在产项目稳产高产。
   丘卡卢-佩吉铜金矿和博尔铜矿持续稳定贡献黄金产量；阿瑞那铜金矿上部金矿服务年限有望延长。
   陇南紫金、山西紫金、萨瓦亚尔顿金矿等建设和技改项目投产后，产能持续爬坡；海域金矿 12,000
    吨/日采选工程建成达产后，年产金量约 15-20 吨。

铜

   丘卡卢-佩吉铜金矿、博尔铜矿联合成为欧洲第二大矿产铜企业，正在加快推进年总产铜 45 万
    吨改扩建工程，有望联合晋升为欧洲第一大矿产铜企业。
   卡莫阿铜矿卡库拉矿段东区的排水及复产工作有序推进，产能正在逐步恢复；配套的 50 万吨/
    年铜冶炼厂建成并形成新的增长点。

                                  3/7
                 紫金矿业集团股份有限公司 2025 年年度报告摘要

   巨龙铜矿二期改扩建工程建成投产，年产铜将达 30-35 万吨，成为中国最大的铜矿山；若巨龙
    铜矿三期工程获得批准，达产后年产铜约 60 万吨，将成为全球采选规模最大、品位最低、海拔
    最高的铜矿山。
   公司还持有朱诺铜矿、雄村铜矿、玉龙铜矿等大型、超大型铜资产权益，达产后朱诺铜矿年产
    铜约 7.6 万吨、雄村铜矿年产铜约 4.6 万吨。

锂

公司规划至 2028 年形成 27-32 万吨当量碳酸锂产能，成为全球最重要锂矿生产商之一。

   3Q 盐湖锂矿一期项目投产，技改获批达产后产量提升至 3 万吨/年；二期 4 万吨/年碳酸锂项目
    建设正有序推进。
   马诺诺锂矿东北部项目计划 2026 年 6 月底投产，项目毗邻的 Mpiana-Mwanga 水电站一阶段修
    复工程已完成，实现装机容量约 37.5MW。
   拉果措盐湖锂矿一期 2 万吨/年当量碳酸锂项目投产，二期 4 万吨/年当量碳酸锂项目正加",ok,,,,agent_preflight
601899,紫金矿业集团股份有限公司第九届董事会第二次会议决议公告,,2026-03-21 00:00:00,https://www.cninfo.com.cn/new/disclosure/detail?annoId=1225023676,1225023676,finalpage/2026-03-21/1225023676.PDF,https://static.cninfo.com.cn/finalpage/2026-03-21/1225023676.PDF,PDF,131,"证券代码：601899     股票简称：紫金矿业         编号：临 2026-016

              紫金矿业集团股份有限公司
           第九届董事会第二次会议决议公告

  本公司董事会及全体董事保证本公告内容不存在任何虚假记载、误导性陈述

或者重大遗漏，并对其内容的真实性、准确性和完整性承担法律责任。

  紫金矿业集团股份有限公司（以下简称“公司”）第九届董事会第二次会议于

2026 年 3 月 20 日在公司上杭总部和厦门分部以现场和视频相结合的方式召开。会

议应出席董事 14 名，实际出席董事 14 名，本次会议有效表决票 14 票，公司高管

列席会议。本次会议的召集和召开程序符合《公司法》和《公司章程》的有关规

定，会议由邹来昌董事长主持，以投票表决方式审议通过了以下议案：

  一、审议通过《公司 2025 年度董事会工作报告》

  表决结果：同意 14 票，反对 0 票，弃权 0 票。

  本议案尚需提交股东会审议。

  二、审议通过《关于 2025 年度计提资产减值准备的议案》

  确认全集团 2025 年度计提的资产减值准备共计 42,723 万元,其中：计提信用

减值损失 13,066 万元，计提商誉减值损失 126 万元，计提合同资产减值损失 1,637

万元，计提固定资产减值损失 12,320 万元，计提无形资产减值损失 164 万元，计

提预付款减值损失 115 万元，计提其他非流动资产减值损失 157 万元，计提存货

减值损失 6,506 万元，计提在建工程减值损失 919 万元，计提其他资产减值损失 4

万元，计提持有待售资产减值损失 7,709 万元。

  表决结果：同意 14 票，反对 0 票，弃权 0 票。

  三、审议通过《公司 2025 年年度报告及摘要》

  本议案提交董事会审议前，已经董事会审计与监督委员会审议通过。

                       1
  表决结果：同意 14 票，反对 0 票，弃权 0 票。

  本议案尚需提交股东会审议。具体内容详见公司同日披露的公告。

  四、审议通过《公司 2025 年可持续发展报告及摘要》

  本议案提交董事会审议前，已经董事会战略与可持续发展（ESG）委员会委员

审阅。

  表决结果：同意 14 票，反对 0 票，弃权 0 票。

  具体内容详见公司同日披露的公告。

  五、审议通过《公司 2025 年度内部控制评价报告》

  本议案提交董事会审议前，已经董事会审计与监督委员会审议通过。

  表决结果：同意 14 票，反对 0 票，弃权 0 票。

  具体内容详见公司同日披露的公告。

  六、审议通过《公司 2025 年度利润分配方案》

  董事会建议公司 2025 年度利润分配方案为：公司拟向全体股东每 10 股派发

现金红利 3.8 元（含税）。

  表决结果：同意 14 票，反对 0 票，弃权 0 票。

  本议案尚需提交股东会审议。具体内容详见公司同日披露的公告。

  七、审议通过《关于提请股东会授权董事会制定 2026 年中期利润分配方案的

议案》

  为提高投资者回报水平，分享经营成果，增强投资者获得感，董事会提请股

东会授权董事会全权处理 2026 年中期利润分配一切相关事宜，董事会提议 2026

年中期利润分配每 10 股派发现金红利应不少于 3.8 元（含税）。具体的分红金额

和派发时间由董事会在股东会授权范围内另行审议确定。

  表决结果：同意 14 票，反对 0 票，弃权 0 票。

  本议案尚需提交股东会审议。

  八、审议通过《关于第八届执行董事、监事会主席 2025 年度薪酬计发方案的

议案》

                      2
 本议案提交董事会审议前，已经董事会提名与薪酬委员会审议通过。

 表决结果：同意 10 票，反对 0 票，弃权 0 票。董事邹来昌、林泓富、谢雄辉、

吴健辉属于关联董事，已就本议案回避表决。

 本议案尚需提交股东会审议。

 九、审议通过《关于核定第八届副总裁、财务总监、董事会秘书 2025 年度薪

酬的议案》

 本议案提交董事会审议前，已经董事会提名与薪酬委员会审议通过。

 表决结果：同意 11 票，反对 0 票，弃权 0 票。董事沈绍阳、郑友诚、吴红辉

属于关联董事，已就本议案回避表决。

 十、审议通过《公司第八届独立董事 2025 年度述职报告》

 表决结果：同意 14 票，反对 0 票，弃权 0 票。

 具体内容详见公司同日披露的公告。

 十一、审议通过《关于独立董事独立性自查情况的专项报告》

 表决结果：同意 8 票，反对 0 票，弃权 0 票。独立董事吴小敏、薄少川、林

寿康、曲晓辉、洪波、王安建属于关联董事，已就本议案回避表决。

 具体内容详见公司同日披露的公告。

 十二、审议通过《2025 年度会计师事务所履职情况评估报告》

 本议案提交董事会审议前，已经董事会审计与监督委员会审议通过。

 表决结果：同意 14 票，反对 0 票，弃权 0 票。

 具体内容详见公司同日披露的公告。

 十三、审议通过《公司第八届董事会审计与内控委员会 2025 年度对会计师事

务所履行监督职责情况的报告》

 本议案提交董事会审议前，已经董事会审计与监督委员会审议通过。

 表决结果：同意 14 票，反对 0 票，弃权 0 票。

 具体内容详见公司同日披露的公告。

 十四、审议通过《关于续聘 2026 年度审计机构的议案》

                     3
  本议案提交董事会审议前，已经董事会审计与监督委员会审议通过。

  表决结果：同意 14 票，反对 0 票，弃权 0 票。

  本议案尚需提交股东会审议。具体内容详见公司同日披露的公告。

  十五、审议通过《公司 2025 年度募集资金存放、管理与实际使用情况的专项

报告》

  本议案提交董事会审议前，已经董事会审计与监督委员会审议通过。

  表决结果：同意 14 票，反对 0 票，弃权 0 票。

  具体内容详见公司同日披露的公告。

  十六、审议通过《关于 2026 年度担保计划的议案》

  表决结果：同意 14 票，反对 0 票，弃权 0 票。

  本议案中的部分担保事项尚需提交股东会审议。具体内容详见公司同日披露

的公告。

  十七、审议通过《关于子公司开展期货及衍生品交易业务的议案》

  表决结果：同意 14 票，反对 0 票，弃权 0 票。

  本议案尚需提交股东会审议。具体内容详见公司同日披露的公告。

  十八、审议通过《关于 2026 年度对外捐赠预算的议案》

  表决结果：同意 14 票，反对 0 票，弃权 0 票。

  十九、审议通过《关于公司发行债务融资工具一般性授权的议案》

  提请股东会一般及无条件授权公司分管领导根据公司特定需要以及市场条件

决定及办理债务融资工具发行具体事宜，债务融资工具的发行余额（含存量公司

债务融资工具余额）累计不超过（含）人民币 1,000 亿元或等值外币。有关债务

融资工具包括但不限于企业债券、储架式公司债券、境外债券、超短期融资券、

短期融资券、中期票据、永续中期票据、资产支持票据、可转换债券、非公开定

向债务融资工具及其他监管机构许可发行的人民币或外币境内外债务融资工具。

授权期限自 2025 年年度股东会批准之日起至 2026 年年度股东会召开之日止有效。

  表决结果：同意 14 票，反对 0 票，弃权 0 票。

                      4
  本议案尚需提交股东会审议。

  二十、审议通过《关于控股子公司紫金矿业集团财务有限公司的风险持续评

估报告》

  表决结果：同意 14 票，反对 0 票，弃权 0 票。

  德勤华永会计师事务所（特殊普通合伙）为此出具了《涉及紫金矿业集团财

务有限公司关联交易的专项说明》
              。具体内容详见公司同日披露的公告。

  二十一、审议通过《关于提请股东会给予董事会增发公司 A 股和（或）H 股股

份之一般性授权的议案》

  董事会同意提请公司年度股东会以特别决议形式给予董事会一般性授权，授

权董事会根据市场情况和公司需求，决定单独或同时配发、发行及处理本议案于

股东会获批准时不超过本公司已发行 A 股股份数量 20%的额外 A 股股份和/或不超

过本公司已发行 H 股股份数量 20%的额外 H 股股份或可转换成 A 股或 H 股股份的证

券、购股权、认股权证或可认购本公司 A 股或 H 股的类似权利。

  表决结果：同意 14 票，反对 0 票，弃权 0 票。

  本议案尚需提交股东会审议。

  二十二、审议通过《关于以集中竞价交易方式回购 A 股股份方案的议案》

  表决结果：同意 14 票，反对 0 票，弃权 0 票。

  具体内容详见公司同日披露的公告。

  二十三、审议通过《关于修订<内部审计管理制度>的议案》

  为全面衔接新《公司章程》等上位制度要求，适配公司当前治理和监督体系，

董事会同意对原《内部审计管理制度》进行修订。

  本议案提交董事会审议前，已经董事会审计与监督委员会审议通过。

  表决结果：同意 14 票，反对 0 票，弃权 0 票。

  制度全文详见公司同日披露的公告。

  二",ok,,,,agent_preflight
601899,紫金矿业集团股份有限公司第八届董事会审计与内控委员会2025年度对会计师事务所履行监督职责情况的报告,,2026-03-21 00:00:00,https://www.cninfo.com.cn/new/disclosure/detail?annoId=1225023675,1225023675,finalpage/2026-03-21/1225023675.PDF,https://static.cninfo.com.cn/finalpage/2026-03-21/1225023675.PDF,PDF,205,"紫金矿业集团股份有限公司
      第八届董事会审计与内控委员会 2025 年度
      对会计师事务所履行监督职责情况的报告

  根据中国证监会《上市公司治理准则》
                  、上海证券交易所《上市公
司自律监管指引第 1 号——规范运作》等监管规定及《公司章程》要
求，紫金矿业集团股份有限公司（以下简称“公司”
                      ）第八届董事会审
计与内控委员会在 2025 年度本着勤勉尽责的原则，恪尽职守，审慎履
行对会计师事务所的监督职责，具体情况如下：
  一、2025 年年审会计师事务所基本情况
  （一）基本情况
  德勤华永会计师事务所（特殊普通合伙）
                   （以下简称“德勤华永”
                             ）
的前身是 1993 年 2 月成立的沪江德勤会计师事务所有限公司，于 2002
年更名为德勤华永会计师事务所有限公司，于 2012 年 9 月经财政部等
部门批准转制成为特殊普通合伙企业。德勤华永注册地址为上海市黄
浦区延安东路 222 号 30 楼。
  德勤华永具有财政部批准的会计师事务所执业证书，并经中国财
政部、中国证监会批准，从事 H 股企业审计业务。德勤华永已根据财
政部和中国证监会《会计师事务所从事证券服务业务备案管理办法》
等相关文件的规定进行了从事证券服务业务的备案。德勤华永过去二
十多年来一直从事证券期货相关服务业务，具有丰富的证券服务业务
经验。
  德勤华永首席合伙人为唐恋炯先生，2025 年末合伙人人数为 214
人，从业人员共 6,133 人，注册会计师共 1,161 人，其中签署过证券服
务业务审计报告的注册会计师超过 270 人。
                     1
  德勤华永 2024 年度经审计的业务收入总额为人民币 38.93 亿元，
其中审计业务收入为人民币 33.52 亿元，证券业务收入为人民币 6.60
亿元。德勤华永为 61 家上市公司提供 2024 年年报审计服务，审计收
费总额为人民币 1.97 亿元。德勤华永所提供服务的上市公司所属行业
主要为制造业、交通运输、仓储和邮政业、信息传输、软件和信息技
术服务业、金融业、房地产业。
  (二)聘任会计师事务所履行的程序
  公司第八届董事会第十次会议及 2024 年年度股东会审议通过了
《关于变更 2025 年度审计机构的议案》，同意聘任德勤华永为公司
2025 年度审计机构，并确定其审计业务报酬为人民币 998 万元（包含
内部控制审计）
      。审计与内控委员会对上述事项发表了审核意见。
  二、审计与内控委员会对会计师事务所监督情况
  根据公司《董事会审计与内控委员会工作细则》等有关规定，审
计与内控委员会对会计师事务所履行监督职责的情况如下:
  (一)审计与内控委员会对德勤华永的专业资质、业务能力、诚信状
况、独立性、过往审计工作情况及其执业质量等进行严格核查和评价，
认为其具备为公司提供审计服务的资质和专业能力，能够满足公司审
计工作的要求。2025 年 3 月 20 日，董事会审计与内控委员会审议通过
《关于变更 2025 年度审计机构的议案》，同意聘任德勤华永为公司
2025 年度财务报表和内部控制审计机构，并同意提交董事会审议。
  (二)审计与内控委员会通过现场会议形式与负责公司审计工作的
注册会计师召开审前沟通会议，对 2025 年度审计工作的审计范围、重
要时间节点、人员安排、审计重点等相关事项进行了沟通。
  (三)审计与内控委员会与负责公司审计工作的注册会计师召开工
作沟通会议，对 2025 年度审计结论、委员会关注事项进行沟通。审计
                  2
与内控委员会成员听取了德勤华永关于公司审计结果的情况汇报，并
对审计工作提出了意见和建议。
  三、总体评价
  报告期内，审计与内控委员会严格遵循监管规则及《公司章程》
有关规定，充分发挥专业委员会的作用，对会计师事务所相关资质和
执业能力等进行了审查，在年报审计期间与会计师事务所进行了充分
的讨论和沟通，督促会计师事务所及时、准确、客观、公正地出具审
计报告，切实履行了审计与内控委员会对会计师事务所的监督职责。
  公司审计与内控委员会认为德勤华永在公司年报审计过程中坚持
以公允、客观的态度进行独立审计，表现了良好的职业操守和业务素
质，按时完成了公司 2025 年年报审计相关工作，审计行为规范有序，
出具的审计报告客观、完整、清晰、及时。
  2025 年 12 月 31 日，新版《公司章程》经股东会审议通过，董事
会设审计与监督委员会，承接原审计与内控委员会全部职责，同时新
增承接监事会相关职责。2026 年，审计与监督委员会将继续遵循监管
规则及《公司章程》
        《董事会审计与监督委员会工作细则》等的有关规
定，继续审慎履行对会计师事务所的监督职责，切实维护公司及全体
股东的合法权益。

                      紫金矿业集团股份有限公司
                            2026 年 3 月 20 日

                  3",ok,,,,agent_preflight
601899,紫金矿业集团股份有限公司关于控股子公司紫金矿业集团财务有限公司的风险持续评估报告,,2026-03-21 00:00:00,https://www.cninfo.com.cn/new/disclosure/detail?annoId=1225023674,1225023674,finalpage/2026-03-21/1225023674.PDF,https://static.cninfo.com.cn/finalpage/2026-03-21/1225023674.PDF,PDF,275,"紫金矿业集团股份有限公司
 关于控股子公司紫金矿业集团财务有限公司的
       风险持续评估报告

  紫金矿业集团股份有限公司（以下简称“本公司”）根据《上海证
券交易所上市公司自律监管指引第 5 号——交易与关联交易》要求，
查验并审阅了紫金矿业集团财务有限公司（以下简称“财务公司”）的
《营业执照》
     《金融许可证》等有关证件资料及财务资料，对其经营资
质、业务和风险状况进行了评估，具体情况报告如下：

  一、财务公司的基本情况
  公司名称：紫金矿业集团财务有限公司
  法定代表人：吴红辉
  注册资本：100,314.60 万元
  统一社会信用代码：913508236943778565
  金融许可证机构编码：L0102H335080001
  住所：上杭县紫金大道 1 号紫金办公大楼 14 层。
  财务公司经营范围：吸收成员单位存款；办理成员单位贷款；办
理成员单位票据贴现；办理成员单位资金结算与收付；提供成员单位
委托贷款、债券承销、非融资性保函、财务顾问、信用鉴证及咨询代
理业务；从事同业拆借；办理成员单位票据承兑；办理成员单位产品
买方信贷；从事固定收益类有价证券投资；从事套期保值类衍生产品
交易。

                       1
  截至目前，财务公司股权结构如下：
     股东名称      出资金额（万元）           持股比例（%）

紫金矿业集团股份有限公司          96,302.02         96

兴业国际信托有限公司             4,012.58         4

      合计             100,314.60        100

  二、财务公司风险管理和内部控制的基本情况
  （一）控制环境
  财务公司根据《公司法》《银行业监督管理法》《企业集团财务公
司管理办法》和其他有关规定，建立了由股东会、董事会、监事会及
经营层组成的“三会一层”组织架构，对各自的职责在制度中予以明
确规定，并制定相应的议事规则。董事会下设审计与风险管理委员会，
经营层下设信贷及投资审查委员会、利率定价委员会、信息科技管理
委员会，各委员会制定有相应的工作规则，有效规范各项工作的开展。
财务公司下设财务结算部、客户部、金融市场部、国际业务部、风险
合规部、综合部、信息科技部、审计部 8 个部门，通过制度明确各部
门职责和岗位职责，形成自上而下、分工合理、职责明确、相互制衡、
报告路径清晰的风险管控组织架构。

               2
                   股 东 会

                               监 事 会

                   董 事 会

  审
  计                 总经理
  与
  风
  险                                    信   利   信
  管       副总经理             副总经理
                                       贷   率   息
  理                                    及   定   科
  委                                    投   价   技
  员               业务职能部门               资   委   管
  会                                    审   员   理
                                       查   会   委
                                       委       员
                                       员       会
                                       会
  审   信   综   客    金   国   财   风
  计   息   合   户    融   际   务   险
  部   科   部   部    市   业   结   合
      技            场   务   算   规
      部            部   部   部   部

          紫金矿业集团财务有限公司组织架构图

  （二）风险的识别和评估
  财务公司制定了《公司全面风险管控制度》
                    《内部控制管理制度》
和《内部控制评价制度》
          ，建立了有效的风险管控和评估体系。董事会
是日常风险管控的最高决策层，下设的审计与风险管理委员会组织进
行风险评估和内部控制评价，根据各类风险的特征明确牵头管理部门，
对经营中面临的各项风险进行识别、计量、评估、监测、管理和报告。

                       3
  （三）重要控制活动
  1、存款和结算业务

  财务公司制定了《银行账户管理办法》《结算账户管理办法》《支
付结算业务管理办法》等业务管理办法及实施细则，有效控制存款和
结算业务风险。
  2、信贷业务
  财务公司根据国家金融监督管理总局相关信贷管理制度以及国家
外汇管理等相关规定，并结合本公司情况制定了《客户信用等级评定
办法》、《综合授信管理办法》、《贷款业务管理办法》、《贷款业务操作
规程》、《金融资产风险分类管理办法》等制度与操作规程，规范了各
类业务操作流程，建立了职责分工明确、审贷分离、前中后台相互监
督制约的信贷管理体系。
  3、同业业务
  财务公司根据《企业集团财务公司管理办法》、《关于规范商业银
行同业业务治理的通知》和《关于规范金融机构同业业务的通知》等
规定，制定了《同业业务对手方准入资格及授信限额管理办法》、《有
价证券投资业务管理办法》、《同业拆借业务管理办法》和《同业拆借
业务操作规程》等制度与操作规程，严格按照规定的程序和权限审查、
审批同业业务。
  4、信息系统控制
  财务公司制定了《业务管理信息系统管理办法》、《业务管理信息
系统操作权限管理制度》等信息科技管理制度，对网络安全、系统设
备管理与维护、灾备及应急处理、用户及权限管理、密钥管理、定期

                4
巡查等做了详细规定。财务公司各信息系统功能完善，软、硬件设施
运行情况良好，目前已通过网络安全等保二级评估认定。

  5、财务管理
  财务公司遵循审慎的会计原则，真实记录并全面反映业务活动和
财务状况，依据企业会计准则和国家统一的会计制度，制定了《公司
财务管理制度》、《会计基本制度》和《账务核对工作制度》等财务会
计制度，明确各岗位的系统操作权限设置，坚持不相容岗位分离、相
互制约的原则，严禁一人兼任不相容的岗位或一人全程办理业务。财
务公司建立了《公司信息披露管理制度》，每年聘请外部会计师事务所
进行审计。
  6、审计监督
  财务公司设立审计部，由董事会负责考核，建立了《内部审计管
理章程》、《审计工作程序》和《事后监督管理办法》等制度，定期进
行内部审计，并就内部控制存在的问题提出改进建议并监督改进。

   三、财务公司经营管理及监管指标情况
  （一）经营管理情况
  根据财务公司 2025 年 12 月财务报告，截至 2025 年 12 月 31 日，
财务公司资产总额 245.20 亿元（各货币折人民币，下同），其中:存放
央行款项 11.13 亿元，存放同业 117.15 亿元，贷款 119.20 亿元，投资
0.10 亿元，其他资产 0.80 亿元，资产减值损失准备 3.18 亿元;负债合
计 225.67 亿元，其中:吸收存款 224.81 亿元，其他负债 0.85 亿元;所有
者权益 19.53 亿元。2025 年实现营业收入 3.06 亿元，实现利润总额 2.37

                      5
亿元，净利润 1.78 亿元。财务公司自成立以来，始终坚持稳健经营原
则，严格按照国家有关法规及财务公司规章制度规范经营。

  （二）监管指标情况
  截至 2025 年 12 月 31 日，根据《企业集团财务公司管理办法》第
三十四条的规定，财务公司的各项监管指标情况均符合监管要求，具
体如下：
  1、资本充足率不低于银保监会的最低监管要求；
  资本充足率=15.08%，符合监管要求（10.5%）
                           。
  2、流动性比例不得低于 25%；
  流动性比例=52.83%，符合监管要求。
  3、贷款余额不得高于存款余额与实收资本之和的 80%；
  贷款比例=50.76%，符合监管要求。
  4、集团外负债总额不得超过资本净额；
  集团外负债比例=0%，符合监管要求。
  5、票据承兑余额不得超过资产总额的 15%；
  票据承兑余额/资产总额*100%=0.38%，符合监管要求。
  6、票据承兑余额不得高于存放同业余额的 3 倍；
  票据承兑余额/存放同业余额=0.01，符合监管要求。
  7、票据承兑和转贴现总额不得高于资本净额；
  （票据承兑+转贴现）/资本净额*100%=4.34%，符合监管要求。
  8、承兑汇票保证金余额不得超过存款总额的 10%",ok,,,,agent_preflight
601899,紫金矿业集团股份有限公司2025年年度审计报告,,2026-03-21 00:00:00,https://www.cninfo.com.cn/new/disclosure/detail?annoId=1225023673,1225023673,finalpage/2026-03-21/1225023673.PDF,https://static.cninfo.com.cn/finalpage/2026-03-21/1225023673.PDF,PDF,16458,"紫金矿业集团股份有限公司

财务报表及审计报告
2025年12月31日止年度
紫金矿业集团股份有限公司

财务报表及审计报告
2025 年 12 月 31 日止年度

目 录                    页 次

审计报告                   1-5

已审财务报表

合并资产负债表                6-8

合并利润表                  9 - 10

合并股东权益变动表             11 - 12

合并现金流量表               13 - 14

公司资产负债表               15 - 16

公司利润表                   17

公司股东权益变动表             18 - 19

公司现金流量表               20 - 21

财务报表附注                22 - 242
紫金矿业集团股份有限公司

财务报表及审计报告
2025 年 12 月 31 日止年度

目 录                                 页 次

补充资料

1. 非经常性损益明细表                         1

2. 净资产收益率和每股收益                       2

注：    财务报表附注中标记为*号的部分为遵循香港《公司条例》和香港联合交易所《上市规
      则》所作的新增或更为详细的披露。
                       审计报告 - 续

                                     德师报(审)字(26)第 P03078 号
                                             (第2页，共5页)

三、关键审计事项 - 续

关键审计事项：           该事项在审计中是如何应对：
固定资产、在建工程、无形资产及商誉减值

于2025年12月31日，紫金矿业的固定 我们在审计过程中对重大非流动资产减值评估执行
资产、在建工程、无形资产及商誉分 了以下工作：
别为人民币117,041,644,314元、人民币
42,049,409,293 元 、 人 民 币 1．了解和评价与固定资产、在建工程、无形资产及
88,167,053,809元及人民币677,416,423   商誉减值相关的关键内部控制设计与执行情况，
元，合计占总资产比例为48.42%。对              并测试其运行的有效性；
合并财务报表总资产而言金额重大。
                               2．检查管理层对固定资产、在建工程及无形资产是
紫金矿业管理层于资产负债表日判断                 否存在减值迹象的判断；检查管理层划分商誉及
固定资产、在建工程及无形资产是否                 相关固定资产、在建工程、无形资产所在资产组
存在可能发生减值的迹象，针对商誉                 或资产组组合的依据并评价其合理性；
及相关固定资产、在建工程及无形资
产，结合与其相关的资产组或资产组 3．在内部估值专家的协助下，评价折现现金流计算
组合，进行减值测试，即按照公允价                 模型，并复核预计未来现金流量所采用的关键假
值减去处置费用后的净额和预计未来                 设，主要包括矿山储量、排产计划及销售数量、
现金流量的现值中的较高者估计资产                 销售价格、运营成本及折现率等的合理性；
组或资产组组合的可收回金额。
                 4．回顾复核以前年度管理层预测的准确性，对比模
预计未来现金流量的现值的计算涉及   型中使用的假设和数据与本年实际发生是否相
管理层的重大估计，其中关键假设包   符，复核管理层本年的关键假设与上年关键假设
括矿山储量、排产计划及销售数量、   是否发生变化以及变化是否合理；
销售价格、运营成本及折现率等，因
此我们认为固定资产、在建工程、无 5．复核财务报表附注中相关披露是否恰当。
形资产及商誉减值为关键审计事项。

相关重大会计判断和估计以及相关财
务报表披露参见附注三、36以及附注
五、18、19、21、22和64。

                         -2-
                    审计报告 - 续

                               德师报(审)字(26)第 P03078 号
                                       (第3页，共5页)

四、其他信息

  紫金矿业管理层对其他信息负责。其他信息包括年度报告中涵盖的信息，但不包括财务
报表和我们的审计报告。

  我们对财务报表发表的审计意见不涵盖其他信息，我们也不对其他信息发表任何形式的
鉴证结论。

  结合我们对财务报表的审计，我们的责任是阅读其他信息，在此过程中，考虑其他信息
是否与财务报表或我们在审计过程中了解到的情况存在重大不一致或者似乎存在重大错报。

  基于我们已执行的工作，如果我们确定其他信息存在重大错报，我们应当报告该事实。
在这方面，我们无任何事项需要报告。

五、管理层和治理层对财务报表的责任

  管理层负责按照企业会计准则的规定编制财务报表，使其实现公允反映，并设计、执行
和维护必要的内部控制，以使财务报表不存在由于舞弊或错误导致的重大错报。

  在编制财务报表时，管理层负责评估紫金矿业的持续经营能力，披露与持续经营相关的
事项(如适用)，并运用持续经营假设，除非计划进行清算、终止运营或别无其他现实的选择。

  治理层负责监督紫金矿业的财务报告过程。

                     -3-
                    审计报告 - 续

                               德师报(审)字(26)第 P03078 号
                                       (第4页，共5页)

六、注册会计师对财务报表审计的责任

  我们的目标是对财务报表整体是否不存在由于舞弊或错误导致的重大错报获取合理保证，
并出具包含审计意见的审计报告。合理保证是高水平的保证，但并不能保证按照审计准则执
行的审计在某一重大错报存在时总能发现。错报可能由于舞弊或错误导致，如果合理预期错
报单独或汇总起来可能影响财务报表使用者依据财务报表作出的经济决策，则通常认为错报
是重大的。

  在按照审计准则执行审计工作的过程中，我们运用职业判断，并保持职业怀疑。同时，
我们也执行以下工作：

(1) 识别和评估由于舞弊或错误导致的财务报表重大错报风险，设计和实施审计程序以应对
    这些风险，并获取充分、适当的审计证据，作为发表审计意见的基础。由于舞弊可能涉
    及串通、伪造、故意遗漏、虚假陈述或凌驾于内部控制之上，未能发现由于舞弊导致的
    重大错报的风险高于未能发现由于错误导致的重大错报的风险。

(2) 了解与审计相关的内部控制，以设计恰当的审计程序。

(3) 评价管理层选用会计政策的恰当性和作出会计估计及相关披露的合理性。

(4) 对管理层使用持续经营假设的恰当性得出结论。同时，根据获取的审计证据，就可能导
    致对紫金矿业持续经营能力产生重大疑虑的事项或情况是否存在重大不确定性得出结
    论。如果我们得出结论认为存在重大不确定性，审计准则要求我们在审计报告中提请报
    表使用者注意财务报表中的相关披露；如果披露不充分，我们应当发表非无保留意见。
    我们的结论基于截至审计报告日可获得的信息。然而，未来的事项或情况可能导致紫金
    矿业不能持续经营。

(5) 评价财务报表的总体列报(包括披露)、结构和内容，并评价财务报表是否公允反映相关交
    易和事项。

(6) 就紫金矿业中实体或业务活动的财务信息获取充分、适当的审计证据，以对财务报表发
    表审计意见。我们负责指导、监督和执行集团审计，并对审计意见承担全部责任。

                     -4-
                     审计报告 - 续

                                 德师报(审)字(26)第 P03078 号
                                         (第5页，共5页)

六、注册会计师对财务报表审计的责任 - 续

  我们与治理层就计划的审计范围、时间安排和重大审计发现等事项进行沟通，包括沟通
我们在审计中识别出的值得关注的内部控制缺陷。

  我们还就已遵守与独立性相关的职业道德要求向治理层提供声明，并与治理层沟通可能
被合理认为影响我们独立性的所有关系和其他事项，以及相关的防范措施(如适用)。

  从与治理层沟通过的事项中，我们确定哪些事项对本期财务报表审计最为重要，因而构
成关键审计事项。我们在审计报告中描述这些事项，除非法律法规禁止公开披露这些事项，
或在极少数情形下，如果合理预期在审计报告中沟通某事项造成的负面后果超过在公众利益
方面产生的益处，我们确定不应在审计报告中沟通该事项。

德勤华永会计师事务所(特殊普通",ok,,,,agent_preflight
601899,紫金矿业集团股份有限公司2025年度募集资金存放、管理与实际使用情况的专项报告,,2026-03-21 00:00:00,https://www.cninfo.com.cn/new/disclosure/detail?annoId=1225023672,1225023672,finalpage/2026-03-21/1225023672.PDF,https://static.cninfo.com.cn/finalpage/2026-03-21/1225023672.PDF,PDF,343,"紫金矿业集团股份有限公司
2025年度募集资金存放、管理与实际使用情况的专
            项报告

   根据《上市公司募集资金监管规则》
                  《上海证券交易所上市公司自
律监管指引第1号——规范运作》及相关格式指南等有关规定，现将紫
金矿业集团股份有限公司（以下简称“公司”
                   ）2025年度募集资金存放、
管理与实际使用情况专项说明如下：
   一、募集资金基本情况
   （一）实际募集资金金额、到账时间
   2020 年 11 月 3 日，经中国证券监督管理委员会《关于核准紫金矿
业集团股份有限公司公开发行可转换公司债券的批复》（证监许可
[2020]2613 号）核准，公司向社会公开发行面值总额人民币 60 亿元可
转换公司债券，期限 5 年。本次公开发行可转换公司债券募集资金总
额 为 人 民 币 6,000,000,000.00 元 ， 扣 除 承 销 及 保 荐 费 用 人 民 币
27,000,000.00 元 ， 实 际 收 到 可 转 换 公 司 债 券 认 购 资 金 人 民 币
5,973,000,000.00 元，扣除律师费、会计师费用、登记费、资信评估费、
信息披露费用等其他发行费用合计人民币 4,486,970.48 元，加上承销
保荐费、律师费、会计师费用、登记费、资信评估费、信息披露费用
等其他发行费用可抵扣增值税进项税额合计人民币 1,772,037.73 元，实
际募集资金净额为人民币 5,970,285,067.25 元。安永华明会计师事务所
（特殊普通合伙）已对公司该次发行的资金到位情况进行了审验，并
于 2020 年 11 月 9 日出具了安永华明（2020）验字第 60468092_H01
号《紫金矿业集团股份有限公司公开发行可转换债券募集资金验证报
告》
 。

                          1
    （二）募集资金使用情况
    截至 2025 年 12 月 31 日，2020 年度公开发行可转换公司债券募集
资金已投入募投项目 611,111.17 万元。2025 年度，本公司募集资金实
际使用情况为：
               明细              金额（人民币万元）
2024 年 12 月 31 日募集资金专户余额                   7,248.07
减：对募集资金项目投入                                7,139.76
加：利息收入、汇兑损益、扣除手续费支出                        -108.32
2025 年 12 月 31 日募集资金专户余额                         0

    二、募集资金管理情况
    为规范募集资金的管理和使用，保护投资者的权益，公司根据《上
海证券交易所上市公司自律监管指引第 1 号——规范运作》等相关规
定和要求，结合公司实际情况，制定了《紫金矿业集团股份有限公司
募集资金管理办法》
        （以下简称“《募集资金管理办法》
                       ”），并经公司股
东会审议通过。
    （一）签署募集资金专户存储三方监管协议情况
    根据《募集资金管理办法》
               ，在募集资金到位后，公司及安信证券
股份有限公司（以下简称“安信证券”
                ）分别与中国工商银行股份有限
公司上杭支行（以下简称“工行上杭支行”）、中国农业银行股份有限
公司上杭支行（以下简称“农行上杭支行”）、兴业银行股份有限公司
上杭支行（以下简称“兴业银行上杭支行”）签订了《募集资金专户存
储三方监管协议》
       ；公司、金山（香港）国际矿业有限公司（以下简称
“金山香港”
     ）及安信证券分别与工行上杭支行、农行上杭支行签订了
《募集资金专户存储四方监管协议》
               ；公司、黑龙江铜山矿业有限公司
（以下简称“黑龙江铜山矿业”）及安信证券与兴业银行上杭支行签订
了《募集资金专户存储四方监管协议》
                ；公司、塞尔维亚紫金矿业有限
公司（以下简称“塞尔维亚紫金矿业”）及安信证券与中国银行（塞尔
维亚）有限公司签订了《募集资金专户存储四方监管协议》；公司、

                           2
Cukaru Peki B.V.及安信证券与中国银行（卢森堡）有限公司鹿特丹分
行签订了《募集资金专户存储四方监管协议》
                   ；公司、黑龙江紫金矿业
有限公司（以下简称“黑龙江紫金矿业”
                 ）及安信证券与兴业银行上杭
支行签订了《募集资金专户存储四方监管协议》
                    ；公司、黑龙江多宝山
铜业股份有限公司（以下简称“多宝山铜业”
                   ）及安信证券与兴业银行
上杭支行签订了《募集资金专户存储四方监管协议》
                      ；公司、奥罗拉金
矿有限公司（简称“奥罗拉”）及安信证券与工行上杭支行签订了《募
集资金专户存储四方监管协议》
             。
  根据公司于 2023 年 3 月 22 日披露的《关于更换保荐机构及保荐
代表人的公告》（公告编号：临 2023-033），公司聘请兴业证券股份有
限公司（以下简称“兴业证券”）担任公司 2022 年度发行 A 股可转换
公司债券的保荐机构，公司与原保荐机构安信证券以及相关募集资金
存储银行签订的《募集资金专户存储三方监管协议》相应终止，安信
证券尚未完成的 2020 年度公开发行可转换债券项目募集资金的存放和
使用持续督导工作由兴业证券承接。为规范公司募集资金管理，保护
中小投资者的权益，根据《上海证券交易所上市公司自律监管指引第
1 号—规范运作》及公司制定的募集资金管理制度的相关规定，公司
及子公司金山香港、黑龙江紫金矿业、多宝山铜业、奥罗拉与兴业证
券及中国工商银行股份有限公司上杭支行、兴业银行股份有限公司上
杭支行、中国农业银行股份有限公司上杭支行重新签订了《募集资金
三方监管协议》
      ，募集资金存放账户均未发生变化。
  上述监管协议与上海证券交易所制定的《募集资金三方监管协议
（范本）
   》不存在重大差异，实际履行情况良好。
  （二）募集资金专户存储情况
  截至 2025 年 12 月 31 日，公司 2020 年度公开发行可转换公司债
券募集资金在专户中的存放和实际使用情况如下：

                    3
                                                                                                    单位：人民币万元
                                                               截至 2025 年 12 截至 2025 年 12 截至 2025 年 利息收入、 募集资金专
                                                         募集资金专 月 31 日募集资 月 31 日募集资 12 月 31 日 汇兑损益、 户余额
         户名                开户行            账号             户初始金额 金专户转入金 金专户转出金 已投入募投 扣除手续费 F=A+B-C-
                                                           A        额           额         项目金额       支出    D+E
                                                                B（注 3）       C（注 3）         D         E   （注 4）
公司                      工行上杭支行     1410030129002143672    597,300.00        702.73     599,041.16           -    1,038.43   -
金山香港（注 1）               工行上杭支行     1410030129900046452             -    312,824.62      88,700.00 234,878.66    10,754.04   -
公司                      农业上杭支行     13740101040020985               -    218,000.00     219,355.03           -    1,355.03   -
金山香港（注 1）               农业上杭支行     13740114048400117               -    219,355.03     183,127.05   36,228.15        0",ok,,,,agent_preflight
601899,紫金矿业集团股份有限公司2025年度内部控制审计报告,,2026-03-21 00:00:00,https://www.cninfo.com.cn/new/disclosure/detail?annoId=1225023671,1225023671,finalpage/2026-03-21/1225023671.PDF,https://static.cninfo.com.cn/finalpage/2026-03-21/1225023671.PDF,PDF,4882,"紫金矿业集团股份有限公司

内部控制审计报告
2025 年 12 月 31 日
                内部控制审计报告（续）

                               德师报(审)字(26)第 S00174 号
                                    （第 2 页，共 2 页）

（本页无正文）

德勤华永会计师事务所(特殊普通合伙)            中国注册会计师：徐斌

      中国·上海

                              中国注册会计师：胡科

                               2026 年 3 月 20 日

                     -2-",ok,,,,agent_preflight
601899,紫金矿业集团股份有限公司2026年度担保计划的公告,,2026-03-21 00:00:00,https://www.cninfo.com.cn/new/disclosure/detail?annoId=1225023670,1225023670,finalpage/2026-03-21/1225023670.PDF,https://static.cninfo.com.cn/finalpage/2026-03-21/1225023670.PDF,PDF,150,"证券代码：601899          股票简称：紫金矿业               编号：临 2026-019

                   紫金矿业集团股份有限公司
                   2026年度担保计划的公告

   本公司董事会及全体董事保证本公告内容不存在任何虚假记载、误导性陈述

或者重大遗漏，并对其内容的真实性、准确性和完整性承担法律责任。

重要内容提示：

    被担保人：紫金矿业集团股份有限公司（以下简称“公司”或“紫金矿业”）

全资、控股子公司以及参股公司（以下统称“被担保人”）。

    本次担保金额及已实际为其提供的担保余额：本次担保总额预计新增不超

过 3,562,620 万 元 。 截 至 公 告 日 ， 公 司 实 际 对 外 担 保 总 额 折 合 人 民 币 共 计

4,963,861.02 万元。

    本次担保是否有反担保：无

    逾期对外担保情况：无

    特别风险提示：本次部分被担保人的资产负债率超过 70%。

   一、担保情况概述

   为满足公司全资、控股子公司及参股公司业务发展、项目建设、生产运营及

并购资金需求、存量融资的到期置换，提升决策效率与企业综合效益，公司及子

公司拟于 2026 年度向被担保人提供担保（以下简称“本次担保”），具体明细如下：

                               1
                                                                                              单位：万元
                                      被担保方                               新增担保额度占
                               担保方                            本次新                             是否   是否
                                      最近一期         截至目前                  上市公司最近一   担保预计
担保方            被担保方            持股比                            增担保                             关联   有反
                                      资产负债         担保余额                  期净资产比例     有效期
                               例(%)                            额度                             担保   担保
                                       率(%)                                 (%)
一、对控股子公司的担保预计                                                                      资产负债
（一）资产负债率为 70%以上的控股子公司                                                              率 为 70%
紫金矿业   西藏阿里拉果资源有限责任公司           63     86.38            0     241,600      1.30    以上的控       否    否
紫金矿业   安徽金沙钼业有限公司               60     74.02            0     550,000      2.96    股子公司       否    否
（二）资产负债率为 70%以下的控股子公司                                                              及合营、联
       合并报表范围内的所有子公司（含新设公司                                                         营企业担
紫金矿业                            /        /               /   1,500,000     8.08               否    否
       及待交割项目）                                                                     保事项有
二、对合营、联营企业的担保预计                                                                    效 期 自
（一）资产负债率为 70%以上的合营、联营企业                                                            2025 年 年
紫金矿业   福建常青新能源科技有限公司            30     92.91         8,094     12,000      0.06    度股东会       否    否
（二）资产负债率为 70%以下的合营、联营企业                                                            批准之日
紫金矿业   西藏天圆矿业资源开发有限公司           45     52.23            0      67,500      0.36    起 12 个 月   否    否
三、控股子公司福建龙净环保股份有限公司担保预计（注 1）                                                       内；其余担
龙净环保   资产负债率为 70%以上的全资及控股子公司    /        /         150,634    223,000      1.20    保事项有       否    否
龙净环保   资产负债率为 70%以下的全资及控股子公司    /        /          17,544    464,600      2.50    效期自本       否    否
龙净环保   资产负债率为 70%以上的合营、联营企业     /        /           2,406      3,920      0.02    次董事会       否    否
四、控股子公司藏格矿业股份有限公司担保预计（注 2）                                                         批准之日
藏格矿业   资产负债率为 70%以上的全资及控股子公司    /        /              0     380,000      2.05    起 12 个 月   否    否
藏格矿业   资产负债率为 70%以下的全资及控股子公司    /        /              0     120,000      0.65    内          否    否
注 1：福建龙净环保股份有限公司担保预计合计为 69.152 亿元，具体内容详见其于 2026 年 3 月 21 日在上交所网站披露的《福建龙净环保股份有限公司
    关于提供综合授信担保的公告》（编号：临 2026-006）。
注 2：藏格矿业股份有限公司担保预计合计为 50 亿元，具体内容详见其于 2026 年 3 月 14 日在巨潮资讯网披露的《藏格矿业股份有限公司关于公司及子
    公司申请银行综合授信业务并提供担保的公告》（编号：2026-015）。

                                               2
  公司第九届董事会第二次会议一致审议通过了上述 2026 年度预计的新增担保

总额，其中对资产负债率为 70%以上的控股子公司及合营、联营企业合计担保总额

为 1,410,520 万元，该部分担保尚需提交公司股东会审议；其余担保事项在公司

董事会审议权限范围内，不存在需提交股东会审议的情形。

  在上述总额度内，各下属控股子公司（含授权期限内新设立或纳入合并报表

范围的子公司）的担保额度可按照实际情况调剂使用，其中资产负债率 70%以上

的控股子公司仅能从股东会审议时资产负债率为 70%以上的控股子公司处获得担

保额度。

  本次担保安排中，涉及资产负债率为 70%以上的控股子公司及合营、联营企业

担保事项有效期自 2025 年年度股东会批准之日起 12 个月内；其余依照规则在董

事会审议权限范围内的担保事项有效期自本次董事会批准之日起 12 个月内。股东

会拟授权以及董事会同意授权公司董事、副总裁、财务总监吴红辉或获其授权人

士（含子",ok,,,,agent_preflight
601899,紫金矿业集团股份有限公司关于拟通过协议收购A股和认购定向增发H股的方式获得赤峰吉隆黄金矿业股份有限公司控制权的公告,,2026-03-23 00:00:00,https://www.cninfo.com.cn/new/disclosure/detail?annoId=1225024230,1225024230,finalpage/2026-03-23/1225024230.PDF,https://static.cninfo.com.cn/finalpage/2026-03-23/1225024230.PDF,PDF,263,"证券代码：601899      证券简称：紫金矿业       编号：临 2026-022

                紫金矿业集团股份有限公司
    关于拟通过协议收购A股和认购定向增发H股的方式获得
        赤峰吉隆黄金矿业股份有限公司控制权的公告

   本公司董事会及全体董事保证本公告内容不存在任何虚假记载、误导性陈述

或者重大遗漏，并对其内容的真实性、准确性和完整性承担法律责任。

重要内容提示：

    2026 年 3 月 22 日，紫金矿业集团股份有限公司（以下简称“紫金矿业”

或“公司”）全资子公司紫金黄金（集团）有限公司（以下简称“紫金黄金”）与

赤峰吉隆黄金矿业股份有限公司（以下简称“赤峰黄金”）控股股东李金阳女士及

其一致行动人浙江瀚丰创业投资合伙企业（有限合伙）（以下简称“浙江瀚丰”）

签署《股份转让协议》，拟以 41.36 元/股（较赤峰黄金停牌前 A 股收盘价溢价 1.3%）

收购后者合计持有的 2.42 亿股赤峰黄金 A 股，交易金额约 100.06 亿元；同日，紫

金黄金与赤峰黄金签署《战略投资协议》，拟以 30.19 港元/股（约为赤峰黄金停牌

前 H 股六十个完整交易日平均价格的 83%）认购后者定向增发的 3.11 亿股赤峰黄

金 H 股，认购金额约 93.86 亿港元（折合人民币约 82.52 亿元）；上述交易对价合

计约 182.58 亿元。

    本次交易前，公司其他全资子公司已持有赤峰黄金 0.19 亿股；本次交易完

成后，公司全资子公司合计将持有赤峰黄金 5.72 亿股，约占其增发完成后总股份

数的 25.85%。公司将取得赤峰黄金的控制权，并实现对其财务并表。

    本次交易经公司第九届董事会 2026 年第 5 次临时会议审议通过，不构成

关联交易，亦不构成重大资产重组，无须提请股东会批准。本次交易能否交割还

有赖于一系列先决条件的实现或豁免，存在不确定性，敬请广大投资者注意投资

                      1 / 13
 风险。

   一、交易概述

   2026 年 3 月 22 日，紫金黄金分别与赤峰黄金控股股东李金阳女士及其一致行

 动人浙江瀚丰（以下合称“转让方”）、赤峰黄金签署相关协议，本次交易整体对

 价合计约 182.58 亿元，包含协议收购 A 股及认购定向增发 H 股两部分，具体如下：

   协议收购 A 股：紫金黄金与转让方签署《股份转让协议》，紫金黄金拟以 41.36

 元/股（较赤峰黄金停牌前 A 股收盘价 40.82 元/股溢价 1.3%）收购转让方持有的

 241,925,746 股赤峰黄金 A 股，交易金额共计人民币 100.06 亿元；

   认购定向增发 H 股：紫金黄金与赤峰黄金签署《战略投资协议》，紫金黄金拟

 以 30.19 港元/股（约为赤峰黄金停牌前 H 股六十个完整交易日平均价格的 83%）

 认购赤峰黄金定向增发的 310,902,731 股 H 股，认购金额共计 93.86 亿港元，约合

 人民币 82.52 亿元（以 2026 年 3 月 20 日中国外汇交易中心公布的人民币汇率中间

 价 1 港元兑换 0.87915 元人民币计算）。

   本次交易前，公司通过其他全资子公司合计已持有赤峰黄金 18,833,400 股。

 交易完成后，公司全资子公司合计将持有赤峰黄金 571,661,877 股，约占其增发完

 成后总股份数的 25.85%。公司将取得赤峰黄金控制权，并实现对其财务并表。

   本次交易前后，各方及其一致行动人持股变化情况如下：

股东名称           交易完成前                 本次交易情况                      交易完成后
 或姓名      持股数量           持股比例           交易数量               持股数量           持股比例
李金阳女士     190,410,595     10.02%       -190,410,595                   0          0
浙江瀚丰        51,515,151     2.71%            -51,515,151               0          0
 转让方      241,925,746     12.73%       -241,925,746                   0          0
紫金矿业其他
            18,833,400     0.99%                      /      18,833,400     0.85%
 全资子公司
                                       +241,925,746
紫金黄金                 0         0                            552,828,477       25%
                                       +310,902,731
紫金矿业方      18,833,400      0.99%       +552,828,477        571,661,877     25.85%
 总股本     1,900,411,178      100%       +310,902,731       2,211,313,909      100%

   本次交易是以取得赤峰黄金控制权为目的一揽子协议安排。本次交易对价经

                                   2 / 13
各方协商确定。依托灵活高效的决策机制，公司及时把握黄金价格前期大幅上涨

后短期震荡回调的市场窗口，积极推进本次交易；相较于上市公司控制权转让的

常规溢价情形，本次交易定价审慎合理，符合公司及全体股东利益。

  本次交易经公司第九届董事会 2026 年第 5 次临时会议审议通过，不构成关联

交易，亦不构成重大资产重组，无须提请股东会批准。

  二、交易对方情况介绍

  （一）李金阳女士

  （二）浙江瀚丰创业投资合伙企业（有限合伙）

  企业类型：有限合伙企业

  执行事务合伙人：武增祥

  注册资本：106,060 万人民币

  注册地址：中国（浙江）自由贸易试验区舟山市定海区北蝉乡（综保区）舟

山港综合保税区企业服务中心 305-135007 室

  李金阳女士持有浙江瀚丰约 99%的合伙份额。

  三、交易标的基本情况

  （一）标的公司概况

  公司名称：赤峰吉隆黄金矿业股份有限公司

  成立时间：1998 年 6 月 22 日

  企业类型：其他股份有限公司（上市）

  法定代表人：王建华

  注册资本：190,041.1178 万人民币

  注册地址：内蒙古自治区赤峰市敖汉旗四道湾子镇富民村

  主要办公地点：北京市丰台区万丰路小井甲 7 号

  赤峰黄金于 2004 年在上海证券交易所主板上市，股票代码：600988.SH；于

2025 年在香港联合交易所主板上市，股票代码：06693.HK。

  （二）股东情况

                           3 / 13
         截至本公告日，赤峰黄金股份总数为 1,900,411,178 股。根据赤峰黄金披露的

2025 年年度报告，截至 2025 年 12 月 31 日，赤峰黄金前十大股东如下：
                                               持股数量           占总股本比例
排名                      股东名称
                                                （股）             （%）
    1     HKSCC NOMINEES LIMITED                236,495,489       12.44
    2     李金阳                                   190,410,595       10.02
    3     香港中央结算有限公司                             91,899,741        4.84
    4     王建华                                    74,200,071        3.90
    5     浙江瀚丰创业投资合伙企业（有限合伙）                     51,515,151        2.71
          北京乐溪私募基金管理有限公司－北京乐溪开泰
    6                                            34,000,000        1.79
          私募证券投资基金
    7     全国社保基金一一八组合                            28,643,550        1.51
         ",ok,,,,agent_preflight
601899,紫金矿业集团股份有限公司关于以集中竞价交易方式首次回购公司A股股份的公告,,2026-03-24 00:00:00,https://www.cninfo.com.cn/new/disclosure/detail?annoId=1225025170,1225025170,finalpage/2026-03-24/1225025170.PDF,https://static.cninfo.com.cn/finalpage/2026-03-24/1225025170.PDF,PDF,101,"证券代码：601899     股票简称：紫金矿业             编号：临2026-023

              紫金矿业集团股份有限公司
   关于以集中竞价交易方式首次回购公司A股股份的公告

 本公司董事会及全体董事保证公告内容不存在任何虚假记载、误导性陈述或者

重大遗漏，并对其内容的真实性、准确性和完整性承担法律责任。

重要内容提示：

回购方案首次披露日       2026 年 3 月 21 日
回购方案实施期限        第九届董事会第二次会议审议通过后 12 个月内
预计回购金额          15 亿元-25 亿元
回购资金来源          自有资金
回购价格上限          41.5 元/股
                □减少注册资本
                用于员工持股计划或股权激励
回购用途
                □用于转换公司可转债
                □为维护公司价值及股东权益
回购股份方式          集中竞价交易方式
回购股份数量          3,614.45-6,024.09 万股（依照回购价格上限测算）
回购股份占总股份数比例     0.14%-0.23%
累计已回购股数         21,000,000 股
累计已回购股数占总股本比例   0.08%
累计已回购金额         642,297,597.30 元
实际回购价格区间        29.82 元/股-31.15 元/股

  一、回购方案

  紫金矿业集团股份有限公司（以下简称“公司”）于 2026 年 3 月 20 日召开

的第九届董事会第二次会议审议通过了《关于以集中竞价交易方式回购公司 A 股

股份方案的议案》，同意公司使用自有资金以集中竞价交易方式回购公司 A 股股

份，回购资金总额为不低于人民币 15 亿元（含）且不超过人民币 25 亿元（含），

回购价格上限为 41.5 元/股（含），本次回购实施期限为自董事会审议通过回购

股份方案之日起不超过 12 个月，具体内容详见公司披露于上海证券交易所网站及

                           1
公司网站的《紫金矿业集团股份有限公司关于以集中竞价方式回购 A 股股份方案

的公告暨回购报告书》（编号：临 2026-021）。

  二、回购股份的进展情况

  现将公司依据决议首次实施回购 A 股股份的情况公告如下：

  2026 年 3 月 23 日，公司通过集中竞价交易方式首次回购 A 股股份 21,000,000

股，已回购 A 股股份占公司总股本的比例为 0.08%，回购最高价格 31.15 元/股，

回购最低价格 29.82 元/股，已支付的总金额为 642,297,597.30 元（不含交易费

用）。本次回购符合相关法律法规的要求，符合公司既定的回购方案。

  三、其他事项

  公司将严格按照《上市公司股份回购规则》《上海证券交易所上市公司自律

监管指引第 7 号——回购股份》等相关规定，在回购期限内根据市场情况择机做

出回购决策并予以实施，同时根据回购股份事项进展情况及时履行信息披露义务，

敬请广大投资者注意投资风险。

  特此公告。

                                 紫金矿业集团股份有限公司

                                       董 事 会

                                  二〇二六年三月二十四日

                        2",ok,,,,agent_preflight
601899,紫金矿业集团股份有限公司关于回购A股股份事项前十名股东和前十名无限售条件股东持股情况的公告,,2026-03-25 00:00:00,https://www.cninfo.com.cn/new/disclosure/detail?annoId=1225027508,1225027508,finalpage/2026-03-25/1225027508.PDF,https://static.cninfo.com.cn/finalpage/2026-03-25/1225027508.PDF,PDF,111,"证券代码：601899        股票简称：紫金矿业        编号：临 2026-024

                 紫金矿业集团股份有限公司
     关于回购A股股份事项前十名股东和前十名无限售条件股东
                    持股情况的公告

     本公司董事会及全体董事保证公告内容不存在任何虚假记载、误导性陈述或

者重大遗漏，并对其内容的真实性、准确性和完整性承担法律责任。

     紫金矿业集团股份有限公司（以下简称“公司”）于 2026 年 3 月 20 日召开的

第九届董事会第二次会议审议通过了《关于以集中竞价交易方式回购公司 A 股股

份方案的议案》，具体内容详见公司于 2026 年 3 月 21 日在上海证券交易所网站及

公司网站披露的《关于以集中竞价方式回购 A 股股份方案的公告暨回购报告书》

（编号：临 2026-021）。

     根据《上市公司股份回购规则》《上海证券交易所上市公司自律监管指引第 7

号——回购股份》等相关规定，现将董事会公告回购股份决议的前一个交易日（即

2026 年 3 月 20 日）登记在册的公司前 10 大股东和前 10 大无限售条件股东的名称

及持股数量、比例情况公告如下：
序号               股东名称          持股数量(股)           持股比例(%)
 1    闽西兴杭国有资产投资经营有限公司           6,083,517,704     22.88
 2    香港中央结算（代理人）有限公司            5,977,038,214     22.48
 3    香港中央结算有限公司                 1,346,956,113     5.07
 4    中国证券金融股份有限公司                437,533,690      1.65
 5    国新投资有限公司                    253,860,714      0.95
      中国人寿保险股份有限公司－传统－普通保险
 6                                200,461,328      0.75
      产品－005L－CT001 沪
 7    阿布达比投资局－自有资金                136,292,377      0.51
      中国工商银行股份有限公司－华泰柏瑞沪深
 8                                132,839,095      0.50
      300 交易型开放式指数证券投资基金
 9    平安资管－招商银行－平安资产开阳 5 号资产      127,317,810      0.48
序号             股东名称               持股数量(股)          持股比例(%)
      管理产品
      中国工商银行－上证 50 交易型开放式指数证券
10                                   124,985,972     0.47
      投资基金
  注：公司前十大股东持有股份均为无限售条件流通股，董事会公告回购股份决议的前一
个交易日（即 2026 年 3 月 20 日）登记在册的公司前 10 大股东和前 10 大无限售条件股东持
股情况一致。

     特此公告。

                                   紫金矿业集团股份有限公司

                                           董 事 会

                                   二〇二六年三月二十五日",ok,,,,agent_preflight
601899,紫金矿业H股市场公告,,2026-04-02 00:00:00,https://www.cninfo.com.cn/new/disclosure/detail?annoId=1225071936,1225071936,finalpage/2026-04-02/1225071936.PDF,https://static.cninfo.com.cn/finalpage/2026-04-02/1225071936.PDF,PDF,158,"FF301

股份發行人及根據《上市規則》第十九B章上市的香港預託證券發行人的證券變動月報表

截至月份:          2026年3月31日                                                             狀態: 新提交

致：香港交易及結算所有限公司

公司名稱:          紫金礦業集團股份有限公司

呈交日期:          2026年4月1日

I. 法定/註冊股本變動

1. 股份分類        普通股            股份類別         A                        於香港聯交所上市 (註1)       否

證券代號 (如上市)     601899         說明
                              法定/註冊股份數目                        面值                            法定/註冊股本

上月底結存                                20,588,693,140 RMB                     0.1 RMB                         2,058,869,314

增加 / 減少 (-)                                      0                             RMB

本月底結存                                20,588,693,140 RMB                     0.1 RMB                         2,058,869,314

2. 股份分類        普通股            股份類別         H                        於香港聯交所上市 (註1)       是

證券代號 (如上市)     02899          說明
                              法定/註冊股份數目                        面值                            法定/註冊股本

上月底結存                                 5,988,840,000 RMB                     0.1 RMB                          598,884,000

增加 / 減少 (-)                                      0                             RMB

本月底結存                                 5,988,840,000 RMB                     0.1 RMB                          598,884,000

                                                     本月底法定/註冊股本總額： RMB                      2,657,753,314

                                               第 1 頁 共 10 頁                                                      v 1.2.1
                                                                                                                FF301

II. 已發行股份及/或庫存股份變動及足夠公眾持股量的確認

1. 股份分類          普通股                  股份類別          A                       於香港聯交所上市 (註1)    否

證券代號 (如上市)       601899               說明
                             已發行股份（不包括庫存股份）數目                          庫存股份數目                    已發行股份總數

上月底結存                                        20,600,893,140                             0                  20,600,893,140

增加 / 減少 (-)                                     -52,130,092                     53,030,092

本月底結存                                        20,548,763,048                     53,030,092                 20,601,793,140

2. 股份分類          普通股                  股份類別          H                       於香港聯交所上市 (註1)    是

證券代號 (如上市)       02899                說明
                             已發行股份（不包括庫存股份）數目                          庫存股份數目                    已發行股份總數

上月底結存                                         5,988,840,000                             0                   5,988,840,000

增加 / 減少 (-)                                         81,482                              0

本月底結存                                         5,988,921,482                             0                   5,988,921,482

足夠公眾持股量的確認(註4)

根據《主板上市規則》第13.32D(1)條或第19A.28D(1)條 / 《GEM上市規則》第17.37D(1)條或第25.21D(1)條，我們在此確認，就上述所列股份類別而言，截至本月底:
 ✔     已符合適用的公眾持股量要求（見下方）
       未符合適用的公眾持股量要求（見下方）
根據《主板上市規則》第13.32B條或第19A.28B條 / 《GEM上市規則》第17.37B條或第25.21B條（視情況而定）所載的有關股份類別的最低公眾持股量要求為：
適用的公眾持股量門檻                      適用於擁有其他上市股份的中國發行人的百分比門檻 - 上市 H 股所屬類別之已發行股份總數（不包括庫存股份）的 5%

額外信息

                                                        第 2 頁 共 10 頁                                             v 1.2.1
                                                                                                                                                                     FF301

III.已發行股份及/或庫存股份變動詳情

 (A). 股份期權（根據發行人的股份期權計劃）

1. 股份分類                 普通股                              股份類別            A                          於香港聯交所上市 (註1)                                否

證券代號(如上市)               601899                           說明
                                                                                                                                                               本月底可於所有根據計劃
                      上月底結存的股份期權數                     ",ok,,,,agent_preflight
601899,紫金矿业集团股份有限公司关于以集中竞价交易方式回购公司A股股份的进展公告,,2026-04-03 00:00:00,https://www.cninfo.com.cn/new/disclosure/detail?annoId=1225075988,1225075988,finalpage/2026-04-03/1225075988.PDF,https://static.cninfo.com.cn/finalpage/2026-04-03/1225075988.PDF,PDF,68,"证券代码：601899       股票简称：紫金矿业          编号：临2026-026

               紫金矿业集团股份有限公司
    关于以集中竞价交易方式回购公司A股股份的进展公告

  本公司董事会及全体董事保证公告内容不存在任何虚假记载、误导性陈述或者

重大遗漏，并对其内容的真实性、准确性和完整性依法承担法律责任。

   紫金矿业集团股份有限公司（以下简称“公司”）于 2026 年 3 月 20 日召开

第九届董事会第二次会议审议通过了《关于以集中竞价交易方式回购 A 股股份方

案的议案》，同意公司使用自有资金以集中竞价交易方式回购公司 A 股股份，回

购资金总额为不低于人民币 15 亿元（含）且不超过人民币 25 亿元（含），回购

价格上限为 41.5 元/股（含），本次回购实施期限为自董事会审议通过回购股份

方案之日起不超过 12 个月，具体内容详见公司披露于上海证券交易所网站及公司

网站的《关于以集中竞价方式回购 A 股股份方案的公告暨回购报告书》（编号：

临 2026-021）。

   根据《上市公司股份回购规则》及《上海证券交易所上市公司自律监管指引

第 7 号——回购股份》的相关规定，上市公司应当在每个月的前 3 个交易日内公

告截至上月末的回购进展情况，现将公司依据决议回购股份的进展情况公告如下：

   2026 年 3 月，公司通过集中竞价交易方式已累计回购股份 53,030,092 股，占

公司总股本的比例为 0.20%，购买的最高价为 33.69 元/股、最低价为 29.82 元/股，

支付的金额为 1,681,775,214.79 元（不含交易费用）。

   上述回购符合相关法律法规的要求，符合公司既定的回购方案。公司后续将

根据市场情况继续在回购期限内实施本次回购方案，并根据相关规定及时履行信

息披露义务，敬请广大投资者注意投资风险。

   特此公告。

                         1
    紫金矿业集团股份有限公司

        董 事 会

     二〇二六年四月三日

2",ok,,,,agent_preflight
601899,紫金矿业集团股份有限公司关于2023年股票期权激励计划第一个行权期自主行权完毕暨股份变动公告,,2026-04-03 00:00:00,https://www.cninfo.com.cn/new/disclosure/detail?annoId=1225075985,1225075985,finalpage/2026-04-03/1225075985.PDF,https://static.cninfo.com.cn/finalpage/2026-04-03/1225075985.PDF,PDF,132,"证券代码：601899     证券简称：紫金矿业      编号：临 2026-025

              紫金矿业集团股份有限公司
  关于 2023 年股票期权激励计划第一个行权期自主行权完毕
                  暨股份变动公告

  本公司董事会及全体董事保证本公告内容不存在任何虚假记载、误导性陈述

或者重大遗漏，并对其内容的真实性、准确性和完整性承担法律责任。

重要内容提示：

   2026 年 3 月期间，紫金矿业集团股份有限公司（以下简称“公司”）2023

年股票期权激励计划（以下简称“本次股权激励”）第一个行权期行权数量为 90

万股。

   截至本公告披露日，本次股权激励第一个行权期累计已行权并完成过户登

记的股票数量为 1,310 万股，占本期可行权总量的 100%。本次股权激励第一个行

权期可行权股票期权已全部行权完毕。

     根据规则，本次股权激励任一行权期启动后，至当期全部行权完成前，作

为 A+H 上市公司，公司需于每月结束后 2 个交易日内披露当月股票期权行权结果。

  一、决策程序及信息披露

  经公司于 2025 年 10 月 17 日召开的第八届董事会第十三次会议和第八届监事

会第十三次会议审议通过，本次股权激励第一个行权期行权条件已成就，具体内

容详见公司临 2025-089 号公告。

  二、基本情况

  （一）行权情况
                                              本期已行    本期已行权
                             本期可行     本期已行
               2023 年授予股票期                    权数量占    数量占已授
序号    姓名                     权数量（万    权数量
                  权时的职务                       可行权数    予期权总量
                              股）      （万股）
                                              量的比例     的比例
 1    陈景河           董事长        200     200     100%    33.33%
 2    邹来昌      副董事长、总裁         170     170     100%    33.33%
 3    林泓富      董事、常务副总裁        100     100     100%    33.33%
 4    林红英          董事、副总裁      100     100     100%    33.33%
 5    谢雄辉          董事、副总裁      100     100     100%    33.33%
 6    吴健辉          董事、副总裁      100     100     100%    33.33%
 7    沈绍阳           副总裁        90      90      100%    33.33%
 8    龙   翼         副总裁        90      90      100%    33.33%
 9    吴红辉           财务总监       90      90      100%    33.33%
10    郑友诚          董事会秘书       90      90      100%    33.33%
11    王   春         副总裁        90      90      100%    33.33%
12    廖元杭           副总裁        90      90      100%    33.33%
              合计              1,310   1,310    100%   33.33%

     （二）股票来源

     公司向激励对象定向发行的 A 股普通股股票。

     （三）行权人数

     截至本公告披露日，本次股权激励第一个行权期符合行权条件的激励对象共

12 人，均已完成行权。

     三、行权股票的上市流通安排及股本结构变动情况

     （一）上市流通日

     公司采用自主行权模式，激励对象行权所得股票于行权日（T 日）后的第一个

交易日（T+1 日）登记至其证券账户，第二个交易日（T+2 日）允许上市流通。

     （二）上市流通数量

     截至本公告披露日，本次股权激励第一个行权期累计已上市流通股票数量为

1,310 万股。

     （三）董事和高级管理人员本次行权股票的锁定和转让限制
   激励对象为公司董事和高级管理人员的，转让其持有的公司股票应当符合中

国证监会《上市公司董事和高级管理人员所持本公司股份及其变动管理规则》、

上海证券交易所《上市公司自律监管指引第 15 号——股东及董事、高级管理人员

减持股份》以及《公司章程》的规定。
   （四）股本结构变动情况
                本次变动前                本次变动增减（＋,－）          本次变动后
   类别
            数量（股）           比例       增加（股） 减少（股）      数量（股）          比例

一、有限售条
                       0         0          0     0             0         0
件股份

二、无限售条
       26,589,814,622       100%      +900,000    0 26,590,714,622   100%
件股份

1、A 股      20,600,893,140 77.48%      +900,000    0 20,601,793,140 77.48%

2、H 股       5,988,921,482 22.52%            0     0   5,988,921,482 22.52%

三、股份总数     26,589,814,622   100%      +900,000    0 26,590,714,622   100%

   四、股份登记情况及行权资金使用计划

   截至本公告披露日，公司 2023 年股票期权激励计划第一个行权期已累计行权

1,310 万股，并在中国证券登记结算有限责任公司上海分公司完成过户登记，共募

集资金人民币 14,606.5 万元，将全部用于补充公司流动资金。

   五、本次行权后新增股份对最近一期财务报告的影响

   本次股权激励第一个行权期累计已行权并完成过户登记的股票数量为 1,310

万股，对公司最近一期财务报告不会产生重大影响。

   特此公告。

                                                 紫金矿业集团股份有限公司

                                                      董   事    会

                                                  二〇二六年四月三日",ok,,,,agent_preflight
601899,中信证券股份有限公司关于紫金矿业集团股份有限公司分拆所属子公司紫金黄金国际有限公司境外上市之持续督导核查意见,,2026-04-04 00:00:00,https://www.cninfo.com.cn/new/disclosure/detail?annoId=1225078771,1225078771,finalpage/2026-04-04/1225078771.PDF,https://static.cninfo.com.cn/finalpage/2026-04-04/1225078771.PDF,PDF,222,"中信证券股份有限公司
 关于紫金矿业集团股份有限公司分拆所属子公司
        紫金黄金国际有限公司境外上市
             之持续督导核查意见
  紫金矿业集团股份有限公司（以下简称“公司”
                      、“上市公司”、
                             “紫金矿业”）
将其所属子公司紫金黄金国际有限公司（以下简称“紫金黄金国际”）分拆至境
外上市（以下简称“本次分拆上市”、
                “本次分拆”），中信证券股份有限公司作为
本次分拆上市的独立财务顾问，根据中国证监会《上市公司分拆规则（试行）》
（以下简称“《分拆规则》”），对本次分拆后上市公司核心资产与业务的独立经营
状况及持续经营能力、紫金黄金国际是否发生对上市公司权益有重要影响的资产
和财务状况变化、紫金黄金国际是否存在其他对上市公司股票价格产生较大影响
的重要信息以及上市公司是否依法履行相关信息披露义务等持续督导事项进行
了专项核查，发表核查意见如下：

  一、本次分拆上市概况

  2025 年 5 月 26 日，公司第八届董事会 2025 年第 9 次临时会议审议通过了
《关于分拆所属子公司紫金黄金国际有限公司至香港联交所上市符合相关法律、
法规规定的议案》等与本次分拆有关的议案。2025 年 6 月 26 日，公司 2025 年
第一次临时股东会、2025 年第二次 A 股类别股东会、2025 年第二次 H 股类别股
东会审议通过了《关于分拆所属子公司紫金黄金国际有限公司至香港联合交易所
上市符合相关法律、法规规定的议案》等与本次分拆有关的议案。

  2025 年 6 月 30 日，紫金黄金国际向香港联合交易所有限公司（以下简称
“香港联交所”）递交了首次公开发行并在香港联交所主板上市的申请资料，2025
年 9 月 30 日，紫金黄金国际股票于香港联交所主板挂牌并上市交易，股票中文
简称为“紫金黄金国际”，股份代号为“2259”。

  依据规定，公司对上述事项及时履行了信息披露义务。

  二、上市公司核心资产与业务的独立经营状况及持续经营能力
  上市公司和紫金黄金国际拥有独立的经营性资产，均建立了独立的财务部门
和财务管理制度，并独立建账、核算、管理。紫金黄金国际的组织机构独立于上
市公司及其他关联方；上市公司和紫金黄金国际各自具备健全的职能部门和内部
经营管理机构，独立行使职权，不存在紫金黄金国际与上市公司及其控制的其他
企业机构混同的情形。

  本次分拆后，上市公司和紫金黄金国际继续保持资产、财务和机构相互独立。
紫金黄金国际拥有独立的高级管理人员及财务人员，不存在与上市公司高级管理
人员及财务人员交叉任职的情形。本次分拆后，上市公司及紫金黄金国际继续维
持高级管理人员及财务人员的独立性，避免交叉任职。

  综上，上市公司与紫金黄金国际资产相互独立完整，在财务、机构、人员、
业务等方面均保持独立，分别具有完整的业务体系和直接面向市场独立经营的能
力，独立性方面不存在其他严重缺陷。紫金黄金国际在境外上市未对上市公司其
他业务板块的独立经营运作构成任何不利影响，不影响上市公司保持独立性，符
合相关法律法规、规范性文件和《分拆规则》的要求。

  本次分拆后，上市公司各项业务发展趋势良好，2025 年度上市公司营业收
入为 3,490.79 亿元，归属于上市公司股东的扣除非经常性损益的净利润为 507.24
亿元，较上一年度持续增长；紫金黄金国际实现归母净利润 16.02 亿美元，同比
增长 233%，经营活动产生的现金流量净额 24.02 亿美元，同比增长 174%，归母
净资产 83.7 亿美元，较期初增长 260%，紫金黄金国际整体的盈利水平、经营性
现金流及资产规模等核心财务指标呈现显著增长。本次分拆上市未影响上市公司
对紫金黄金国际的控制权关系及合并报表关系，紫金黄金国际的经营业绩将同步
反映至上市公司的整体业绩；同时，紫金黄金国际在香港联交所上市进一步拓宽
了上市公司的融资渠道及提高融资效率，增强上市公司的持续盈利能力和综合竞
争力。

  综上，上市公司分拆紫金黄金国际至境外上市后，上市公司继续保持独立性
和持续经营能力。

  三、分拆上市后对上市公司权益有重要影响的资产和财务状况变化情况
   上市公司分拆紫金黄金国际至境外上市后，没有发生对上市公司权益有重要
影响的资产和财务状况变化情况，上市公司具体情况如下：
                                                       单位：亿元
                     2025 年度/2025     2024 年度/2024
        项目                                             增减变动
                          年末               年末
营业收入                       3,490.79         3,036.40    14.96%
归属于上市公司股东的净利润                517.77           320.51    61.55%
归属于上市公司股东的扣除非
                             507.24           316.93    60.05%
经常性损益的净利润
经营活动产生的现金流量净额                754.30           488.60    54.38%
归属于上市公司股东的净资产              1,855.42         1,397.86    32.73%
总资产                        5,120.05         3,966.11    29.10%
基本每股收益（元／股）                    1.95             1.21    61.16%
稀释每股收益（元／股）                    1.91             1.20    59.17%
扣除非经常性损益后的基本每
                               1.91             1.20    59.17%
股收益（元／股）

   2025 年，上市公司经营业绩稳步增加，实现营业总收入 3,490.79 亿元，同
比增长 14.96%；归母净利润 517.77 亿元，同比增长 61.55%；扣非后归母净利润
507.24 亿元，同比增长 60.05%。

   四、对上市公司股票价格产生较大影响情况

   截至本核查意见出具日，分拆上市后紫金黄金国际未出现对上市公司股票价
格产生较大影响的情况。

   五、上市公司依法履行信息披露情况

   本持续督导期内，上市公司关于紫金黄金国际及本次分拆相关信息披露符合
相关法律、法规和规范性文件及公司章程的规定，披露的相关信息不存在虚假记
载、误导性陈述或者重大遗漏。

   六、结论性意见

   经核查，独立财务顾问认为，上市公司在分拆所属子公司紫金黄金国际至境
外上市后持续督导期间符合《分拆规则》相关要求：

   （一）本次分拆上市后上市公司保持独立性，上市公司未因分拆影响其持续
经营能力；

  （二）本次分拆上市后紫金黄金国际没有发生对上市公司权益有重要影响的
资产和财务状况变化；

  （三）本次分拆上市后紫金黄金国际没有发生对上市公司股票价格产生较大
影响的情况；

  （四）上市公司关于本次分拆及紫金黄金国际相关信息的披露符合相关法律、
法规和规范性文件及公司章程的规定，披露的相关信息不存在虚假记载、误导性
陈述或者重大遗漏。
（本页无正文，为《中信证券股份有限公司关于紫金矿业集团股份有限公司分拆
所属子公司紫金黄金国际有限公司境外上市之持续督导核查意见》之签章页）

财务顾问主办人：

               张浩然          包项

                        中信证券股份有限公司

                           年     月   日",ok,,,,agent_preflight
601899,紫金矿业集团股份有限公司关于回购股份实施结果暨股份变动的公告,,2026-04-15 00:00:00,https://www.cninfo.com.cn/new/disclosure/detail?annoId=1225102175,1225102175,finalpage/2026-04-15/1225102175.PDF,https://static.cninfo.com.cn/finalpage/2026-04-15/1225102175.PDF,PDF,107,"证券代码：601899        股票简称：紫金矿业                    编号：临2026-027

                紫金矿业集团股份有限公司
           关于回购股份实施结果暨股份变动的公告

  本公司董事会及全体董事保证公告内容不存在任何虚假记载、误导性陈述或者

重大遗漏，并对其内容的真实性、准确性和完整性承担法律责任。

  重要内容提示：
回购方案首次披露日          2026 年 3 月 21 日
回购方案实施期限           第九届董事会第二次会议审议通过后 12 个月内
预计回购金额             15 亿元-25 亿元
回购价格上限             41.5 元/股
                   □减少注册资本
                   用于员工持股计划或股权激励
回购用途
                   □用于转换公司可转债
                   □为维护公司价值及股东权益
实际回购股份数量           77,474,592 股
实际回购股份占总股份数比例      0.29%
实际回购金额             2,499,754,839.55 元（不含交易费用）
实际回购价格区间           29.82 元/股-34.72 元/股

  一、回购审批情况和回购方案内容

  紫金矿业集团股份有限公司（以下简称“公司”）于 2026 年 3 月 20 日召开

的第九届董事会第二次会议审议通过了《关于以集中竞价交易方式回购 A 股股份

方案的议案》，同意公司使用自有资金以集中竞价交易方式回购公司 A 股股份，

回购资金总额为不低于人民币 15 亿元（含）且不超过人民币 25 亿元（含），回

购价格上限为 41.5 元/股（含），本次回购实施期限为自董事会审议通过回购股

份方案之日起不超过 12 个月，回购股份将用于员工持股计划或股权激励，具体内

容详见公司披露的《关于以集中竞价方式回购 A 股股份方案的公告暨回购报告书》

（编号：临 2026-021）。

                                  1
  二、回购的实施情况

  2026 年 3 月 23 日，公司首次实施回购股份，具体内容详见公司披露的《关于

以集中竞价交易方式首次回购公司 A 股股份的公告》（编号：临 2026-023）。

  截至 2026 年 4 月 14 日，公司完成回购，已实际回购股份 77,474,592 股，占

公司总股份数的 0.29%，回购最高价格 34.72 元/股，回购最低价格 29.82 元/股，

回购均价 32.265 元/股，使用资金总额 2,499,754,839.55 元（不含交易费用）。

  本次回购方案实际执行情况与原披露的回购方案不存在差异，公司已按披露

的方案完成回购。

  本次回购股份使用的资金均为公司自有资金。本次回购不会对公司的经营、

财务和未来发展产生重大影响，不会导致公司控制权发生变化，不会影响公司的

上市地位，公司的股权分布仍符合上市条件。

  三、回购实施期间相关主体买卖公司股票情况

  公司董事、高级管理人员、控股股东、实际控制人及其一致行动人在首次披

露回购事项之日至本公告披露前一日期间，不存在买卖公司股票的情况。

  四、股份变动情况

  本次回购方案实施前后，公司总股份数未发生变化，股本结构变动情况如下：
                         回购前                           回购后
     股份性质
                 股份数量（股）             比例        股份数量（股）          比例
有限售条件股份（A 股）                     0        0%                0        0%
无限售条件股份（A 股）      20,601,793,140      77.48%   20,601,793,140    77.48%
 其中：回购专用证券账户                     0     0.00%       77,474,592     0.29%
无限售条件股份（H 股）       5,988,921,482      22.52%    5,988,921,482    22.52%
      总股份         26,590,714,622     100.00%   26,590,714,622   100.00%

  五、已回购股份的后续安排

  公司回购股份存放于公司回购专用证券账户，该部分股份不享有股东会表决

权、利润分配、公积金转增股本、配股、质押等相关权利。根据回购方案，本次

回购的股份拟用于员工持股计划或股权激励，如公司未能在相关法律法规规定的

期限内实施前述用途，则未使用的已回购股份将依法予以注销。公司后续将按照

披露的用途使用回购股份，并按规定履行决策程序和信息披露义务。

                             2
特此公告。

            紫金矿业集团股份有限公司

                董 事 会

             二〇二六年四月十五日

        3",ok,,,,agent_preflight
601899,紫金矿业集团股份有限公司证券违法违规行为内部问责制度,,2026-04-22 00:00:00,https://www.cninfo.com.cn/new/disclosure/detail?annoId=1225141516,1225141516,finalpage/2026-04-22/1225141516.PDF,https://static.cninfo.com.cn/finalpage/2026-04-22/1225141516.PDF,PDF,193,"紫金矿业集团股份有限公司
          证券违法违规行为内部问责制度

                第一章 总则
  第一条 为进一步完善紫金矿业集团股份有限公司（以下简称“公司”）法人

治理结构，健全涉及证券违法违规行为的责任追究机制，促进公司董事、高级管理

人员（以下简称“高管”）及其他相关人员恪尽职守，根据有关法律、行政法规、

部门规章、公司股票上市地证券监管规则、中国证券监督管理委员会福建监管局印

发的《关于进一步建立健全辖区上市公司证券违法违规行为内部问责机制的通知》

（闽证监公司字[2013]14 号）和《公司章程》
                        《董事和高级管理人员离职管理制度》

的规定，制定本制度。

  第二条 证券违法违规行为内部问责，是指对公司董事、高管及其他相关人员

因故意或过失，不履行或者不作为违反证券期货相关法律法规或公司股票上市地

证券交易所相关规则，被依法实施行政处罚、采取行政监管措施、受到纪律处分等，

并给公司造成不良影响及后果的行为，开展的责任追究工作。

             第二章 问责机构和问责范围
  第三条 公司成立专门的内部问责机构，负责内部问责的发起、决策和执行，

成员包括董事会审计与监督委员会委员、董事长、总裁。

  第四条 董事、高管及其他相关人员发生以下情形的，应当进行问责：

  （一）因违反证券期货相关法律法规，被中国证监会采取行政处罚措施的；

  （二）因违反证券期货相关法律法规，被中国证监会采取责令改正、监管谈话、

出具警示函、责令公开说明、责令定期报告、认定为不适当人选、暂不受理与行政

许可有关的文件，以及限制股东权利或责令转让股权等行政监管措施的；

  （三）因违反证券期货相关法律法规，被证监局采取下发监管关注函或监管建

议函等日常监管措施的；

  （四）因违反证券交易所自律规则，被证券交易所采取通报批评、公开谴责、

                   1/4
公开认定为不适合担任相应职务等纪律处分措施的；

  （五）因违反证券交易所自律规则，被证券交易所采取下发监管关注函或监管

函等日常监管措施的。

             第三章 问责程序
  第五条 问责应由董事会审计与监督委员会过半数委员，或董事长、总裁单独

提出。被问责事项或人员若涉及问责机构成员，该成员应当回避。

  第六条 内部问责机构一旦决定对被问责人进行调查，公司审计监察部应当在

规定时间内（视违规事项的复杂程度）完成调查，内部问责机构根据调查情况提出

处理意见，提交董事会审议，决定最终处理意见。

  第七条 被问责人应当配合调查，提供真实情况，不得以任何方式阻碍、干涉

调查，也不得以任何形式打击报复检举、举报的单位和个人。

  第八条 在对被问责人作出处理前，应当听取被问责人的意见，保障其陈述和

申辩的权利。问责决定作出后，被问责人享有申诉的权利。被问责人对问责方式有

异议的，可以向公司董事会申请复核。

  第九条 根据最终的问责处理决定，需罢免由股东会选举的董事的，应提交股

东会批准；罢免职工董事的，需提交职工代表大会批准；罢免高管的，需提交董事

会批准；罢免其他相关人员的，由总裁批准。

  第十条 公司董事或高管因违反证券监管法规受到监管部门问责时，或者公司

在收到中国证监会的行政处罚决定或证监局、交易所的监管措施或纪律处分文书

之后，应当立即启动内部问责程序，并在 30 个工作日之内向相关证券监管机构书

面报告内部问责的执行情况和结果。

  第十一条 公司作出的处理决定，涉及需要履行信息披露的，必须予以及时披

露。

             第四章 问责方式
  第十二条 问责的方式包括：

  （一）责令改正并作检讨；

                    2/4
  （二）公司内部通报批评；

  （三）扣发工资、奖金；

  （四）调离岗位、停职、降职、撤职；

  （五）提请有权机构进行罢免或解除劳动合同；

  （六）公司《行政处分办法》规定的其他方式。

  第十三条 除本制度第十二条所规定的问责方式外，可同时附带经济处罚，处

罚金额由董事会视情节严重程度决定。被问责人享有公司股权激励的，除本制度第

十二条所规定的问责方式外，董事会还可以限制其股权激励，具体限制措施由董事

会视情节严重程度决定。

  第十四条 有下列情形之一的，可以从轻或免予追究：

  （一）情节轻微，没有造成不良后果和影响的；

  （二）主动承认错误并积极改正、或已采取补救措施、消除不良影响的；

  （三）经查明确实是因意外或不可抗力因素造成的；

  （四）属于工作失误，程序合规存在缺陷的；

  （五）非主观因素且未造成重大影响或损失的；

  （六）因行政干预或当事人事前已向上级领导提出建议而未被采纳的。

  第十五条 有下列情形之一的，应从重或加重处罚：

  （一）情节恶劣、后果严重、影响较大且事故原因确系个人主观因素所致的；

  （二）事故发生后未及时采取补救措施，致使损失扩大的；

  （三）干扰、阻挠公司调查或打击、报复、陷害举报人、检举人或调查人的；

  （四）拒不执行董事会通过的处理决定的；

  （五）董事会和内部问责机构认为其他应当从重或者加重处理的情形。

  第十六条 公司任何部门或个人均有权向董事会、审计与监督委员会举报被问

责人涉嫌违反本制度规定的问责范围内的行为。

                 第五章 附则
  第十七条 公司董事、高管违反其他相关法规及内部管理规定，给公司造成损

                   3/4
失的，参照公司《行政处分办法》执行，涉及需要履行信息披露的必须予以及时披

露。

  第十八条 公司其他人员涉及本制度范围的问责参照本制度执行，由公司总裁

负责。

  第十九条 本制度未尽事宜或与有关法律、行政法规、部门规章、公司股票上

市地证券监管规则和《公司章程》不一致时，按照有关法律、行政法规、部门规章、

公司股票上市地证券监管规则和《公司章程》执行。

  第二十条 内部问责的档案资料保存期为十年。

  第二十一条 本制度由公司董事会负责解释。

  第二十二条 本制度自公司董事会审议通过之日起生效，修订时亦同。

                          紫金矿业集团股份有限公司

                           二〇二六年四月二十一日

                 4/4",ok,,,,agent_preflight
601899,紫金矿业集团股份有限公司未来三年（2026-2028年度）股东分红回报规划,,2026-04-22 00:00:00,https://www.cninfo.com.cn/new/disclosure/detail?annoId=1225141515,1225141515,finalpage/2026-04-22/1225141515.PDF,https://static.cninfo.com.cn/finalpage/2026-04-22/1225141515.PDF,PDF,107,"紫金矿业集团股份有限公司
     未来三年（2026-2028 年度）股东分红回报规划

  为完善和健全紫金矿业集团股份有限公司（以下简称“公司”）分红决策和监

督机制，兼顾公司的生产经营及可持续发展，建立对投资者持续、稳定、科学的回

          《上市公司监管指引第 3 号——上市公司现金分红（2025
报机制，根据《公司法》

年修订）
   》等有关法律、法规、规范性文件以及《公司章程》
                         《公司市值管理制度》

的规定，公司编制了《公司未来三年（2026-2028 年度）股东分红回报规划》
                                      （以下

简称“《股东分红回报规划》”），具体内容如下：

  一、制定股东分红回报规划考虑的因素

  公司制定本规划，着眼于公司的长远和可持续发展，在综合分析公司实际经营

情况、股东意愿、社会资金成本、外部融资环境等因素的基础上，充分考虑公司目

前及未来盈利规模、现金流量状况、发展所处阶段、项目投资资金需求、银行信贷

及债权融资环境等情况，从而对利润分配作出制度性安排，以保证利润分配政策的

连续性和稳定性。

  二、股东分红回报规划的制定原则

  公司的利润分配应充分重视对投资者的合理投资回报，并兼顾公司的可持续

发展，利润分配政策应保持连续性和稳定性，且符合相关法律法规的规定。公司利

润分配不得超过累计可供分配利润的范围，不得损害公司持续经营能力。公司积极

推行以现金方式分配股利。

  三、公司未来三年具体股东分红回报规划

  （一）利润分配的形式

  公司可以采取现金、股票或其他法律法规允许的方式分配股利。在上述利润分

配方式中，公司优先采取现金方式分配股利。

  （二）现金分红的条件
  根据相关法律法规的规定，公司当年实现的净利润在弥补亏损、足额提取法定

公积金、任意公积金以后可供分配利润为正值，且审计机构对公司年度财务报告出

具了标准无保留意见的审计报告时（中期现金分红可未经审计），公司须提出现金

分配方案，特殊情况除外（如发生重大投资计划或重大现金支出等）。

  公司在符合上述现金分红条件的情况下，因特殊原因而不进行现金分红时，董

事会应就不进行现金分红的具体原因、未用于分红的资金留存用途等事项进行专

项说明，并经独立董事发表意见后提交股东会审议。

  （三）利润分配的期间间隔和比例

  在符合《公司章程》规定的利润分配条件的前提下，公司每年度至少进行一次

利润分配。公司董事会可以根据公司的经营情况和资金需求情况提议进行中期现

金分红。

  在满足前述现金分红条件的前提下，公司 2026-2028 年度以现金方式累计分配

的利润原则上不少于 2026-2028 年度累计实现的可供分配利润的 35%。

  （四）发放股票股利的条件

  在满足前述现金分红比例的前提下，公司董事会可考虑采取送红股和公积金

转增股本等方式进行分配。公司发放股票股利应考虑现有股本规模，并注重股本扩

张与业绩增长保持同步。

  （五）利润分配的制定程序

  董事会审议利润分配预案时需经董事会全体董事过半数以上表决通过。股东

会审议利润分配方案时需经出席股东会的股东所持表决权过半数以上通过。如股

东会审议发放股票股利或以公积金转增股本的方案，须经出席股东会的股东所持

表决权的三分之二以上通过。

  （六）利润分配政策的修订程序

  如因外部环境或者公司自身经营状况发生较大变化，需要调整利润分配政策，

应充分考虑保护中小股东权益，调整后的利润分配政策不得违反相关法律法规、规

范性文件的有关规定，调整利润分配政策的议案需提交董事会、股东会审议。董事
会审议修改利润分配政策的提案时需经全体审计与监督委员会成员过半数表决通

过、董事会全体董事三分之二以上表决通过，股东会审议修改利润分配政策的提案

时需经出席股东会的股东所持表决权的三分之二以上通过。

  （七）公司股东、独立董事对董事会和管理层执行公司利润分配政策的情况和

决策程序进行监督。

  （八）关于行使权力没收未获领取的股息，则该权力须于有关时效期限届满后

方可行使。

  （九）公司董事会在拟订、审议、执行具体的利润分配方案时，应当遵守适用

的法律、行政法规、部门规章、公司股票上市地证券监管规则和《公司章程》规定

的利润分配政策。

  （十）公司应当在定期报告中披露分配方案和现金分红政策在报告期的执行

情况，并说明是否合法合规。

  四、其他

  本规划未尽事宜，依照相关法律法规、公司股票上市地证券监管规则及《公司

章程》的规定执行。本规划由董事会负责解释，自股东会审议通过后生效，修改时

亦同。

                       紫金矿业集团股份有限公司

                             2026 年 4 月 21 日",ok,,,,agent_preflight
601899,紫金矿业集团股份有限公司投资者关系管理制度,,2026-04-22 00:00:00,https://www.cninfo.com.cn/new/disclosure/detail?annoId=1225141513,1225141513,finalpage/2026-04-22/1225141513.PDF,https://static.cninfo.com.cn/finalpage/2026-04-22/1225141513.PDF,PDF,213,"紫金矿业集团股份有限公司

            投资者关系管理制度

               第一章 总则

  第一条 为加强紫金矿业集团股份有限公司（以下简称“公司”）与投资者之

间的沟通，规范公司投资者关系管理，切实保护投资者特别是中小投资者合法权益，

提高公司治理水平，提升公司形象，根据《中华人民共和国公司法》《中华人民共

和国证券法》《上市公司投资者关系管理工作指引》等法律、行政法规、部门规章、

公司股票上市地证券监管规则和《公司章程》等有关规定，制定本制度。

  第二条 投资者关系管理是公司通过互动交流、诉求处理、信息披露和股东权

利维护等工作，加强与投资者及潜在投资者之间的沟通，增进投资者对公司的了解

和认同，以提升公司治理水平和企业整体价值，形成尊重投资者、敬畏投资者和回

报投资者、保护投资者的公司文化的相关活动。

  第三条 投资者关系管理的基本原则

  （一）合规性原则。公司应当在遵守相关法律法规，真实、准确、完整、及时、

公平地披露信息基础上，积极进行投资者关系管理。

  除强制的信息披露以外，公司可主动披露投资者关心的其他相关信息。

  （二）平等性原则。公司在投资者关系管理中应当平等对待所有投资者，尤其

为中小投资者参与投资者关系管理活动创造机会、提供便利。

  （三）诚实守信原则。公司的投资者关系管理工作应客观、真实和准确，注重

诚信，坚守底线，规范运作，担当责任，避免过度宣传和误导。

  （四）互动沟通原则。公司应主动听取投资者的意见、建议，及时回应投资者

诉求，实现公司与投资者之间的双向沟通，形成良性互动。

  第四条 投资者关系管理的工作对象：

  （一）投资者（包括在册投资者和潜在投资者）；

  （二）从事证券分析、咨询及其他证券服务业的机构及个人；

                 1/8
  （三）财经媒体及行业媒体等资本市场媒体；

  （四）监管部门及相关政府机构；

  （五）其他相关个人和机构。如无特别说明,本制度所称的投资者为上述人员

或机构的总称。

            第二章 投资者关系管理的内容和方式

  第五条 投资者关系管理中公司与投资者沟通的内容主要包括：

  （一）法定信息披露内容及其说明；

  （二）公司发展战略和经营目标；

  （三）公司依法可以披露的经营管理信息，包括生产经营状况、财务状况、

新产品或新技术的研究开发、经营业绩、股利分配等；

  （四）公司依法需要披露的重大事件，包括公司的重大投资及其变化、资产

重组、收购兼并、对外合作、对外担保、重大合同、关联交易、重大诉讼或仲

裁、管理层变动以及大股东变化等信息；

  （五）公司有关 ESG 内容的环境保护、社会责任和公司治理信息；

  （六）公司企业文化建设和人力资源政策；

  （七）股东权利行使的方式、途径和程序等；

  （八）投资者诉求信息；

  （九）其他相关信息。

  第六条 公司可多渠道、多层次地开展投资者关系管理,主要通过公司网站、

新媒体平台等渠道，利用证券交易所网络设施等平台，采取以下方式进行沟通交

流：

  （一）信息披露

  信息披露是公司的持续责任，公司应当按照适用的法律、行政法规、部门规

章、公司股票上市地证券监管规则等有关规定进行，向公众提供平等的机会以获

取公司的信息。

  （二）网络沟通渠道

                    2/8
  公司应充分重视公司网站的建设和运行维护，及时发布、更新网站内容，为

投资者获取信息建立便利、快捷的渠道。公司网站开设投资者关系专栏，收集和

答复投资者的咨询、投诉和建议，登载法定信息披露资料等投资者关心的相关信

息，供投资者查阅或下载。

  公司应积极利用证券交易所设立的上市公司投资者关系互动平台与投资者交

流，及时查看和回复投资者的咨询、投诉和建议。

  公司可利用网络等现代通讯工具定期或不定期开展有利于改善投资者及股东

关系的交流活动。

  （三）投资者关系咨询电话、传真和邮件

  公司应设立专门的投资者关系咨询电话、传真和电子邮箱等，并根据有关规

定对外公布，由负责投资者关系的专人负责，保证在工作时间线路畅通、认真友

好接听、接收和回复。咨询电话号码、地址如有变更应及时公布。

  （四）现场调研

  公司欢迎投资者到公司现场参观、座谈沟通，以促进投资人对公司生产经营

和业务发展的了解。公司应当合理、妥善地安排活动过程，使参观者了解公司业

务和经营情况，同时应注意避免让来访者有机会接触到内幕信息和未公开的重大

事件信息。

  （五）投资者说明会

  除依法履行信息披露义务外，公司应积极召开投资者说明会，向投资者介绍

情况、回答问题、听取建议。投资者说明会包括业绩说明会、现金分红说明会、

重大事项说明会等情形，一般情况下公司董事长/总裁应该出席。

  投资者说明会尽量采取便于投资者参与的方式进行，有关具体流程按照交易

所的规定执行。

  存在下列情形的，公司应当按照中国证监会、证券交易所的规定召开投资者

说明会：

 1.公司当年现金分红水平未达相关规定，需要说明原因；

                 3/8
 2.公司在披露重组预案或重组报告书后终止重组；

 3.公司证券交易出现相关规则规定的异常波动，公司核查后发现存在未披露

 重大事件；

 4.公司相关重大事件受到市场高度关注或质疑；

 5.其他应当召开投资者说明会的情形。

 （六）路演及反向路演活动

 公司可在推介经营业绩、实施融资计划等重大资本运作，或公司认为必要的

其他情况下举行路演活动，沟通交流公司情况，并听取相关意见建议。

 公司可以参加由境内外证券公司、中介机构安排举行的资本市场会议及论

坛，利用会议演讲、小型讨论会、一对一交流等形式与投资者充分交流，增进投

资者对公司的了解，但应避免出现选择性信息披露。

 如公司重点项目有新进展、新技术时，可在适当时机安排反向路演活动，邀

请投资者考察项目公司，并与管理层进行交流。在情况和条件许可情况下，可考

虑对国外矿山进行反向路演。

 （七）股东会

 公司积极为全体股东参加股东会创造条件（包括网络投票机制等），充分考

虑召开的时间和地点以便于股东参加。

 公司根据法律法规的要求，认真做好股东会的安排组织工作，并为投资者发

言、提问以及与公司董事、高级管理人员等交流提供必要的时间，增进股东对公

司的了解，并认真听取股东的建议和意见。

 （八）财经媒体宣传与访谈

 财经媒体采访原则上由证券部统一安排，并报公司宣传部门备案，受访人员

应严格遵守公司《信息披露管理办法》规定，访谈内容应坚持审慎、客观和准确

的原则，不夸大其词，不误导投资者，采访所形成的采访稿、新闻稿等应经董事

会秘书或证券部确认后方可对外发布。

 在获得批准的前提下，香港公司可为公司主要领导安排国际知名媒体或香港

                    4/8
媒体专访，跟进相关报道的发布及宣传效果反馈。

  公司任何管理人员或员工不得在接受媒体采访时谈论涉及公司未公开披露的

信息及其它股价敏感信息。

  （九）联络投资者

  公司根据股东名册和潜在的投资者建立投资者资料库，可将包括定期报告、

临时公告、对外发布的重要新闻等公开信息及时提供给有需要的投资者。

  第七条 公司应当及时关注媒体的宣传报道，必要时予以适当回应。若公司

面临可能对公司股价产生影响的突发性事件，由董事会秘书组织研究处理方案，

并遵照有关程序及时向投资者及公众披露有关信息。

  第八条 投资者维护自身股东权利的合法行为，公司应当配合支持。投资者

与公司发生纠纷或提出调解请求的，可以通过协商解决或者向专业调解机构申请

调解。

  征集股东权利、持股行权、纠纷调解、代表人诉讼等投资者保护机构维护投

资者合法权益的各项活动，公司应当积极支持和配合。

             第三章 投资者关系管理的组织与实施

  第九条 公司董事会以及董事、高级管理人员应当高度重视、积极参与和支

持投资者关系管理工作。

  董事长是公司投资者关系管理第一负责人，负责审批重大投资者关系活动计

划，主持、参加重大投资者关系活动，包括股东会、业绩发布会、新闻发布会、

路演、重要境内外资本市场会议和重要的财经媒体采访等。

  第十条 董事会秘书是公司投资者关系管理工作的具体负责人，在香港公司

秘书、证券事务代表协助下，主要负责：组织拟定、实施公司投资者关系管理计

划；协调和组织公司信息披露事项；全面统筹安排并参加公司重大投资者关系活

动；向公司高级管理人员介绍公司投资者关系工作的进展情况及资本市场动态；

根据需要对公司高级管理人员和投资者关系工作人员进行培训及确保公司遵守股

票上市地监管规则。

                   5/8
  公司控股股东、实际控制人以及董事、高级管理人员为董事会秘书履职提供

便利条件。

  第十一条 证券部为公司开展投资者关系工作的归口管理部门和日常工作机

构，香港公司秘书团队配合开展 H 股投资者关系管理工作。

  证券部在董事会秘书的领导下，主要承担以下职责：

  （一）拟定投资者关系管理制度和投资者关系管理计划；

  （二）分析研究。统计分析股东和潜在投资者的数量、构成及变动情况，建

立投资者名册；持续关注投资者及媒体的意见、",ok,,,,agent_preflight
601899,紫金矿业集团股份有限公司信息披露管理办法,,2026-04-22 00:00:00,https://www.cninfo.com.cn/new/disclosure/detail?annoId=1225141512,1225141512,finalpage/2026-04-22/1225141512.PDF,https://static.cninfo.com.cn/finalpage/2026-04-22/1225141512.PDF,PDF,257,"紫金矿业集团股份有限公司
             信息披露管理办法

               第一章 总则

  第一条 为规范紫金矿业集团股份有限公司（以下简称“公司”）及相关信息

披露义务人的信息披露行为，加强信息披露事务管理，保护投资者的合法权益，根

据《中华人民共和国公司法》（以下简称“《公司法》”）、《中华人民共和国证

券法》（以下简称“《证券法》”）、《上市公司信息披露管理办法》、公司股票

上市地证券监管规则和《公司章程》等有关规定，制定本办法。

  第二条 公司信息披露体现及时、公平的原则，严格持续信息公开，所披露的

信息必须真实、准确、完整，简明清晰、通俗易懂，不得有虚假记载、误导性陈述

或者重大遗漏。信息披露义务人暂缓、豁免披露信息的，应当遵守法律、行政法规、

公司股票上市地证券监管规则和公司《信息披露暂缓与豁免事务管理制度》。

  公司披露的信息应当同时向所有投资者披露，不得提前向任何单位和个人泄

露。但是，法律、行政法规另有规定的除外。证券及其衍生品种同时在境内境外公

开发行、交易的，在境外市场披露的信息，应当同时在境内市场披露。

  第三条 公司披露的信息应当在上海证券交易所（简称“上交所”）、香港联

合交易所有限公司（简称“香港联交所”）的网站和符合中国证券监督管理委员会

（简称“中国证监会”）规定条件的媒体发布，同时尽快将其置备于公司住所、公

司外网、证券交易所，供社会公众查阅。

  信息披露文件的全文应当在证券交易所的网站和符合中国证监会规定条件的

报刊依法开办的网站披露，定期报告、收购报告书等信息披露文件的摘要应当在证

券交易所的网站和符合中国证监会规定条件的报刊披露。

  信息披露文件应当采用中文文本。同时采用外文文本的，公司应当保证两种文

本的内容一致。两种文本发生歧义时，以中文文本为准。

                 1 / 15
  在公司网站及其他媒体发布应当披露信息的时间不得先于指定媒体，不得以

新闻发布或者答记者问等任何形式代替应当履行的报告、公告义务，不得以定期报

告形式代替应当履行的临时报告义务。

  公司确有需要的，可以在非交易时段通过媒体专访、公司网站、网络自媒体等

方式对外发布重大信息，但应当在下一交易时段开始前披露相关公告。

  第四条 本办法由公司董事会负责实施，董事长是信息披露的第一责任人，董

事会秘书是公司信息披露的具体执行人和公司股票上市地证券交易所指定的联络

人，证券部是信息披露的日常工作部门。董事会秘书领导证券部工作，负责组织和

协调公司的信息披露事项。

  第五条 本办法所指的信息披露义务人包括：

  （一）公司董事和董事会；

  （二）公司高级管理人员；

  （三）公司总部各部门及各子公司、分公司和参股公司的负责人；

  （四）公司股东、实际控制人；

  （五）其他负有信息披露职责的公司人员；

  （六）公司的关联人（包括关联法人、自然人和潜在关联人）；

  （七）收购人，重大资产重组、再融资、重大交易有关各方等自然人、单位及

相关人员，破产管理人及其成员；

  （八）法律、行政法规和中国证监会、上交所及香港联交所规定的其他承担信

息披露义务的主体。

               第二章 信息披露内容

  第六条 本办法所称信息，是指有可能对公司股票及其衍生品交易价格产生较

大影响而投资者尚未得知的信息，包括但不仅限于：

  （一）定期报告：

  1、年度报告；

  2、中期报告；

                    2 / 15
  3、季度报告（如需）；

  4、年度环境、社会及管治报告（简称“年度 ESG 报告”）。

  （二）临时报告：

  公司披露的除定期报告之外的其他公告为临时报告，包括但不限于下列事项：

  1、董事会、股东会决议；

  2、根据上交所和香港联交所上市规则要求应当披露的交易；

  3、重大事件：

  （1）《证券法》第八十条第二款规定的重大事件；

  （2）公司发生大额赔偿责任；

  （3）公司计提大额资产减值准备；

  （4）公司出现股东权益为负值；

  （5）公司主要债务人出现资不抵债或者进入破产程序，公司对相应债权未提

取足额坏账准备；

  （6）新公布的法律、行政法规、规章、行业政策可能对公司产生重大影响；

  （7）公司开展股权激励、回购股份、重大资产重组、资产分拆上市或者挂牌；

  （8）法院裁决禁止控股股东转让其所持股份；任一股东所持公司 5%以上股

份被质押、冻结、司法拍卖、托管、设定信托或者被依法限制表决权等，或者出现

被强制过户风险；

  （9）主要资产被查封、扣押或者冻结；主要银行账户被冻结；

  （10）公司预计经营业绩发生亏损或者发生大幅变动；

  （11）主要或者全部业务陷入停顿；

  （12）获得对当期损益产生重大影响的额外收益，可能对公司的资产、负债、

权益或者经营成果产生重要影响；

  （13）聘任或者解聘为公司审计的会计师事务所；

  （14）会计政策、会计估计重大自主变更；

                    3 / 15
  （15）因前期已披露的信息存在差错、未按规定披露或者虚假记载，被有关机

关责令改正或者经董事会决定进行更正；

  （16）公司或者其控股股东、实际控制人、董事、高级管理人员受到刑事处罚，

涉嫌违法违规被中国证监会立案调查或者受到中国证监会行政处罚，或者受到其

他有权机关重大行政处罚；

  （17）公司的控股股东、实际控制人、董事、高级管理人员涉嫌严重违纪违法

或者职务犯罪被纪检监察机关采取留置措施且影响其履行职责；

  （18）除董事长或者总裁外的公司其他董事、高级管理人员因身体、工作安排

等原因无法正常履行职责达到或者预计达到三个月以上，或者因涉嫌违法违规被

有权机关采取强制措施且影响其履行职责；

  （19）公司给予某实体（包括联营公司和共同控制实体）的有关贷款的资产比

率（有关交易所涉及的资产总值，除以上市发行人的资产总值）计算超逾 8%，及

该贷款有所增加，而增加的数额按资产比率计算为 3%或以上；

  （20）董事或高管出现变动；

  （21）中国证监会和公司股票上市地证券监管规则所规定的其他事项。

  公司控股股东、实际控制人对重大事件的发生、进展产生较大影响的，应当及

时将其知悉的有关情况书面告知公司，并配合公司履行信息披露义务。

  第七条 公司变更公司名称、股票简称、公司章程、注册资本、注册地址、主

要办公地址和联系电话等，应当立即披露。

  第八条 公司及其实际控制人、股东、关联方、董事、高级管理人员、收购人、

资产交易对方、破产重整投资人等相关方作出公开承诺的，应当及时披露并全面履

行。

  第九条 对上述信息披露事项的判断标准应遵守并执行公司股票上市地证券

监管规则的有关具体规定，对于不同上市地证券监管规则均有规定但标准不完全

一致的，按“从严掌握”的原则执行。

                    4 / 15
  第十条 信息披露义务人可以自愿披露与投资者作出价值判断和投资决策有

关的信息，但不得与依法披露的信息相冲突，不得误导投资者。信息披露义务人自

愿披露的信息应当真实、准确、完整。自愿性信息披露应当遵守公平原则，保持信

息披露的持续性和一致性，不得进行选择性披露。信息披露义务人不得利用自愿披

露的信息不当影响公司证券及其衍生品种交易价格，不得利用自愿披露信息从事

市场操纵等其他违法违规行为。

  第十一条 公司应当在最先发生的以下任一时点，及时履行重大事件的信息披

露义务：

  （一）董事会或者其他有权决策机构就该重大事件形成决议时；

  （二）有关各方就该重大事件签署意向书或者协议时；

  （三）董事或者高级管理人员知悉或者应当知悉该重大事件发生时。

  在前款规定的时点之前出现下列情形之一的，公司应当及时披露相关事项的

现状、可能影响事件进展的风险因素：

  （一）该重大事件难以保密；

  （二）该重大事件已经泄露或者市场出现传闻；

  （三）公司证券及其衍生品种出现异常交易情况。

  第十二条 公司股东、实际控制人发生如下情形时，应当主动及时告知公司董

事会，并配合公司履行信息披露义务：

  （一）持有公司 5%以上股份的股东或者实际控制人持股情况或者控制公司的

情况发生或者拟发生较大变化，公司的实际控制人及其控制的其他企业从事与公

司相同或者相似业务的情况发生较大变化；

  （二）任一股东所持公司 5%以上的股份被质押、冻结、司法拍卖、托管、设

定信托或者被依法限制表决权，或者出现被强制过户风险；

  （三）法院裁决禁止公司控股股东转让其所持本公司股份；

  （四）拟对公司进行重大资产或者业务重组；

  （五）公司股票上市地证券监管规则规定的其他情形。

                    5 / 15
  通过接受委托或者信托等方式持有公司 5%以上股份的股东或者实际控制人，

应当及时将委托人情况告知公司董事会，配合履行信息披露义务。

  应当披露的信息依法披露前，相关信息已在媒体上传播或者公司证券及其衍

生品种出现交易异常情况的，股东或者实际控制人应当及时、准确地向公司作出书

面报告，并配合公司及时、准确地公告。

             第三章 信息披露",ok,,,,agent_preflight
601899,紫金矿业集团股份有限公司市值管理制度,,2026-04-22 00:00:00,https://www.cninfo.com.cn/new/disclosure/detail?annoId=1225141511,1225141511,finalpage/2026-04-22/1225141511.PDF,https://static.cninfo.com.cn/finalpage/2026-04-22/1225141511.PDF,PDF,231,"紫金矿业集团股份有限公司
                 市值管理制度

                  第一章 总则

  第一条 概述

  为加强紫金矿业集团股份有限公司（以下简称“公司”）市值管理工作，维护

公司、投资者及其他利益相关者的合法权益，根据有关法律、行政法规、部门规章、

公司股票上市地证券监管规则及《公司章程》的有关规定，结合公司实际情况，制

定本制度。

  第二条 定义

  市值管理是指公司以提高公司质量为基础，为提升投资价值和股东回报能力

而实施的战略管理行为。

             第二章 市值管理的目的和基本原则

  第三条 目的

  公司开展市值管理的目的在于实现公司内在价值与投资价值的长期动态均衡，

推动公司整体利益与股东财富回报可持续共同发展。

  第四条 基本原则

  （一）聚焦内在价值提升：通过制定正确战略规划、坚持矿业开发主业，面向

全球配置资源，发挥旗下世界级项目资源及产能优势，培育紫金新质生产力发展动

能，打造高度适配的全球化运营管理体系，全面提高 ESG 和可持续发展水平等方

式，持续夯实全球矿业竞争力，不断提升公司内在价值。

  （二）推动投资价值匹配：通过提升信息披露质量和透明度，讲好“紫金故事”，

给予资本市场长期稳定的预期，加强全球投资者关系管理，开拓并建立稳定优质的

境内外投资者基础等方式，持续增强公司在国际资本市场的认可度，不断提升公司

投资价值。

  （三）坚守依法合规原则：市值管理必须严格遵循有关法律、行政法规、部门

                    1/7
规章、公司股票上市地证券监管规则及《公司章程》的有关规定，禁止任何形式的

内幕交易、市场操纵等破坏资本市场秩序的非法行为。

            第三章 市值管理的机构与职责

  第五条 董事会

  公司董事会是市值管理工作的领导机构，具体负责以下工作：

  （一）根据当前业绩和未来战略规划就公司投资价值制定长期目标，在公司治

理、日常经营、并购重组及融资等重大事项决策中充分考虑投资者利益和回报，坚

持稳健经营，避免盲目扩张，不断提升公司投资价值。

  （二）密切关注市场对公司价值的反映，在市场表现明显偏离公司价值时，审

慎分析研判可能的原因，积极采取措施促进公司投资价值真实反映公司质量。

  （三）在提议或建立董事和高级管理人员的薪酬体系时，应当坚持薪酬与公司

国际行业地位及中国矿业企业实际情况相匹配，与公司业绩和股东回报相结合，与

个人职责、贡献和绩效相适应，与公司市值和市场表现相挂钩，与公司总体薪酬体

系、公司其他重要管理和技术人才薪酬相适配，与公司可持续发展和 ESG 指标相

联系的原则；同时，研究建立长效激励机制，充分运用股票期权、限制性股票、员

工持股计划等工具，强化管理层、核心骨干员工与公司长期利益的一致性，激发管

理层、员工提升公司价值的主动性和积极性。

  （四）根据《公司章程》规定的情形，结合公司实际情况和资金安排计划，适

时实施股份回购计划，将回购股份用于股票期权、限制性股票、员工持股计划或依

法注销等。

  （五）根据公司发展阶段和经营情况，定期制定并披露中长期分红规划，增加

分红频次，优化分红节奏，合理提高分红率，增强投资者获得感。

  第六条 董事长

  董事长是市值管理的第一责任人，应当积极采取多种措施，确保董事会关于提

升公司投资价值的决策有效落实，推动提升公司投资价值的内部制度不断完善，协

调各方采取措施促进公司投资价值合理反映公司质量。

                  2/7
  第七条 董事、高级管理人员

  董事、高级管理人员应当积极参与提升公司投资价值的各项工作，参加业绩说

明会、投资者沟通会等各类投资者关系活动，增进投资者对公司的了解。董事、高

级管理人员可以依法依规制定并实施股份增持计划，提振市场信心。

  第八条 董事会秘书

  董事会秘书是市值管理工作的直接负责人。董事会秘书应当做好投资者关系

管理和信息披露相关工作，与投资者建立畅通的沟通机制，积极收集、分析市场各

方对公司投资价值的判断和对公司经营的预期，持续提升信息披露透明度和精准

度；同时，充分利用资本市场工具，拟订有利于提振市场信心的股票回购、股票期

权、限制性股票、员工持股计划等方案，提交董事会或股东会研究。

  董事会秘书应当加强舆情监测分析，密切关注各类媒体报道和市场传闻，发现

可能对投资者决策或者公司股票交易价格产生较大影响的，应当及时向董事会报

告。公司应当根据实际情况及时发布澄清公告，或者通过官方声明、召开新闻发布

会等合法合规方式予以回应。

  第九条 执行部门

  董事会办公室是市值管理工作的具体执行部门，主要职责如下：

  （一）起草市值管理计划草案，协调内外部资源执行市值管理计划，定期向董

事会报告市值管理计划执行情况。

  （二）监测公司市值等关键指标，定期对比公司与全球同行市值表现的差异，

并分析原因。

  （三）监测公司境内外舆情动态，针对重大舆情及时起草公告或官方声明文件。

  （四）在年度报告、半年度报告、季度报告后举行现场、视频或文字形式的业

绩说明会；定期与境内外投资者、分析师进行沟通；组织深入重点项目现场的反向

路演。

  （五）适时起草资本运作、利润分配、股票回购、股票期权、限制性股票和员

工持股计划等方案。

                  3/7
              第四章 市值管理的方法

  第十条 资本运作

  公司规划至 2035 年全面建成“绿色高技术超一流国际矿业集团”，力争部分

指标达到全球首位，公司行业地位和全球资本市场认可度正稳步提升。公司将不断

提高可持续发展水平，科学规划与公司体量和发展阶段相匹配的资本市场融资规

模，持续吸引更多的全球长线资本与耐心资本，优化全球投资者结构，增强公司应

对复杂风险的能力。

  公司将持续聚焦矿业主业，以金、铜为重点发展矿种，全面形成具有全球竞争

力的锂板块，稳固并提升锌、银、钼等产量和资源储备，不断优化资产组合，抓大

放小，做强做优集团核心资产；同时，充分依靠资本市场，提高资产证券化水平，

发挥集团战略支持和产业协同优势，为旗下控参股上市公司提供深度赋能，提升公

司整体估值水平。

  第十一条 并购重组

  公司坚持资源优先战略，面向全球配置资源，重点关注全球重要成矿带、全球

超大型资源、国内及周边国家重大资源项目并购；在矿业低谷时期寻找合适并购机

会，在矿业繁荣时期加大自主勘探力度，通过自主勘查和并购实现保有资源储量显

著提升；高度重视大型在产低估值有挑战性的战略性矿种项目并购。

  同时，公司持续在全球范围内关注同行业优质上市企业的并购重组机会，积极

寻求通过战略性投资等方式成为此类企业控股股东或重要股东，通过发挥公司在

铜、金、锌、锂等主营金属矿种上的自主技术优势和成本控制优势，实现对被投资

企业的深度赋能，充分释放其资源潜力，实现优质矿产资源的有效整合和高效利用。

  第十二条 股票期权、限制性股票、员工持股计划

  股票期权、限制性股票、员工持股计划作为公司构建国际化治理体系的重要工

具，对深度绑定公司、股东及投资者、员工利益并实现共赢具有重要意义。公司坚

持价值创造为本，目前已实施有上述长效激励机制，实现公司发展成果与管理层、

核心骨干员工共享，后续将视情况继续滚动实施。

                  4/7
  公司将进一步优化管理层和核心员工薪酬结构，提高股票期权、限制性股票、

员工持股计划在薪酬构成中的占比，并将上述人员的薪酬与公司市值表现深度绑

定。针对高素质外籍人才的短缺问题，公司将进一步加大对外籍员工进行长效激励

力度。

  第十三条 现金分红

  公司应着眼于长远和可持续发展，逐步将资产负债率控制在 50%以内，同时

充分考虑公司盈利规模、现金流状况及发展所处阶段等因素，逐步提高现金分红比

例，建立对投资者持续、稳定、科学的回报机制。

  公司董事会和股东会在对利润分配政策的决策和论证过程中，应当与独立董

事、股东（特别是中小股东）沟通交流，充分听取意见和诉求，及时答复中小股东

关心的问题。

  第十四条 投资者关系管理

  公司已在厦门、香港、上海三地常设投关团队，负责投资者日常接待。公司将

进一步提升投关团队的专业化程度和国际化水平，在维持现有投资者交流频次的

情况下，更积极到全球资本中心举行路演活动，展示公司财务指标、国际化布局、

未来增长潜力及 ESG 绩效表现等，提升公司在全球资本市场的影响力。

  公司还将不定期邀请投资者、分析师到公司重点项目进行反向路演，通过实地

考察方式，直观展现公司矿山开发能力、环保生态水平、安全生产管理、劳动用工

状况、社区和谐环境等情况，增强投资者对公司“创造价值，共同发展”价值观的

理解和认同。

  第十五条 信息披露

  公司将持续对标国际优秀上市公司，采用国际通行的矿山成本、ESG 指标等

标准，提高经营管理数据的全球可比性，通过增强财务分析的深度和广度，提供更

详细的且具有公司特色的经营管理数据，对包括技术创新与研发、环境与生态保护、

安全管理、社会贡献等方面进行量化分析，帮助投资者更全面地理解公司的经营状

况。

                  5/7
  公司",ok,,,,agent_preflight
601899,紫金矿业集团股份有限公司总裁工作细则,,2026-04-22 00:00:00,https://www.cninfo.com.cn/new/disclosure/detail?annoId=1225141510,1225141510,finalpage/2026-04-22/1225141510.PDF,https://static.cninfo.com.cn/finalpage/2026-04-22/1225141510.PDF,PDF,193,"紫金矿业集团股份有限公司
              总裁工作细则

               第一章 总则

  第一条 按照构建“简洁、规范、高效”全球化运营管理体系和现代企业制度

要求，为进一步完善紫金矿业集团股份有限公司（以下简称“公司”）法人治理结

构，根据有关法律、行政法规、部门规章、公司股票上市地证券监管规则及《公司

章程》的有关规定，制定本细则。

  第二条 公司总裁由董事会聘任，在董事会领导下开展工作，主持公司的日常

生产经营和管理工作，组织实施董事会及其专门委员会决议，对董事会负责。

              第二章 选拔聘任

  第三条 担任公司总裁，应当具备下列条件：

  （一）具有担任总裁职务所需要的全球视野和丰富的经济理论知识、管理知识

及实践经验，具有较强的经营管理能力；

  （二）具有组织领导能力、团队协作精神和能力，能够有效统筹组织管理团队

及调动职工积极性、建立合理的组织机构、协调各方面内外关系和统揽全局的能力；

  （三）具有一定年限的企业管理或经济工作经历，精通业务，熟悉生产经营，

掌握国家有关政策、法律法规的规定；

  （四）诚信勤勉，廉洁奉公，公道正派；

  （五）年富力强，有较强的使命感和积极开拓的进取精神。

  第四条 公司设总裁一名，并设常务副总裁、副总裁、财务总监及联席财务总

监、董事会秘书、总工程师（以下统称“其他高级管理人员”），协助总裁工作。

  第五条 总裁及其他高级管理人员的提名、任免按《公司章程》执行。

              第三章 职责权限

                    1/6
  第六条 总裁根据公司发展战略和董事会及其专门委员会决议开展工作，并接

受董事会审计与监督委员会的监督；按照“简洁、规范、高效”的原则，提出公司

组织机构设置及相应的职责与权限方案，报董事会或其授权机构批准；公司主要产

业形成以事业部为主的营运管理中心，建立相应的支持和服务机构（平台）；强调

战略导向、规则明晰、权责对等，全面加强计划预算管理和绩效考核，加强指导、

监督和服务。

  第七条 总裁主持公司的日常生产经营和管理工作，组织实施生产计划预算，

开展相关制度建设，按制度和权限规定开展相关人事提名、员工管理工作，构建管

理、服务平台和信息化系统，保障日常生产运营及管理活动等。

  第八条 总裁在公司法定代表人授权范围内，签署合同、协议、资金支付和具

有法律约束力的文件，重要事项和重要文件应事先征求法定代表人意见，文件签署

后应报法定代表人备案。

  第九条 其他高级管理人员为总裁的助手，对总裁负责；受总裁的委托，分管

公司有关日常经营工作，并在其职责范围内签发有关业务文件。

  总裁因故不能履行职务时，常务副总裁受总裁委托代行总裁的职权。

  第十条 公司实行总裁负责和总裁办公会议制，在公司制度规定范围内，日常

工作由总裁或授权其他高级管理人员作出决定或签批，重要事项召开总裁办公会

作出决定。总裁主持总裁办公会，研究应由经营班子集体研究决策的事项，主要包

括：

  （一）贯彻落实董事会及其专门委员会的决议、决定以及董事长的重要工作要

求；贯彻落实董事会审计与监督委员会提出的监督意见；

  （二）总结每月生产经营工作，安排当月及未来一定时段生产经营计划、预算

及工作部署；

  （三）拟订公司年度经营计划、预算和三年滚动计划，提出年度经营计划、预

算的实施方案，经批准后组织实施；

  （四）拟订公司的基本管理制度；审议批准公司的具体规章；

                   2/6
  （五）拟订公司内部管理机构、直属单位设置方案，决定公司处室、直属单位

内设一级机构的设置、调整及奖惩；

  （六）研究决定权限内人事任免、考核奖惩；

  （七）拟订公司职工的工资、福利、奖惩总体方案；

  （八）研究公司及权属企业的重要经营事项，决定或核准权限内的公司及权属

企业相关经营事项；

  （九）决定或核准限额内的投资事项；

  （十）决定或核准权限内的资产收购或处置事项；

  （十一）研究决定权限内有关单位、人员的纪律处分事项；

  （十二）《公司章程》和董事会及其专门委员会等决策机构授予的其他权限。

  第十一条 总裁参加董事会会议，非董事的总裁在董事会上没有表决权。

  第十二条 总裁办公会原则上每月召开一次。

  第十三条 总裁办公会的出席人员为总裁、其他高级管理人员；审计与监督委

员会联席主任委员列席。

  会议由总裁主持；总裁外出时，由常务副总裁主持。根据需要，总裁可召开总

裁办公（扩大）会议，增加相关负责人为会议成员。

  总裁办公室应当在会议召开前 2 日以上发出通知。

  第十四条 有下列情形之一的，总裁应在 5 个工作日内召集临时办公会议：

  （一）总裁认为必要时；

  （二）其他高级管理人员提议并经总裁同意时；

  （三）董事长或三分之一以上董事提议时。

  第十五条 总裁办公会应当有记录，参会人员应当在会议记录或会议纪要（决

议）上签名。会议记录作为公司档案保存，保管期限不少于 10 年。

  第十六条 总裁办公会的会议记录包括以下内容：

  （一）会议召开的日期、地点和召集人姓名；

  （二）出席人员的姓名、职务；

                   3/6
  （三）会议议程；

  （四）出席人员的发言要点。

  第十七条 总裁办公会的出席人员应当在会议记录和决议上签字并对决议承

担责任。总裁办公会决议违反法律、行政法规、部门规章、公司股票上市地证券监

管规则及《公司章程》，致使公司遭受损失的，参与决议的人员对公司负赔偿责任。

但经证明在表决时曾表明异议并记载于会议记录的，该人员可以免除责任。

  第十八条 公司日常经营管理工作程序应按照公司相关规章制度执行。

              第四章 责任义务

  第十九条 总裁应履行下列职责：

  （一）组织公司各方面的力量，确保完成股东会、董事会及其专门委员会确定

的各项工作任务和生产经营指标，制定有效的绩效考评系统及经济责任制；实施董

事会及其专门委员会确定的工作任务；

  （二）严格遵守法律、行政法规、部门规章、公司股票上市地证券监管规则及

《公司章程》和董事会及其专门委员会决议，定期向董事会及其专门委员会报告工

作，听取和落实董事会及其专门委员会的意见和建议；

  （三）行使职权时不得超越职权范围，不得擅自变更董事会及其专门委员会等

决策机构决议；

  （四）研究、拟定有关职工工资、福利、安全生产以及劳动保护、劳动保险、

解聘（或开除）公司职工等涉及职工切身利益的问题时，应当事先听取职工董事、

工会或职工代表大会的意见，并邀请职工董事、工会或职工代表列席有关会议；

  （五）确保公司资产的保值和增值，正确处理股东、公司和职工的利益关系；

  （六）根据公司战略发展要求和相关决议，调整组织结构和相应的指挥和沟通

关系、各项管理系统，使之与战略实施要求相一致，为战略的具体实施安排组织条

件，拟订企业中长期发展目标，保证战略及可持续发展目标的实现；

  （七）收集分析和研究国内外矿业市场信息，开拓新业务，保持公司在矿业领

域领先，增加竞争能力；

                    4/6
  （八）组织建设公司全球化运营管理体系，提高管理水平，追求卓越绩效，确

保相关方满意；

  （九）采取切实措施，推进公司的技术进步和现代化管理，提高经济效益，增

强公司自我改造和自我发展能力；

  （十）接轨国际准则和标准，组织推进公司环境、社会及管治（ESG）体系建

设，高度重视依法合规、安全生产、职业健康和环境保护，以共同发展理念为原则，

树立全球化负责任企业形象；

  （十一）加强对职工的培训和教育，注重精神文明建设，培育全球化的企业文

化，逐步改善职工的物质文化生活条件，充分调动职工的积极性和创造性。

  第二十条 总裁及其他高级管理人员应当遵守法律、行政法规和《公司章程》

规定的忠实义务、勤勉义务，采取措施避免自身利益与公司利益冲突，不得利用职

权牟取不正当利益，并为公司的最大利益尽到管理者通常应有的合理注意。

                第五章 考核奖惩

  第二十一条 考核总裁的指标主要包括：

  （一）资产状况，包括总资产、净资产、资产负债率、资产质量以及资源储量

等核心指标；

  （二）公司规章制度完善和执行情况，与公司现状与发展的匹配度；

  （三）经营业绩，包括主要产品产量的完成情况，以及利润总额、税后利润和

净利润增长率、资产收益率；

  （四）全球化人才体系工作；

  （五）ESG 体系建设，包括依法合规和安全生产、职业健康、生态环保等关键

绩效；

  （六）经营决策和管理水平，管理层执行力和协调、协同度及员工满意度；

  （七）其他指标。

  具体考核按公司不时修订的董事或高管薪酬和考核方案执行。

                    5/6
  第二十二条 总裁在任期内成绩显著的，经公司董事会作出决议，可给予相应

奖励，奖励可采用下列形式：

  （一）现金奖励；

  （二）实物奖励；

  （三）期权奖励；

  （四）其他奖励。

  第二十三条 总裁任期届满时或者在任期内发生调离、辞职、解聘等情形之一

时，公司应当聘请会计师",ok,,,,agent_preflight
601899,紫金矿业集团股份有限公司第九届董事会第三次会议决议公告,,2026-04-22 00:00:00,https://www.cninfo.com.cn/new/disclosure/detail?annoId=1225141509,1225141509,finalpage/2026-04-22/1225141509.PDF,https://static.cninfo.com.cn/finalpage/2026-04-22/1225141509.PDF,PDF,94,"证券代码：601899    股票简称：紫金矿业        编号：临 2026-028

              紫金矿业集团股份有限公司
          第九届董事会第三次会议决议公告

  本公司董事会及全体董事保证本公告内容不存在任何虚假记载、误导性陈述

或者重大遗漏，并对其内容的真实性、准确性和完整性承担法律责任。

  紫金矿业集团股份有限公司（以下简称“公司”）第九届董事会第三次会议于

2026 年 4 月 21 日在公司上杭总部和厦门分部以现场和视频相结合的方式召开。会

议应出席董事 14 名，实际出席董事 14 名，本次会议有效表决票 14 票，公司高管

列席会议。本次会议的召集和召开程序符合《公司法》和《公司章程》的有关规定，

会议由邹来昌董事长主持，以投票表决方式审议通过了以下议案：

  一、审议通过《公司 2026 年第一季度报告》

  本议案提交董事会审议前，已经董事会审计与监督委员会审议通过。

  表决结果：同意 14 票，反对 0 票，弃权 0 票。

  具体内容详见公司同日披露的公告。

  二、审议通过《关于制定<公司未来三年（2026-2028 年度）股东分红回报规

划>的议案》

  表决结果：同意 14 票，反对 0 票，弃权 0 票。

  本议案尚需提交股东会审议，具体内容详见公司同日披露的公告。

  三、审议通过《关于修订<总裁工作细则>的议案》

  为全面衔接新《公司章程》等上位制度要求，适配公司当前内部治理体系，董

事会同意对原《总裁工作细则》进行适应性修订。

  表决结果：同意 14 票，反对 0 票，弃权 0 票。

  制度全文详见公司同日披露的公告。

                      1
  四、审议通过《关于修订<证券违法违规行为内部问责制度>的议案》

  为全面衔接新《公司章程》等上位制度要求，适配公司当前内部治理体系，根

据中国证券监督管理委员会福建监管局印发的《关于进一步建立健全辖区上市公

司证券违法违规行为内部问责机制的通知》
                  （闽证监公司字[2013]14 号），董事会

同意将原《内部问责制度》更名为《证券违法违规行为内部问责制度》，并进行适

应性修订。

  表决结果：同意 14 票，反对 0 票，弃权 0 票。

  制度全文详见公司同日披露的公告。

  五、审议通过《关于修订<市值管理制度>的议案》

  为全面衔接新《公司章程》等上位制度要求，适配公司当前内部治理体系，董

事会同意对原《市值管理制度》进行适应性修订。

  表决结果：同意 14 票，反对 0 票，弃权 0 票。

  制度全文详见公司同日披露的公告。

  六、审议通过《关于修订<信息披露管理办法>的议案》

  为全面衔接新《公司章程》等上位制度要求，适配公司当前内部治理体系，落

实中国证监会《上市公司信息披露管理办法（2025 年修订）》，董事会同意对原《信

息披露管理办法》进行适应性修订。

  表决结果：同意 14 票，反对 0 票，弃权 0 票。

  制度全文详见公司同日披露的公告。

  七、审议通过《关于修订<投资者关系管理制度>的议案》

  为全面衔接新《公司章程》等上位制度要求，适配公司当前内部治理体系，落

实中国证监会《上市公司投资者关系管理工作指引（2025 年修订）》，董事会同意

对原《投资者关系管理制度》进行适应性修订。

  表决结果：同意 14 票，反对 0 票，弃权 0 票。

  制度全文详见公司同日披露的公告。

                      2
特此公告。

            紫金矿业集团股份有限公司

                董 事 会

            二〇二六年四月二十二日

        3",ok,,,,agent_preflight
601899,紫金矿业集团股份有限公司2026年第一季度报告,,2026-04-22 00:00:00,https://www.cninfo.com.cn/new/disclosure/detail?annoId=1225141507,1225141507,finalpage/2026-04-22/1225141507.PDF,https://static.cninfo.com.cn/finalpage/2026-04-22/1225141507.PDF,PDF,200,"紫金矿业集团股份有限公司2026 年第一季度报告

证券代码：601899                                          证券简称：紫金矿业

              紫金矿业集团股份有限公司
               2026 年第一季度报告
     本公司董事会及全体董事保证本公告内容不存在任何虚假记载、误导性陈述或
者重大遗漏，并对其内容的真实性、准确性和完整性承担法律责任。

重要内容提示

公司董事会及董事、高级管理人员保证季度报告内容的真实、准确、完整，不存在虚假记载、误

导性陈述或重大遗漏，并承担个别和连带的法律责任。

公司负责人、主管会计工作负责人及会计机构负责人（会计主管人员）保证季度报告中财务信息

的真实、准确、完整。

第一季度财务报表是否经审计
□是 √否

一、主要财务数据

(一)主要会计数据和财务指标
                                                单位：元    币种：人民币
                                                     本报告期比上年同期
项目                   本报告期             上年同期
                                                     增减变动幅度(%)
营业收入               98,497,579,591   78,928,282,916           24.79
利润总额               31,583,865,680   14,687,930,601          115.03
净利润                25,165,728,674   12,464,616,622          101.90
归属于上市公司股东的净利润      20,079,391,507   10,166,777,095           97.50
归属于上市公司股东的扣除非
                   18,458,909,011    9,881,295,308           86.81
经常性损益的净利润
经营活动产生的现金流量净额      27,831,931,440   12,528,238,721          122.15
基本每股收益（元/股）                 0.755            0.383           97.13
稀释每股收益（元/股）                 0.736            0.376           95.74
加权平均净资产收益率（%）               10.35             7.12   增加 3.23 个百分点

                           1 / 20
              紫金矿业集团股份有限公司2026 年第一季度报告

                                                        本报告期末比上年度
                    本报告期末                   上年度末
                                                        末增减变动幅度(%)
总资产               549,920,131,226     512,005,142,450                7.41
归属于上市公司股东的所有者
                  200,417,222,123     185,541,965,085                8.02
权益

(二)非经常性损益项目和金额
√适用 □不适用
                                                        单位:元 币种:人民币
               非经常性损益项目                                        本期金额
非流动性资产处置损益，包括已计提资产减值准备的冲销部分                                     -13,387,680
计入当期损益的政府补助，但与公司正常经营业务密切相关、符合国家政策规
                                                                187,305,122
定、按照确定的标准享有、对公司损益产生持续影响的政府补助除外
除同公司正常经营业务相关的有效套期保值业务外，非金融企业持有金融资产
                                                           1,695,850,174
和金融负债产生的公允价值变动损益以及处置金融资产和金融负债产生的损益
计入当期损益的对非金融企业收取的资金占用费                                            2,681,970
单独进行减值测试的应收款项减值准备转回                                                 355,335
债务重组损益                                                              660,937
除上述各项之外的其他营业外收入和支出                                             -107,879,261
其他符合非经常性损益定义的损益项目                                               -31,969,364
减：所得税影响额                                                        117,537,079
  少数股东权益影响额（税后）                                                  -4,402,342
                合计                    1,620,482,496
对公司将《公开发行证券的公司信息披露解释性公告第 1 号——非经常性损益》未列举的项目认
定为非经常性损益项目且金额重大的，以及将《公开发行证券的公司信息披露解释性公告第 1 号
——非经常性损益》中列举的非经常性损益项目界定为经常性损益的项目，应说明原因。
□适用 √不适用
本集团为联合营公司及其子公司提供持续性的运营资金支持，并非临时性和偶发性事项。因此，
本集团不将对应的资金占用费列入非经常性损益。

(三)主要会计数据、财务指标发生变动的情况、原因
√适用 □不适用
       项目名称           变动比例（%）                           主要原因
利润总额                            115.03      与上年同期相比，公司核心财务指
净利润                             101.90      标大幅增长，主要得益于：(1)公司
                                            持续优化生产组织与运营管理，坚
归属于上市公司股东的净利润                       97.50
                                            持尽产尽销，矿产金、碳酸锂产量同
归属于上市公司股东的扣除非经
                                    86.81   比增长，矿产铜产量受卡莫阿-卡库
常性损益的净利润                                    拉权益铜产量下滑影响同比有所下
经营活动产生的现金流量净额                   122.15      降；(2)公司主营金属品种价格同比
基本每股收益                              97.13   上涨，价格红利充分释放，推动经营
稀释每股收益                              95.74   业绩显著提升。

                           2 / 20
                  紫金矿业集团股份有限公司2026 年第一季度报告

 二、股东信息
 普通股股东总数和表决权恢复的优先股股东数量及前十名股东持股情况表
                                                               单位：股
                                        报告期末表决权恢复的
报告期末普通股股东总数               1,252,002     优先股股东总数（如                          0
  ",ok,,,,agent_preflight
601899,紫金矿业H股市场公告,,2026-04-28 00:00:00,https://www.cninfo.com.cn/new/disclosure/detail?annoId=1225201092,1225201092,finalpage/2026-04-28/1225201092.PDF,https://static.cninfo.com.cn/finalpage/2026-04-28/1225201092.PDF,PDF,9008,"ZIJIN MINING GROUP COMPANY LIMITED*
                                                                     （在中華人民共和國註冊成立的股份有限公司）
                                                                     （A股股份代號： 601899      H股股份代號： 2899）

                2025 年 報                                             為人類美好生活
                                                                     提供低碳礦物原料
                                                                        Providing the Materials that Improve
                                                                        Standards of Living in a Low Carbon Future

               開發礦業 造福社會                                              2025 年報

                           更多紫金礦業信息請登錄公司官方網站
                            中文站：           www.zjky.cn
                            英文站： www.zijinmining.com
                            西語站：     es.zijinmining.com

                                                           2025 年報
                            法語站：      fr.zijinmining.com
                            俄文站：      ru.zijinmining.com
官方網站   微信公眾號   Facebook
                                                                                                                     加納阿基姆金礦

                                                                     * 僅供識別
宗旨
開發礦業 造福社會

戰略目標
綠色高技術超一流國際礦業集團

企業精神
艱苦創業 開拓創新

                 西藏拉果措鹽湖鋰礦
           目錄
           2    公司資料

           5    財務摘要

           7    董事長致辭

           10   報告摘要

           16   董事、高級管理人員及公司秘書簡介

           21   資源量和儲量

           29   主要運營產品

           39   管理層討論與分析

           69   董事會報告

           104 可持續發展

           111 企業管治報告

           144 審計報告

           148 合併資產負債表

           151 合併利潤表

           153 合併股東權益變動表

           155 合併現金流量表

           157 公司資產負債表

           159 公司利潤表

           160 公司股東權益變動表

           162 公司現金流量表

           164 財務報表附註

           343 釋義
塞爾維亞博爾銅礦
2   紫 金 礦 業 集 團 股 份 有 限 公 司 2025年年報

    公司資料

    執行董事                              執行與投資委員會

    鄒來昌（董事長（於2025年12月31日獲委任為董事長，前為    鄒來昌（主任委員（於2025年12月31日獲委任為主任委員，
     副董事長、總裁））                         前為副主任委員））
    林泓富（副董事長、總裁（於2025年12月31日獲委任為副董    林泓富（副主任委員（於2025年12月31日獲委任為副主任委
     事長、總裁））                           員，前為委員））
    謝雄輝                               謝雄輝
    吳健輝                               吳健輝
    沈紹陽（於2025年12月31日獲委任）              沈紹陽（於2025年12月31日獲委任）
    鄭友誠（於2025年12月31日獲委任）              鄭友誠（於2025年12月31日獲委任）
    吳紅輝（於2025年12月31日獲委任）              吳紅輝（於2025年12月31日獲委任）
    陳景河（於2025年12月31日辭任，前為董事長）         陳景河（於2025年12月31日辭任，前為主任委員）
    林紅英（於2025年12月31日辭任）               林紅英（於2025年12月31日辭任）

    非執行董事                             提名與薪酬委員會

    李建                                吳小敏（主任委員（於2025年1月10日獲委任為委員，於2025
                                       年12月31日獲委任為主任委員））
    獨立非執行董事                           林寿康（副主任委員（於2025年12月31日獲委任））
                                      薄少川
    吳小敏（首席獨立董事（於2025年12月31日獲委任為首席獨    洪波（於2025年12月31日獲委任）
     立董事））                            李建
    薄少川                               鄒來昌（於2025年12月31日獲委任）
    林寿康（於2025年12月31日獲委任）              何福龍（於2025年12月31日辭任，前為主任委員）
    曲曉輝（於2025年12月31日獲委任）              孫文德（於2025年12月31日辭任）
    洪波（於2025年12月31日獲委任）               陳景河（於2025年12月31日辭任）
    王安建（於2025年12月31日獲委任）
    何福龍（於2025年12月31日辭任，前為獨立董事召集人）     戰略與可持續發展(ESG)委員會
    李常青（於2025年12月31日辭任）
    孫文德（於2025年12月31日辭任）               鄒來昌（主任委員（於2025年12月31日獲委任為主任委員，
    毛景文（於2025年3月31日辭任）                 前為副主任委員））
                                      林泓富（副主任委員（於2025年12月31日獲委任為副主任委
    監事                                 員，前為委員））
                                      王安建（副主任委員（於2025年12月31日獲委任））
    林水清（於2025年12月31日辭任）               薄少川
    劉文洪（於2025年12月31日辭任）               林寿康（於2025年12月31日獲委任）
    曹三星（於2025年12月31日辭任）               李建
    丘樹金（於2025年12月31日辭任）               謝雄輝
    林燕（於2025年12月31日辭任）                吳健輝
                                      沈紹陽（於2025年12月31日獲委任）
                                      鄭友誠",ok,,,,agent_preflight
601899,紫金矿业H股市场公告,,2026-05-01 00:00:00,https://www.cninfo.com.cn/new/disclosure/detail?annoId=1225272773,1225272773,finalpage/2026-05-01/1225272773.PDF,https://static.cninfo.com.cn/finalpage/2026-05-01/1225272773.PDF,PDF,157,"FF301

股份發行人及根據《上市規則》第十九B章上市的香港預託證券發行人的證券變動月報表

截至月份:          2026年4月30日                                                             狀態: 新提交

致：香港交易及結算所有限公司

公司名稱:          紫金礦業集團股份有限公司

呈交日期:          2026年5月1日

I. 法定/註冊股本變動

1. 股份分類        普通股            股份類別         A                        於香港聯交所上市 (註1)       否

證券代號 (如上市)     601899         說明
                              法定/註冊股份數目                        面值                            法定/註冊股本

上月底結存                                20,588,693,140 RMB                     0.1 RMB                         2,058,869,314

增加 / 減少 (-)                                      0                             RMB

本月底結存                                20,588,693,140 RMB                     0.1 RMB                         2,058,869,314

2. 股份分類        普通股            股份類別         H                        於香港聯交所上市 (註1)       是

證券代號 (如上市)     02899          說明
                              法定/註冊股份數目                        面值                            法定/註冊股本

上月底結存                                 5,988,840,000 RMB                     0.1 RMB                          598,884,000

增加 / 減少 (-)                                      0                             RMB

本月底結存                                 5,988,840,000 RMB                     0.1 RMB                          598,884,000

                                                     本月底法定/註冊股本總額： RMB                      2,657,753,314

                                               第 1 頁 共 10 頁                                                      v 1.2.1
                                                                                                                FF301

II. 已發行股份及/或庫存股份變動及足夠公眾持股量的確認

1. 股份分類          普通股                  股份類別          A                       於香港聯交所上市 (註1)    否

證券代號 (如上市)       601899               說明
                             已發行股份（不包括庫存股份）數目                          庫存股份數目                    已發行股份總數

上月底結存                                        20,548,763,048                     53,030,092                 20,601,793,140

增加 / 減少 (-)                                     -24,444,500                     24,444,500

本月底結存                                        20,524,318,548                     77,474,592                 20,601,793,140

2. 股份分類          普通股                  股份類別          H                       於香港聯交所上市 (註1)    是

證券代號 (如上市)       02899                說明
                             已發行股份（不包括庫存股份）數目                          庫存股份數目                    已發行股份總數

上月底結存                                         5,988,921,482                             0                   5,988,921,482

增加 / 減少 (-)                                              0                              0

本月底結存                                         5,988,921,482                             0                   5,988,921,482

足夠公眾持股量的確認(註4)

根據《主板上市規則》第13.32D(1)條或第19A.28D(1)條 / 《GEM上市規則》第17.37D(1)條或第25.21D(1)條，我們在此確認，就上述所列股份類別而言，截至本月底:
 ✔     已符合適用的公眾持股量要求（見下方）
       未符合適用的公眾持股量要求（見下方）
根據《主板上市規則》第13.32B條或第19A.28B條 / 《GEM上市規則》第17.37B條或第25.21B條（視情況而定）所載的有關股份類別的最低公眾持股量要求為：
適用的公眾持股量門檻                      適用於擁有其他上市股份的中國發行人的百分比門檻 - 上市 H 股所屬類別之已發行股份總數（不包括庫存股份）的 5%

額外信息

                                                        第 2 頁 共 10 頁                                             v 1.2.1
                                                                                                                                          FF301

III.已發行股份及/或庫存股份變動詳情

 (A). 股份期權（根據發行人的股份期權計劃）

1. 股份分類                 普通股                   股份類別        A                          於香港聯交所上市 (註1)                    否

證券代號(如上市)               601899                說明
                                                                                                                                    本月底可於所有根據計劃
                      上月底結存的股份期權數                             本月底結存的股份期權數          本月內因此發行的新股數   本月内因此自庫存轉讓的    本月底因此可能發行或自         授出的股份期權予以行使
  ",ok,,,,agent_preflight
601899,紫金矿业集团股份有限公司第九届董事会临时会议决议公告,,2026-05-09 00:00:00,https://www.cninfo.com.cn/new/disclosure/detail?annoId=1225286410,1225286410,finalpage/2026-05-09/1225286410.PDF,https://static.cninfo.com.cn/finalpage/2026-05-09/1225286410.PDF,PDF,105,"证券代码：601899    股票简称：紫金矿业       编号：临 2026-030

              紫金矿业集团股份有限公司
           第九届董事会临时会议决议公告

  本公司董事会及全体董事保证本公告内容不存在任何虚假记载、误导性陈述

或者重大遗漏，并对其内容的真实性、准确性和完整性承担法律责任。

  紫金矿业集团股份有限公司（以下简称“公司”）第九届董事会 2026 年第 6 次

临时会议于 2026 年 5 月 8 日在公司上杭总部和厦门分部以现场和视频相结合的方

式召开。会议应出席董事 14 名，实际出席董事 14 名，本次会议有效表决票 14 票，

公司高管列席会议。本次会议的召集和召开程序符合《公司法》和《公司章程》的

有关规定，会议由邹来昌董事长主持，以投票表决方式审议通过了以下议案：

  一、审议通过《关于公司<2026 年员工持股计划（草案）>及其摘要的议案》

  为进一步促进公司建立、健全长效激励机制，充分调动员工的工作积极性，公

司根据相关法律法规拟定了《2026 年员工持股计划(草案)》及其摘要。

  本议案提交董事会审议前，已经董事会提名与薪酬委员会审议通过。

  表决结果：同意 7 票，反对 0 票，弃权 0 票。

  董事邹来昌、林泓富、谢雄辉、吴健辉、沈绍阳、郑友诚、吴红辉作为本次员

工持股计划的参与对象，属于关联人士，已就本议案回避表决。

  本议案尚需提交股东会审议，具体内容详见公司同日披露的公告。

  二、审议通过《关于公司<2026 年员工持股计划管理办法>的议案》

  为规范公司 2026 年员工持股计划的实施、确保本次员工持股计划的有效落实，

公司根据相关法律法规拟定了《2026 年员工持股计划管理办法》。

  本议案提交董事会审议前，已经董事会提名与薪酬委员会审议通过。

  表决结果：同意 7 票，反对 0 票，弃权 0 票。

                      1
  董事邹来昌、林泓富、谢雄辉、吴健辉、沈绍阳、郑友诚、吴红辉作为本次员

工持股计划的参与对象，属于关联人士，已就本议案回避表决。

  本议案尚需提交股东会审议，具体内容详见公司同日披露的公告。

  三、审议通过《关于提请股东会授权董事会办理公司 2026 年员工持股计划相

关事宜的议案》

  为保证公司 2026 年员工持股计划的具体实施，公司董事会拟提请股东会授权

董事会办理与本员工持股计划有关的事项，具体如下：

  （一）授权董事会实施本员工持股计划；

  （二）授权董事会办理本员工持股计划的设立、变更和终止；

  （三）授权董事会决定本员工持股计划草案规定的应由董事会决议的存续期

延长和提前终止事项；

  （四）授权董事会办理本员工持股计划所购买股票的考核和归属的全部事宜；

  （五）本员工持股计划经股东会审议通过后，若在存续期内相关法律、法规、

规范性文件或政策发生变化的，授权董事会按照新发布的法律、法规、规范性文件

或政策对本员工持股计划作出相应调整；

  （六）授权董事会提名管理委员会委员候选人；

  （七）授权董事会负责解释、修改本员工持股计划；

  （八）授权董事会办理本员工持股计划所需的其他必要事宜，但有关法律、法

规、规范性文件及《公司章程》明确规定需由股东会行使的权利除外。

  上述授权自公司股东会批准之日起生效，并在本员工持股计划存续期内持续

有效。

  本议案提交董事会审议前，已经董事会提名与薪酬委员会审议通过。

  表决结果：同意 7 票，反对 0 票，弃权 0 票。

  董事邹来昌、林泓富、谢雄辉、吴健辉、沈绍阳、郑友诚、吴红辉作为本次员

工持股计划的参与对象，属于关联人士，已就本议案回避表决。

  本议案尚需提交股东会审议。

                      2
  四、审议通过《关于对外捐赠的议案》

  表决结果：同意 14 票，反对 0 票，弃权 0 票。

  五、审议通过《关于修订<董事会秘书管理制度>的议案》

  为衔接中国证监会新发布的《上市公司董事会秘书监管规则》及新修订的《上

海证券交易所股票上市规则（2026 年 4 月修订）》，进一步规范公司董事会秘书履

职行为，促进和保障董事会秘书有效履职，结合公司实际经营情况及两地上市监管

要求，董事会同意对原《董事会秘书管理制度》进行修订。

  表决结果：同意 14 票，反对 0 票，弃权 0 票。

  制度全文详见公司同日披露的公告。

  特此公告。

                                紫金矿业集团股份有限公司

                                    董 事 会

                                 二〇二六年五月九日

                      3",ok,,,,agent_preflight
601899,紫金矿业集团股份有限公司九届二次职工（会员）代表大会决议公告,,2026-05-09 00:00:00,https://www.cninfo.com.cn/new/disclosure/detail?annoId=1225286409,1225286409,finalpage/2026-05-09/1225286409.PDF,https://static.cninfo.com.cn/finalpage/2026-05-09/1225286409.PDF,PDF,73,"证券代码：601899     股票简称：紫金矿业      编号：临 2026-029

              紫金矿业集团股份有限公司
       九届二次职工（会员）代表大会决议公告

  本公司董事会及全体董事保证本公告内容不存在任何虚假记载、误导性陈述

或者重大遗漏，并对其内容的真实性、准确性和完整性承担法律责任。

  紫金矿业集团股份有限公司（以下简称“公司”）于 2026 年 5 月 7 日以通讯

表决方式召开九届二次职工（会员）代表大会，会议召集及召开方式合法有效，经

全体与会职工代表民主讨论并通讯表决，就公司实施员工持股计划事宜作出如下

决议：

  同意《关于公司<2026 年员工持股计划(草案)>及其摘要的议案》。

  与会职工代表认为：公司 2026 年员工持股计划严格遵守依法合规、自愿参与、

风险自担的原则，且已通过职工（会员）代表大会充分征求员工意见、广泛凝聚共

识；公司实施员工持股计划，有利于健全员工与企业利益共享、风险共担机制，增

强团队凝聚力和归属感，进一步激发“艰苦创业、开拓创新”的紫金精神，有效吸

引、激励和保留核心管理人才和业务骨干，为公司实现稳健经营、可持续高质量发

展提供有力保障。

  特此公告。

                         紫金矿业集团股份有限公司

                           二〇二六年五月九日",ok,,,,agent_preflight
601899,紫金矿业集团股份有限公司2026年员工持股计划（草案）,,2026-05-09 00:00:00,https://www.cninfo.com.cn/new/disclosure/detail?annoId=1225286404,1225286404,finalpage/2026-05-09/1225286404.PDF,https://static.cninfo.com.cn/finalpage/2026-05-09/1225286404.PDF,PDF,253,,,,,,agent_preflight
601899,紫金矿业集团股份有限公司董事会提名与薪酬委员会关于公司2026年员工持股计划相关事项的核查意见,,2026-05-09 00:00:00,https://www.cninfo.com.cn/new/disclosure/detail?annoId=1225286353,1225286353,finalpage/2026-05-09/1225286353.PDF,https://static.cninfo.com.cn/finalpage/2026-05-09/1225286353.PDF,PDF,120,,,,,,agent_preflight
601899,紫金矿业集团股份有限公司董事会秘书管理制度,,2026-05-09 00:00:00,https://www.cninfo.com.cn/new/disclosure/detail?annoId=1225286352,1225286352,finalpage/2026-05-09/1225286352.PDF,https://static.cninfo.com.cn/finalpage/2026-05-09/1225286352.PDF,PDF,196,,,,,,agent_preflight
601899,紫金矿业集团股份有限公司2026年员工持股计划管理办法,,2026-05-09 00:00:00,https://www.cninfo.com.cn/new/disclosure/detail?annoId=1225286342,1225286342,finalpage/2026-05-09/1225286342.PDF,https://static.cninfo.com.cn/finalpage/2026-05-09/1225286342.PDF,PDF,146,,,,,,agent_preflight
601899,福建至理律师事务所关于紫金矿业集团股份有限公司2026年员工持股计划法律意见书,,2026-05-09 00:00:00,https://www.cninfo.com.cn/new/disclosure/detail?annoId=1225286337,1225286337,finalpage/2026-05-09/1225286337.PDF,https://static.cninfo.com.cn/finalpage/2026-05-09/1225286337.PDF,PDF,698,,,,,,agent_preflight
601899,紫金矿业集团股份有限公司2026年员工持股计划（草案）摘要,,2026-05-09 00:00:00,https://www.cninfo.com.cn/new/disclosure/detail?annoId=1225286335,1225286335,finalpage/2026-05-09/1225286335.PDF,https://static.cninfo.com.cn/finalpage/2026-05-09/1225286335.PDF,PDF,242,,,,,,agent_preflight
601899,紫金矿业集团股份有限公司关于召开2025年年度股东会的通知,,2026-05-16 00:00:00,https://www.cninfo.com.cn/new/disclosure/detail?annoId=1225309069,1225309069,finalpage/2026-05-16/1225309069.PDF,https://static.cninfo.com.cn/finalpage/2026-05-16/1225309069.PDF,PDF,203,,,,,,agent_preflight
601899,紫金矿业集团股份有限公司2025年年度股东会会议材料,,2026-05-27 00:00:00,https://www.cninfo.com.cn/new/disclosure/detail?annoId=1225331065,1225331065,finalpage/2026-05-27/1225331065.PDF,https://static.cninfo.com.cn/finalpage/2026-05-27/1225331065.PDF,PDF,2665,,,,,,agent_preflight
601899,紫金矿业H股市场公告,,2026-05-30 00:00:00,https://www.cninfo.com.cn/new/disclosure/detail?annoId=1225339211,1225339211,finalpage/2026-05-30/1225339211.PDF,https://static.cninfo.com.cn/finalpage/2026-05-30/1225339211.PDF,PDF,154,,,,,,agent_preflight
601899,紫金矿业集团股份有限公司关于调整2025年年度股东会现场会议召开地点的公告,,2026-06-03 00:00:00,https://www.cninfo.com.cn/new/disclosure/detail?annoId=1225347320,1225347320,finalpage/2026-06-03/1225347320.PDF,https://static.cninfo.com.cn/finalpage/2026-06-03/1225347320.PDF,PDF,82,,,,,,agent_preflight
601899,紫金矿业集团股份有限公司第九届董事会临时会议决议公告,,2026-06-06 00:00:00,https://www.cninfo.com.cn/new/disclosure/detail?annoId=1225355503,1225355503,finalpage/2026-06-06/1225355503.PDF,https://static.cninfo.com.cn/finalpage/2026-06-06/1225355503.PDF,PDF,92,,,,,,agent_preflight
601899,福建至理律师事务所关于紫金矿业集团股份有限公司2025年年度股东会的法律意见书,,2026-06-06 00:00:00,https://www.cninfo.com.cn/new/disclosure/detail?annoId=1225355500,1225355500,finalpage/2026-06-06/1225355500.PDF,https://static.cninfo.com.cn/finalpage/2026-06-06/1225355500.PDF,PDF,524,,,,,,agent_preflight
601899,紫金矿业集团股份有限公司2025年年度股东会决议公告,,2026-06-06 00:00:00,https://www.cninfo.com.cn/new/disclosure/detail?annoId=1225355497,1225355497,finalpage/2026-06-06/1225355497.PDF,https://static.cninfo.com.cn/finalpage/2026-06-06/1225355497.PDF,PDF,141,,,,,,agent_preflight
601899,紫金矿业集团股份有限公司债务融资工具信息披露事务管理制度,,2026-06-06 00:00:00,https://www.cninfo.com.cn/new/disclosure/detail?annoId=1225355495,1225355495,finalpage/2026-06-06/1225355495.PDF,https://static.cninfo.com.cn/finalpage/2026-06-06/1225355495.PDF,PDF,239,,,,,,agent_preflight
601899,紫金矿业集团股份有限公司内幕信息及知情人管理制度,,2026-06-06 00:00:00,https://www.cninfo.com.cn/new/disclosure/detail?annoId=1225355459,1225355459,finalpage/2026-06-06/1225355459.PDF,https://static.cninfo.com.cn/finalpage/2026-06-06/1225355459.PDF,PDF,322,,,,,,agent_preflight
601899,紫金矿业集团股份有限公司第九届董事会临时会议决议公告,,2026-06-09 00:00:00,https://www.cninfo.com.cn/new/disclosure/detail?annoId=1225357786,1225357786,finalpage/2026-06-09/1225357786.PDF,https://static.cninfo.com.cn/finalpage/2026-06-09/1225357786.PDF,PDF,87,,,,,,agent_preflight
601899,福建至理律师事务所关于紫金矿业集团股份有限公司差异化分红事项的法律意见书,,2026-06-22 00:00:00,https://www.cninfo.com.cn/new/disclosure/detail?annoId=1225379972,1225379972,finalpage/2026-06-22/1225379972.PDF,https://static.cninfo.com.cn/finalpage/2026-06-22/1225379972.PDF,PDF,499,,,,,,agent_preflight
601899,紫金矿业集团股份有限公司2025年年度权益分派实施公告,,2026-06-22 00:00:00,https://www.cninfo.com.cn/new/disclosure/detail?annoId=1225379946,1225379946,finalpage/2026-06-22/1225379946.PDF,https://static.cninfo.com.cn/finalpage/2026-06-22/1225379946.PDF,PDF,153,,,,,,agent_preflight
601899,紫金矿业H股市场公告,,2026-07-03 00:00:00,https://www.cninfo.com.cn/new/disclosure/detail?annoId=1225406911,1225406911,finalpage/2026-07-03/1225406911.PDF,https://static.cninfo.com.cn/finalpage/2026-07-03/1225406911.PDF,PDF,157,,,,,,agent_preflight
601899,紫金矿业集团股份有限公司2026年半年度业绩预增公告,,2026-07-10 00:00:00,https://www.cninfo.com.cn/new/disclosure/detail?annoId=1225417751,1225417751,finalpage/2026-07-10/1225417751.PDF,https://static.cninfo.com.cn/finalpage/2026-07-10/1225417751.PDF,PDF,107,,,,,,agent_preflight
