Symbol,title,type,date,url,announcement_id,adjunct_url,download_url,adjunct_type,adjunct_size_kb,text_excerpt,text_status,content,time,source,CacheSource
601899,紫金矿业集团股份有限公司关联交易管理办法,,2025-11-29 00:00:00,https://www.cninfo.com.cn/new/disclosure/detail?annoId=1224836789,1224836789,finalpage/2025-11-29/1224836789.PDF,https://static.cninfo.com.cn/finalpage/2025-11-29/1224836789.PDF,PDF,145,"紫金矿业集团股份有限公司
               关联交易管理办法

                  第一章 总则

  第一条 为进一步加强紫金矿业集团股份有限公司（以下简称“公司”）的关联交易

管理，明确管理职责和分工，维护公司股东和债权人的合法权益，特别是中小投资者的

合法权益，保证公司与关联方之间的关联交易符合公平、公开、公正的原则，根据《中

华人民共和国公司法》《中华人民共和国证券法》《上海证券交易所股票上市规则》（以

下简称“《上交所上市规则》”）、《上海证券交易所上市公司自律监管指引第1号——

规范运作》（以下简称“《上交所自律监管指引第1号》”）、《上海证券交易所上市公

                   （以下简称“《上交所自律监管指引第5号》”）、
司自律监管指引第5号——交易与关联交易》

《香港联合交易所有限公司证券上市规则》（以下简称“《联交所上市规则》”）和公

司章程等有关规定，制订本办法。

  第二条 公司将关联交易合同的订立、变更、终止及履行情况纳入企业管理，并严格

按照有关监管规定和本办法予以办理。

  第三条 公司董事会办公室负责根据相关规定，建立完善公司关联交易管理相关制

度，规范关联交易管理；负责组织将关联交易的议案提交董事会、股东会审议，并履行

信息披露义务。

              第二章 关联方和关联交易

  第四条 本办法的关联方是指根据《上交所上市规则》和《联交所上市规则》，以及

两地相关监管规则规定的关联人和/或关连人士。

  第五条 本办法的关联交易是指根据中国证券监督管理委员会、上海证券交易所（以

下简称“上交所”）、香港联合交易所有限公司（以下简称“联交所”）有关规定，公

司、控股子公司及控制的其他主体与公司关联方之间发生的转移资源或义务的事项、或

其他通过约定可能引致资源或者义务转移的事项。

            第三章 关联交易的原则及价格确定
  第六条 公司关联交易遵循的基本原则：

  （一）合法合规原则；

  （二）诚实信用原则；

  （三）公平、公开、公正原则；

  （四）决策程序严谨原则；

  （五）信息披露规范原则。

  第七条 公司关联交易价格是指公司与关联人之间发生的关联交易所涉及之商品或

劳务等的交易价格。公司进行关联交易应当签订书面协议，明确定价政策。关联交易执

行过程中，协议中交易价格等主要条款发生重大变化的，公司应当按变更后的交易金额

重新履行相应的审批程序。

  第八条 公司关联交易定价：

  公司关联交易定价应当公允，符合公司全体股东的整体利益，参照下列原则执行：

  （一）交易事项实行政府定价的，可以直接适用该价格；

  （二）交易事项实行政府指导价的，可以在政府指导价的范围内合理确定交易价格；

  （三）除实行政府定价或政府指导价外，交易事项有可比的独立第三方的市场价格

或收费标准的，可以优先参考该价格或标准确定交易价格；

  （四）关联事项无可比的独立第三方市场价格的，交易定价可以参考关联方与独立

于关联方的第三方发生非关联交易价格确定；

  （五）既无独立第三方的市场价格，也无独立的非关联交易价格可供参考的，可以

合理的构成价格作为定价的依据，构成价格为合理成本费用加合理利润。

          第四章 关联交易的审议、批准与披露

  第九条 公司或控股子公司及控制的其他主体在经营管理过程中，如拟与关联方进

行交易，相关部门和单位须提前将关联交易有关情况（包括但不限于交易背景、交易对

方优势、交易目的和必要性、对公司的影响、交易的数量、价格及定价原则、总金额、

付款安排等）以书面形式报告董事会办公室。

  第十条 公司董事会办公室收到材料后，应会同相关部门对拟进行的关联交易进行
初步审核，并根据《上交所上市规则》和《联交所上市规则》中规定的关联交易审批权

限，对交易金额进行测算后反馈有关意见。拟发起关联交易的相关部门或单位应结合董

事会办公室反馈意见，依据公司有关规章制度规定的审批权限，将关联交易事项提交公

司有权审批层级决策。

  第十一条 须披露的关联交易，拟发起关联交易的相关部门或单位应在董事会办公

室指导下拟订相关议案，提交董事会审议。

  公司与关联人发生的交易达到《上交所上市规则》和《联交所上市规则》规定应当

披露标准的，应当经独立董事专门会议审议，由全体独立董事过半数同意后提交董事会

审议，并及时披露。独立董事做出判断前，可根据有关规定，聘请律师、会计师、财务

顾问等中介机构提供相关的咨询或意见，作为其判断的依据。

  第十二条 关联交易超出董事会决策权限的，董事会应当将该关联交易提交公司股

东会审议，该关联交易经股东会批准后方可实施。公司为关联人提供担保的，除应当经

全体非关联董事的过半数审议通过外，还应当经出席董事会会议的非关联董事的三分之

二以上董事审议同意并作出决议，并提交股东会审议。

  有关信息披露程序按《上交所上市规则》和《联交所上市规则》规定履行。

  第十三条 公司与不同关联人就相同类别下标的或者公司与同一关联人在连续12个

月内达成的关联交易累计金额达到提交董事会审议标准或提交股东会审议标准，公司应

当按照本管理办法规定的程序作出决策。

  第十四条 公司应当从严掌握关联交易的批准权限，以两地上市规则中界定的披露

和批准权限更加严格者为准。

  第十五条 公司董事会办公室应按照《上交所上市规则》和《联交所上市规则》的有

关规定，及时编制关联交易的公告文稿，做好信息披露的有关工作。

             第五章 关联交易的回避与决策程序

  第十六条 公司关联人与公司签署涉及关联交易的协议，应当采取必要的回避措施：

  （一）任何个人只能代表一方签署协议；

  （二）关联人不得以任何方式干预公司的决定；
  （三）公司董事会审议关联交易事项时，关联董事应回避表决，不得对该项决议行

使表决权，也不得代理其他董事行使表决权，其表决权不计入表决权总数。该董事会会

议由过半数的无关联关系董事出席即可举行，董事会会议所作决议须经无关联关系董事

过半数通过。出席董事会的无关联董事人数不足三人的，公司应将该关联交易提交股东

会审议。前述“关联董事”按《上交所上市规则》和《联交所上市规则》所定义者分别

确定。

  （四）股东会审议有关关联交易事项时，关联股东应当回避表决，也不得代理其他

股东行使表决权，其所代表的有表决权的股份数不计入有效表决总数。股东会对有关关

联交易事项作出决议时，视普通决议和特别决议不同，分别由出席股东会的非关联股东

所持表决权的过半数或者三分之二以上通过。股东会决议应当充分披露非关联股东的表

决情况。

  第十七条 董事会审计与监督委员会应当积极履行公司关联交易控制和日常监督的

职责。董事会审计与监督委员会有权决定对重大关联交易进行审计，并就审计发现的问

题向董事会报告。

                第六章 附则

  第十八条 本办法未尽事宜或与有关法律、行政法规、部门规章、公司股票上市地证

券监管规则和《公司章程》不一致时，按照有关法律、行政法规、部门规章、公司股票

上市地证券监管规则和《公司章程》执行。

  第十九条 本办法经公司股东会审议通过之日起生效，修改时亦同。

  第二十条 本办法解释权属于公司董事会。

                          紫金矿业集团股份有限公司

                          二○二五年十一月二十八日",ok,,,,agent_preflight
601899,紫金矿业集团股份有限公司董事会议事规则,,2025-11-29 00:00:00,https://www.cninfo.com.cn/new/disclosure/detail?annoId=1224836788,1224836788,finalpage/2025-11-29/1224836788.PDF,https://static.cninfo.com.cn/finalpage/2025-11-29/1224836788.PDF,PDF,237,"紫金矿业集团股份有限公司
                  董事会议事规则

                    第一章 总则

  第一条 为进一步规范紫金矿业集团股份有限公司（以下简称“公司”）董事会的议

事方式和决策程序，促使董事和董事会有效地履行其职责，提高董事会规范运作和科学

决策水平，根据《中华人民共和国公司法》
                  《中华人民共和国证券法》等法律、行政法规、

部门规章、公司股票上市地证券监管规则和《公司章程》等有关规定，制定本规则。

  第二条 本规则自生效之日起，即成为规范公司董事会的内部机构设置、召集、召

开、议事及表决程序等事项的具有约束力的制度文件。

              第二章 董事会的组成与办事机构

  第三条 公司设董事会，董事会由 15 名董事组成，其中执行董事 7 名（含 1 名职工

董事）、非执行董事 1 名、独立董事 7 名。

  董事会设董事长 1 名，根据需要设副董事长 1-2 名，设首席独立董事 1 名。

  第四条 公司董事会设置战略与可持续发展(ESG)委员会、执行与投资委员会、审计

与监督委员会、提名与薪酬委员会四个专门委员会。董事会应另行制定规则，明确各专

门委员会职责权限和议事规则。

  第五条 董事会下设董事会办公室作为办事机构，负责处理董事会日常事务。董事

会秘书分管董事会办公室工作，董事会秘书可以指定公司有关人员协助其处理日常事务。

              第三章 董事会会议的召集与通知

  第六条 在本规则中，议案指正式列入董事会会议审议范围的待审议事项，提案人

已提交但尚未列入董事会会议审议范围的待审议事项称为提案，提出提案的人士或单位

称为提案人。提案内容应包括但不限于提案名称、内容、必要的论证分析等内容。

  第七条 下列主体有权向董事会提出提案：

  （一）任何一名董事；

  （二）董事会专门委员会；

                      1/8
  （三）总裁、常务副总裁、副总裁、财务总监及联席财务总监、董事会秘书、总工

程师等高级管理人员；

  （四）单独或合并持股百分之一以上的股东；

  上述第(二)、(三)项主体所提的提案应限于其职责所及范围内的事项且属于董事会

审议事项。

  第八条 董事会提案应当符合下列条件：

  （一）内容与法律、行政法规、部门规章和《公司章程》的规定不相抵触，并且属

于董事会的职责范围；

  （二）有明确议题和具体决议事项，内容充分完整、论证明确、形式规范，符合公

司《董事会会议提案管理规定》的相关要求；

  （三）必须符合公司和股东的利益。

  第九条 会议提案应经董事会秘书收集、整理汇总后交董事长审阅，由董事长决定

是否列入议程。

  第十条 董事会会议分为定期会议和临时会议。董事会每年应当至少召开四次定期

会议。代表十分之一以上表决权的股东、三分之一以上董事、二分之一以上独立董事、

董事长、总裁或者审计与监督委员会可以提议召开董事会临时会议。

  第十一条 按照前条规定提议召开董事会临时会议的，应当向董事会秘书提交经提

议人签字或盖章的书面提议。书面提议中应当载明下列事项：

  （一）提议人的姓名或者名称；

  （二）提议理由或者提议所基于的客观事由；

  （三）提议会议召开的时间或者时限、地点和方式；

  （四）明确和具体的提案；

  （五）提议人的联系方式和提议日期等。

  提案内容应当属于《公司章程》规定的董事会职权范围内的事项，与提案有关的材

料应当一并提交。

                     2/8
  董事会秘书在收到上述书面提议和有关材料后，应当于当日转交董事长。董事长认

为提案内容不明确、具体或者有关材料不充分的，可以要求提议人修改或者补充；不存

在上述情况的，董事长应当自接到提议后 10 日内召集和主持董事会会议。

  第十二条 董事会会议由董事长召集和主持；董事长不能履行职务或者不履行职务

的，由副董事长召集和主持（公司有两位或两位以上副董事长的，由半数以上董事共同

推举的副董事长召集和主持）；副董事长不能履行职务或者不履行职务的，由半数以上

董事共同推举一名董事召集和主持。

  第十三条 召开董事会定期会议和临时会议，董事会办公室应当分别提前 14 日和 5

日将书面的会议通知通过直接送达、传真、邮件或者其他方式，提交全体董事、总裁和

董事会秘书。非直接送达的，还应当通过电话进行确认并做相应记录。情况紧急，需要

尽快召开董事会临时会议的，可以随时通过电话或者其他口头方式发出会议通知，但召

集人应当在会议上作出说明。

  第十四条 董事会的会议通知应当至少包括以下内容：

  （一）会议的时间、地点、期限；

  （二）会议的召开方式；

  （三）拟审议的议题；

  （四）会议召集人和主持人、临时会议的提议人及其书面提议；

  （五）发出通知的日期。

  口头会议通知至少应包括上述第（一）、
                   （二）项内容，以及情况紧急需要尽快召开

董事会临时会议的说明。

  董事会议案可与会议通知同时发出，也可在会议通知发出后提供，但至迟应于会议

召开前 3 日发出；延迟发出的，提案人应在会上说明理由，并确保董事有充分时间审阅

及讨论。董事会议案发出后，原则上不得修改；确需补充或调整的，仅限非实质性内容，

并应及时发送更新版本。

  第十五条 董事会定期会议的书面会议通知发出后，如果需要变更会议的时间、地

点等事项或者增加、变更、取消会议议案的，应当在原定会议召开日之前 3 日发出书面

                    3/8
变更通知，说明情况和新议案的有关内容及相关材料。不足 3 日的，会议日期应当相应

顺延或者取得全体与会董事的书面认可后按原定日期召开。

  董事会临时会议的会议通知发出后，如果需要变更会议的时间、地点等事项或者增

加、变更、取消会议议案的，应当事先取得全体与会董事的认可并做好相应记录。

             第四章 董事会会议的召开与表决

  第十六条 董事会会议应当有过半数的董事出席方可举行。有关董事拒不出席或者

怠于出席会议导致无法满足会议召开的最低人数要求时，董事长和董事会秘书应当及时

向证券监管部门报告。

  未担任董事的高级管理人员应当列席董事会会议。会议召集人认为有必要的，可以

通知其他有关人员列席董事会会议。

  第十七条 董事原则上应当亲自出席董事会会议。董事因故不能出席会议的，应当

事先审阅会议材料，形成明确的意见，书面委托其他董事代为出席。

  委托书应当载明：

  （一）委托人和受托人的姓名、身份证号码；

  （二）委托人不能出席会议的原因；

  （三）委托事项、授权范围和有效期限；

  （四）委托人对每项议案的简要意见；

  （五）委托人的授权范围和对议案表决意向的指示；

  （六）委托人和受托人的签字、日期等。

  受托董事应当向会议主持人提交书面委托书，在会议签到簿上说明受托出席的情况。

  第十八条 委托和受托出席董事会会议应当遵循以下原则：

  （一）董事不得委托董事以外的其他人士出席董事会会议；

  （二）在审议关联交易事项时，非关联董事不得委托关联董事代为出席和表决，关

联董事也不得接受非关联董事的委托；

  （三）独立董事不得委托非独立董事代为出席和表决，非独立董事也不得接受独立

董事的委托；

                     4/8
     （四）董事不得在未说明其本人对议案的个人意见和表决意向的情况下全权委托其

他董事代为出席，有关董事也不得接受全权委托和授权不明确的委托。

     （五）一名董事不得接受超过两名董事的委托，董事也不得委托已经接受两名其他

董事委托的董事代为出席和表决。

     第十九条 董事会可邀请中介机构或行业、经营、法律、财务等方面的专家列席董事

会会议，并提供专业意见。列席会议人员如需在会上发言，应获得会议主持人同意并服

从会议主持人的安排。主持人认为会议审议事项涉及公司机密时，可要求列席会议人员

回避。

     第二十条 董事会会议以现场召开为原则。必要时，在保障全体参会董事能充分沟

通并表达意见的前提下，经召集人（主持人）、提议人同意，也可以通过视频、电话、传

真或者电子邮件表决等方式召开。董事会会议也可以采取现场与其他方式同时进行的方

式召开。

  非以现场方式召开的，以视频显示在场的董事、在电话会议中发表意见的董事、规

定期限内实际收到传真或者电子邮件等有效表决票，或者董事事后提交的曾参加会议的

书面确认函等计算出席会议的董事人数。

     第二十一条 会议主持人应当逐一提请出席董事会会议的董事对各项议案发表明确

的意见。

     对于根据规定需要事先经独立董事专门会议审议或董事会专门委员会审议的议案，

会议主持人应当在讨论有关议案前，指定一名独立董事或董事会专门委员会委员宣读意

见。

  除征得全体与会董事的一致同意外，董事会会议不得就未包括在会议通知中的议案

进行表决。董事接受其他董事委托代为出席董事会会议的，不得代表其他董事对未包括

在会议通知中的议案进行表决。

     第二十二条 董事应当认真阅读有关会议材料，在充分了解情况的基础上独立、审

慎地发表意见。

",ok,,,,agent_preflight
601899,紫金矿业集团股份有限公司董事和高级管理人员薪酬管理制度,,2025-11-29 00:00:00,https://www.cninfo.com.cn/new/disclosure/detail?annoId=1224836786,1224836786,finalpage/2025-11-29/1224836786.PDF,https://static.cninfo.com.cn/finalpage/2025-11-29/1224836786.PDF,PDF,161,"紫金矿业集团股份有限公司
            董事和高级管理人员薪酬管理制度

                 第一章 总则

  第一条 为规范紫金矿业集团股份有限公司（以下简称“公司”）董事、高级管理人

员（以下简称“高管”）的薪酬管理，建立科学有效的激励与约束机制，提高公司经营管

理水平，促进公司稳健经营和可持续发展，根据《中华人民共和国公司法》
                                《中华人民共

和国证券法》
     《上市公司治理准则》、公司股票上市地证券监管规则和《公司章程》等有

关规定，制定本制度。

  第二条 本制度适用于公司董事，包括执行董事（含职工董事）、非执行董事、独立

董事以及高管。

  第三条 公司薪酬管理应遵循以下原则：

  （一）薪酬与公司国际行业地位及中国矿业企业实际情况相匹配的原则；

  （二）薪酬与公司业绩和股东回报相结合的原则；

  （三）薪酬与个人职责、贡献和绩效相适应的原则；

  （四）薪酬与公司市值和市场表现相挂钩的原则；

  （五）薪酬与公司总体薪酬体系、公司其他重要管理和技术人才薪酬相适配的原则；

  （六）薪酬与公司可持续发展和 ESG 指标相联系的原则。

               第二章 薪酬方案及构成

  第四条 提名与薪酬委员会负责根据本制度要求，制订每一届董事、高管薪酬方案。

其中，董事薪酬方案经董事会审议后，报股东会批准生效；高管薪酬方案由董事会审议

通过后生效。

  提名与薪酬委员会制定薪酬方案应考虑的因素包括全球范围内与公司盈利规模、市

场价值、行业排名相当的矿业公司向其董事、高管支付的薪酬待遇水平等。

  第五条 公司执行董事、高管的薪酬由基本年薪和绩效薪酬组成：

  （一）基本年薪

                    1/3
  薪酬方案应载明执行董事、高管基本年薪区间，依据个人职务及责任差异在聘任合

同中具体确定。

  （二）绩效薪酬

  绩效薪酬考核应重点关注公司净资产报酬率和净利润等关键指标，其中，绩效薪酬

占总薪酬的比例原则上不低于 50%。绩效薪酬包含即期奖励和递延奖励，具体比例由薪

酬方案另行确定。

  第六条 公司非执行董事、独立董事实行固定津贴和出勤补贴制度：

  （一）固定津贴

  薪酬方案应载明非执行董事、独立董事固定津贴标准。

  （二）出勤补贴

  薪酬方案应载明非执行董事、独立董事出勤补贴标准。前述出勤，包括但不限于参

加股东会、董事会及其各专门委员会、独立董事专门会议，以及对公司总部部门或权属

企业进行现场调研等活动。

               第三章 薪酬的核定与发放

  第七条 执行董事、高管的基本年薪，以及非执行董事、独立董事的固定津贴和出勤

补贴按月发放。

  第八条 每年度结束后，提名与薪酬委员会应根据薪酬方案的规定，在综合考虑年

度业绩完成难易程度、ESG 绩效、安全环保、风险事件、市值表现、主营矿产品市场价

格波动、税费及通胀对成本影响等因素的基础上，拟订当年执行董事、高管绩效薪酬总

额；经股东会、董事会审议通过后，参考董事长、总裁相关意见，根据个人绩效考核结

果，核定各位董事、高管个人的具体绩效薪酬金额。绩效薪酬中的即期奖励在审议通过

后 1 个月内发放；递延奖励可用于认购公司股票期权、限制性股票及员工持股计划，或

折算为与公司市值表现挂钩的虚拟股份后再予递延兑现。

                 第四章 止付追索

                    2/3
  第九条 若公司出现财务造假、股东资金占用、违规担保等违法违规行为，针对负有

责任的执行董事、高管，公司应当根据情节轻重减少、停止支付未支付的绩效薪酬，并

对相关行为发生期间已经支付的绩效薪酬予以全额或部分追回。

  若公司财务报告出现错误需追溯重述，应当及时对执行董事、高管绩效薪酬予以重

新考核并相应追回超额发放部分。

  第十条 若董事、高管出现下列任一情形，董事会有权以决议形式决定减少、暂停或

者终止向其发放薪酬：

  （一）被证券交易所公开谴责或者认定为不适当人选的；

  （二）因重大违法违规行为被公司股票上市地证券监管机构予以行政处罚的；

  （三）决策失误导致公司遭受重大的经济或者声誉损失，个人负有主要责任的；

  （四）公司董事、高管薪酬方案中规定的其他情形；

  （五）违反公司有关规定，对公司造成重大负面影响的其他情形。

                  第五章 附则

  第十一条 本制度未尽事宜或与有关法律、行政法规、部门规章、公司股票上市地证

券监管规则和《公司章程》不一致时，按照有关法律、行政法规、部门规章、公司股票

上市地证券监管规则和《公司章程》执行。

  第十二条 本制度经公司股东会审议通过后生效，修改时亦同。

  第十三条 本制度由公司董事会负责解释。

                            紫金矿业集团股份有限公司

                            二○二五年十一月二十八日

                    3/3",ok,,,,agent_preflight
601899,紫金矿业集团股份有限公司关于支援香港大埔区宏福苑火灾灾后建设的公告,,2025-11-29 00:00:00,https://www.cninfo.com.cn/new/disclosure/detail?annoId=1224836784,1224836784,finalpage/2025-11-29/1224836784.PDF,https://static.cninfo.com.cn/finalpage/2025-11-29/1224836784.PDF,PDF,82,"证券代码：601899    股票简称：紫金矿业     编号：临 2025-095

              紫金矿业集团股份有限公司
     关于支援香港大埔区宏福苑火灾灾后建设的公告

  本公司董事会及全体董事保证本公告内容不存在任何虚假记载、误导性陈述

或者重大遗漏，并对其内容的真实性、准确性和完整性承担法律责任。

  11 月 26 日，香港大埔区宏福苑多栋大楼发生严重火灾，造成重大人员伤亡及

财产损失，牵动社会各界关注。紫金矿业集团股份有限公司（以下简称“公司”）

高度关注灾情，为积极履行社会责任，董事会同意由公司捐赠现金 2,000 万港币，

用于受灾群众的紧急救助、生活安置等灾后建设工作。

  公司心系香港同胞的安危，将持续关注灾情进展，愿与社会各界携手，为灾

后建设贡献力量，与社区共同守望、共渡难关。

  特此公告。

                           紫金矿业集团股份有限公司

                               董   事   会

                           二〇二五年十一月二十九日

                   1",ok,,,,agent_preflight
601899,紫金矿业集团股份有限公司章程,,2025-11-29 00:00:00,https://www.cninfo.com.cn/new/disclosure/detail?annoId=1224836781,1224836781,finalpage/2025-11-29/1224836781.PDF,https://static.cninfo.com.cn/finalpage/2025-11-29/1224836781.PDF,PDF,666,"紫金矿业集团股份有限公司

    章        程

  2025 年 11 月 28 日修订
                                                         目录
第一章        总 则 .............................................................................................................. 1

第二章        经营宗旨和范围 ............................................................................................ 2

第三章        股 份 .............................................................................................................. 3

第一节 股份发行 ..................................................................................................................... 3

第二节 股份增减和回购 ....................................................................................................... 4

第三节 股份转让 ..................................................................................................................... 5

第四章        股东和股东会 ................................................................................................ 7

第一节 股东的一般规定 ....................................................................................................... 7

第二节 控股股东和实际控制人 ....................................................................................... 10

第三节 股东会的一般规定................................................................................................. 11

第四节 股东会的召集 .......................................................................................................... 13

第五节 股东会的提案与通知 ............................................................................................ 14

第六节 股东会的召开 .......................................................................................................... 16

第七节 股东会的表决和决议 ............................................................................................ 20

第五章        类别股东表决的特别程序 .......................................................................... 24

第六章        公司党委 ...................................................................................................... 25

第七章        董事和董事会 .............................................................................................. 26

第一节 董事的一般规定 ..................................................................................................... 26

第二节 董事会 ....................................................................................................................... 30

第三节 独立董事 ................................................................................................................... 34

第四节 董事会专门委员会................................................................................................. 36

第八章        总裁及其他高级管理人员 .......................................................................... 39

第九章        财务会计制度、利润分配和审计 .............................................................. 41

第一节 财务会计制度 .......................................................................................................... 41
第二节 内部审计 ................................................................................................................... 45

第三节 会计师事务所的聘任 ............................................................................................ 46

第十章         通知和公告 .................................................................................................. 46

第一节 通知 ............................................................................................................................ 46

第二节 公告 ............................................................................................................................ 47

第十一章            合并、分立、增资、减资、解散和清算 .............................................. 48

第一节 合并、分立、增资和减资 ................................................................................... 48

第二节 解散和清算 .............................................................................................................. 49

第十二章            修改章程 ............................................................................................",ok,,,,agent_preflight
601899,紫金矿业集团股份有限公司独立董事工作制度,,2025-11-29 00:00:00,https://www.cninfo.com.cn/new/disclosure/detail?annoId=1224836780,1224836780,finalpage/2025-11-29/1224836780.PDF,https://static.cninfo.com.cn/finalpage/2025-11-29/1224836780.PDF,PDF,227,"紫金矿业集团股份有限公司
                独立董事工作制度

                  第一章 总则

  第一条 为充分发挥紫金矿业集团股份有限公司（以下简称“公司”）独立董事在公

司治理中的作用，促进公司独立董事尽责履职，根据《中华人民共和国公司法》
                                  （以下简

称“《公司法》”）、
         《中华人民共和国证券法》
                    （以下简称“《证券法》”）
                                、《上市公司独立董

事管理办法》、公司股票上市地证券监管规则和《公司章程》等有关规定，制定本制度。

  第二条 独立董事是指不在公司担任除董事外的其他职务，并与公司及其主要股东、

实际控制人不存在直接或者间接利害关系或者其他可能影响其进行独立客观判断关系

的董事。

  独立董事必须具有公司股票上市地证券监管机构及证券交易所要求的独立性。独立

董事应当独立履行职责，不受公司及公司主要股东、实际控制人或者与上述主体存在利

害关系的单位或个人的影响。

  第三条 独立董事对公司及全体股东负有忠实与勤勉义务。

  独立董事应当按照相关法律、行政法规、中国证监会规定、公司股票上市地证券监

管规则和《公司章程》等规定，认真履行职责，在董事会中发挥参与决策、监督制衡、

专业咨询作用，维护公司整体利益，保护中小股东的合法权益。

  第四条 公司聘任的独立董事原则上最多在 3 家境内上市公司担任独立董事，并应

当确保有足够的时间和精力有效地履行独立董事的职责。

  第五条 公司董事会由 15 名董事组成，其中独立董事 7 名，并至少包括 1 名会计专

业人士。

  前款所称会计专业人士是指具备丰富的会计专业知识和经验，并至少符合下列条件

之一：

  （一）具有注册会计师资格的人士；

  （二）具有会计、审计或者财务管理专业的高级职称、副教授及以上职称或者博士

                     1 / 12
学位；

  （三）具有经济管理方面高级职称，且在会计、审计或者财务管理等专业岗位有 5

年以上全职工作经验。

  第六条 公司设首席独立董事 1 名，在独立董事中协商产生。首席独立董事负责协

调独立董事开展有关的会议和调研活动，审阅有关材料，并在必要时代表独立董事与公

司非独立董事、高级管理人员沟通、协调。

  第七条 独立董事作为与其他董事拥有同等地位的董事会成员，应定期出席董事会

及所任职的董事会下设专门委员会的会议并积极参与会务，以其技能、专业知识及不同

的背景及资格，通过提供独立、富建设性及有根据的意见为公司制定战略及政策作出贡

献；同时独立董事应出席股东会，对公司股东的意见有全面、公正的了解。

  第八条 独立董事有权参与董事会下设的审计与监督委员会、提名与薪酬委员会、

战略与可持续发展（ESG）委员会。其中，审计与监督委员会成员应当为不在公司担任高

级管理人员的董事，且独立董事应当过半数，并由独立董事中会计专业人士担任召集人；

提名与薪酬委员会中独立董事应当过半数并担任召集人。

             第二章 独立董事的任职条件

  第九条 担任公司独立董事的人士应当具备与其行使职权相适应的任职条件：

  （一）根据法律、行政法规及其他有关规定，具备担任上市公司董事的资格；

  （二）符合《上市公司独立董事管理办法》规定的独立性要求；

  （三）具备上市公司运作的基本知识，熟悉相关法律法规和规则；

  （四）具有五年以上履行独立董事职责所必需的法律、会计、或者经济等工作经验；

  （五）具有良好的个人品德，不存在重大失信等不良记录；

  （六）法律、行政法规、中国证监会规定、公司股票上市地证券监管规则和公司章

程规定的其他条件。

  第十条 独立董事候选人应当具有良好的个人品德，不得存在法律、行政法规和公

司股票上市地证券监管规则规定的不得被提名为上市公司董事的情形，并且不得存在下

列不良纪录：

                   2 / 12
  （一）最近 36 个月内因证券期货违法犯罪，受到中国证监会行政处罚或者司法机

关刑事处罚的；

  （二）因涉嫌证券期货违法犯罪，被中国证监会立案调查或者被司法机关立案侦查，

尚未有明确结论意见的；

  （三）最近 36 个月内受到证券交易所公开谴责或 3 次以上通报批评；

  （四）存在重大失信等不良记录；

  （五）在过往任职独立董事期间，因连续两次未能亲自出席董事会会议也不委托其

他独立董事代为出席董事会会议，被董事会提议召开股东会予以解除职务，未满 12 个

月的；

  （六）公司股票上市地证券监管机构及证券交易所认定的其他情形。

  第十一条 独立董事必须保持独立性。下列人员不得担任公司的独立董事：

  （一）在公司或者附属企业任职的人员及其配偶、父母、子女、主要社会关系；

  （二）直接或间接持有公司已发行股份 1%以上或者是公司前 10 名股东中的自然人

股东及其配偶、父母、子女；

  （三）在直接或间接持有公司已发行股份 5%以上的股东单位或者在公司前 5 名股

东单位任职的人员及其配偶、父母、子女；

  （四）在公司控股股东、实际控制人的附属企业任职的人员及其配偶、父母、子女；

  （五）与公司及其控股股东、实际控制人或者其各自的附属企业有重大业务往来的

人员，或者在有重大业务往来的单位及其控股股东、实际控制人任职的人员；

  （六）为公司及其控股股东、实际控制人或者其各自附属企业提供财务、法律、咨

询、保荐等服务的人员，包括但不限于提供服务的中介机构的项目组全体人员、各级复

核人员、在报告上签字的人员、合伙人、董事、高级管理人员及主要负责人；

  （七）最近 12 个月内曾经具有前六项所列举情形的人员；

  （八）法律、行政法规、中国证监会规定、证券交易所业务规则和公司章程规定的

不具备独立性的其他人员。

  前款所称“主要社会关系”是指兄弟姐妹、兄弟姐妹的配偶、配偶的父母、配偶的

                    3 / 12
兄弟姐妹、子女的配偶、子女配偶的父母等；所称“重大业务往来”是指根据公司股票

上市地证券交易所业务规则或者《公司章程》规定需提交股东会审议的事项，或者公司

股票上市地证券交易所认定的其他重大事项。

  公司控股股东、实际控制人的附属企业，不包括与公司受同一国有资产管理机构控

制且按照相关规定未与公司构成关联关系的企业。

  独立董事应当每年对独立性情况进行自查，并将自查情况提交董事会。董事会应当

每年对在任独立董事独立性情况进行评估并出具专项意见，与年度报告同时披露。

           第三章 独立董事的提名、选举和更换

  第十二条 公司董事会、单独或者合并持有公司已发行股份 1%以上的股东可以提名

独立董事候选人，并经股东会选举决定。

  依法设立的投资者保护机构可以公开请求股东委托其代为行使提名独立董事的权

利。

  第一款规定的提名人不得提名与其存在利害关系的人员或者有其他可能影响独立

履职情形的关系密切人员作为独立董事候选人。

  第十三条 独立董事的提名人在提名前应当征得被提名人的同意。

  第十四条 提名人应当充分了解被提名人职业、学历、职称、详细的工作经历、全部

兼职、有无重大失信等不良记录等情况，并对其符合独立性和担任独立董事的其他条件

发表意见。被提名人应当就其符合独立性和担任独立董事的其他条件作出公开声明。

  公司董事会提名与薪酬委员会应当对被提名人任职资格进行审查，并形成明确的审

查意见。

  在选举独立董事的股东会召开前，公司董事会应当按照规定披露上述内容。

  公司应将被提名人的有关材料报送公司股票上市地证券交易所，相关报送材料应当

真实、准确、完整。公司董事会对被提名人的有关情况有异议的，应同时报送董事会书

面意见。

  对公司股票上市地证券交易所持有异议的被提名人，不得提交股东会选举。在召开

股东会选举独立董事时，公司董事会应当对独立董事候选人是否被公司股票上市地证券

                     4 / 12
交易所提出异议的情况进行说明。

     公司股东会选举两名以上独立董事的，应当实行累积投票制。中小股东表决情况应

当单独计票并披露。

     第十五条 独立董事每届任期与公司其他董事任期相同，任期届满，连选可以连任，

但是连任时间不得超过 6 年。在公司连续任职独立董事已满 6 年的，自该事实发生之日

起 36 个月内不得被提名为公司独立董事候选人。

     第十六条 独立董事连续 2 次未亲自出席董事会会议的，也不委托其他独立董事代

为出席的，董事会应当在该事实发生之日起 30 日内提议召开股东会解除该独立董事职

务。

  除出现上述情况及《公司法》中规定的不得担任董事的情形外，独立董事任期届满

前不得无故被解除职务。提前解除职务的，公司应当及时披露具体理由和依据。独立董

事有异议的，公司应当及时予以披露。

     第十七条 独立董事在任期届满前可以提出辞职。独立董事辞职应向董事会提交书

面辞职报告，对任何与其辞职有关或其认为有必要引起公司股东和债权人注意的情况进

行说明。公司应当对独立董事辞职的原因",ok,,,,agent_preflight
601899,紫金矿业集团股份有限公司第八届董事会临时会议决议公告,,2025-11-29 00:00:00,https://www.cninfo.com.cn/new/disclosure/detail?annoId=1224836779,1224836779,finalpage/2025-11-29/1224836779.PDF,https://static.cninfo.com.cn/finalpage/2025-11-29/1224836779.PDF,PDF,178,"证券代码：601899    股票简称：紫金矿业        编号：临 2025-093

              紫金矿业集团股份有限公司
           第八届董事会临时会议决议公告

  本公司董事会及全体董事保证本公告内容不存在任何虚假记载、误导性陈述

或者重大遗漏，并对其内容的真实性、准确性和完整性承担法律责任。

  紫金矿业集团股份有限公司（以下简称“公司”）第八届董事会 2025 年第 18

次临时会议于 2025 年 11 月 28 日在公司上杭总部和厦门分部以现场和视频相结合

的方式召开。会议应出席董事 12 名，实际出席董事 12 名，本次会议有效表决票

12 票，公司监事及高管列席会议。本次会议的召集和召开程序符合《公司法》和

《公司章程》的有关规定，会议由陈景河董事长主持，以投票表决方式审议通过

了以下议案：

  一、审议通过《关于对外捐赠的议案》

  有关情况详见公司同日披露的公告。

  表决结果：同意 12 票，反对 0 票，弃权 0 票。

  二、审议通过《关于修订<公司章程>的议案》

  为落实新《公司法》及 2025 年以来中国证监会《上市公司章程指引》《关于

新<公司法>配套制度规则实施相关过渡期安排》等系列监管新规，公司拟取消监

事会设置，并结合公司实际情况对《公司章程》进行修订，主要修订内容和修订

后全文详见公司同日披露的公告。

  本议案尚需提交公司股东会审议。本议案不涉及类别股东权利的变更或者废

除，无需另行经过类别股东会审议。

  表决结果：同意 12 票，反对 0 票，弃权 0 票。

  三、审议通过《关于修订<股东会议事规则>的议案》

                      1
  为落实新《公司法》及 2025 年以来中国证监会《上市公司股东会规则》等系

列监管新规，并与本次《公司章程》修订相衔接，董事会同意对《股东会议事规

则》进行同步修订，重点就股东会的召集机制、提案主体、表决程序等事项予以

细化，以保障股东会规范、高效运作。修订后全文详见公司同日披露的公告。

  本议案尚需提交公司股东会审议。

  表决结果：同意 12 票，反对 0 票，弃权 0 票。

  四、审议通过《关于修订<董事会议事规则>的议案》

  为落实新《公司法》及 2025 年以来中国证监会《上市公司治理准则》等系列

监管新规，并与本次《公司章程》修订相衔接，董事会同意对《董事会议事规则》

进行同步修订，重点就董事会组成、临时会议召开、提案主体、提案规范、会议

通知、列席人员等事项予以修改，以保障董事会规范、高效运作。修订后全文详

见公司同日披露的公告。

  本议案尚需提交公司股东会审议。

  表决结果：同意 12 票，反对 0 票，弃权 0 票。

  五、审议通过《关于修订<独立董事工作制度>的议案》

  为落实新《公司法》及 2025 年以来证监会《上市公司治理准则》等系列监管

新规，并与本次《公司章程》修订相衔接，董事会同意对《独立董事工作制度》

作适应性修订，仅就监事会取消、专门委员会名称变化及部分文字表述作相应调

整。公司已于 2023 年依据《上市公司独立董事管理办法》完成制度升级，本次修

订不涉及对原有条款的实质性调整。修订后全文详见公司同日披露的公告。

  本议案尚需提交公司股东会审议。

  表决结果：同意 12 票，反对 0 票，弃权 0 票。

  六、审议通过《关于修订<关联交易管理办法>的议案》

  为落实新《公司法》及 2025 年以来证监会《上市公司治理准则》等系列监管

新规，并与本次《公司章程》修订相衔接，董事会同意对《关联交易管理办法》

作适应性修订，仅就监事会取消、关联交易应遵循的基本原则、应当披露的关联

                      2
交易需经独立董事专门会议审议等作相应调整。本次修订不涉及对原有条款的实

质性调整。修订后全文详见公司同日披露的公告。

  本议案尚需提交公司股东会审议。

  表决结果：同意 12 票，反对 0 票，弃权 0 票。

  七、审议通过《关于制订<董事和高级管理人员薪酬管理制度>的议案》

  为落实新《公司法》及 2025 年以来证监会《上市公司治理准则》等监管新规，

并与本次《公司章程》修订相衔接，董事会同意根据监管要求新增《董事和高级

管理人员薪酬管理制度》，明确董事和高级管理人员的薪酬构成、确定依据、绩效

考核、止付追索等事项。修订后全文详见公司同日披露的公告。

  本议案提交董事会审议前，已经董事会提名与薪酬委员会审议通过。

  本议案尚需提交公司股东会审议。

  表决结果：同意 12 票，反对 0 票，弃权 0 票。

  八、审议通过《关于第九届董事薪酬和考核方案的议案》

  根据薪酬与公司国际行业地位及中国矿业企业实际情况相匹配，与业绩和股

东回报相结合，与个人职责、贡献和绩效相适应，与公司市值和市场表现相挂钩，

与公司总体薪酬体系、公司其他重要管理和技术人才薪酬相适配的原则，与可持

续发展和 ESG 指标相联系，会议审议通过提名与薪酬委员会拟定的第九届董事薪

酬和考核方案，并同意将该议案提交股东会审议。

  （一）关于第九届执行董事薪酬和考核方案的议案

  表决结果：同意 8 票，反对 0 票，弃权 0 票。董事邹来昌、林泓富、谢雄辉、

吴健辉属于关联董事或存在潜在关联关系，已就本议案回避表决。

  （二）关于第九届非执行董事、独立董事津贴标准的议案

  表决结果：同意 9 票，反对 0 票，弃权 0 票。董事李建、薄少川、吴小敏属

于关联董事，已就本议案回避表决。

  本议案提交董事会审议前，已经董事会提名与薪酬委员会审议通过。

  本议案尚需提交公司股东会审议。

                      3
  九、审议通过《关于提名公司第九届董事会非独立董事候选人的议案》

  鉴于公司第八届董事会任期即将届满，根据相关法律法规及《公司章程》规

定，经董事会提名与薪酬委员会广泛征求意见，推荐邹来昌、林泓富、吴健辉、

沈绍阳、郑友诚、吴红辉、李建为公司第九届董事会非独立董事候选人；其中：

邹来昌、林泓富、吴健辉、沈绍阳、郑友诚、吴红辉为执行董事候选人，李建为

非执行董事候选人。

  上述非独立董事候选人简历详见附件一。

  本议案提交董事会审议前，已经董事会提名与薪酬委员会审议通过。

  本议案尚需提交公司股东会审议。

  依据新《公司法》及修订后《公司章程》，第九届董事会将增设 1 名职工董事，

该职工董事将作为执行董事，与股东会选举产生的其他董事共同组成董事会。公

司现任执行董事、副总裁谢雄辉先生已被提名为职工董事候选人，将提交职工代

表大会民主选举，选举结果另行公告。

  表决结果：同意 12 票，反对 0 票，弃权 0 票。

  十、审议通过《关于提名公司第九届董事会独立董事候选人的议案》

  鉴于公司第八届董事会任期即将届满，根据相关法律法规及《公司章程》规

定，经董事会提名与薪酬委员会广泛征求意见，推荐吴小敏、薄少川、张永涛、

林寿康、曲晓辉、洪波、王安建为公司第九届董事会独立董事候选人。

  上述独立董事候选人简历详见附件二。独立董事提名人和候选人声明详见公

司同日披露的公告。独立董事候选人的任职资格尚需报上海证券交易所审核。

  本议案提交董事会审议前，已经董事会提名与薪酬委员会审议通过。

  本议案尚需提交公司股东会审议。

  表决结果：同意 12 票，反对 0 票，弃权 0 票。

  十一、审议通过《关于拟聘任陈景河先生为公司终身荣誉董事长的议案》

  自 1993 年公司成立以来，在陈景河先生的带领下，公司经过 32 年艰苦创业，

现已成长为综合指标进入全球金属矿业企业前 3 位、市值突破 1,000 亿美元的跨

                      4
国矿业集团，形成了具有全球竞争力的技术和管理体系、企业文化和核心管理团

队，为公司可持续稳定发展奠定了坚实的基础。

  因年龄和家庭原因，陈景河先生提出不再接受公司第九届董事会董事候选人

提名。尽管控股股东及董事会极力挽留，陈景河先生认为，一个基业长青的企业

应从“创始人驱动”迈向“制度驱动”，目前公司新的核心管理团队已经成熟，是

实现新老交替的最好时机。

  为表彰陈景河先生建立的卓越功勋，传承其倡导的有紫金特色的创新理念和

企业文化，公司拟聘任陈景河先生为终身荣誉董事长、高级顾问，并将此安排写

入《公司章程》。陈景河先生将继续在重大战略决策、资源对接等方面为公司提供

指导与支持，助力公司长期发展。

  本议案提交董事会审议前，已经董事会提名与薪酬委员会审议通过。

  本议案尚需提交公司股东会审议。

  表决结果：同意 11 票，反对 0 票，弃权 0 票。董事陈景河属于关联董事，已

就本议案回避表决。

  十二、审议通过《关于召开 2025 年第二次临时股东会的议案》

  董事会同意，授权董事长及其授权人士办理召集和召开 2025 年第二次临时股

东会相关事宜，包括但不限于确定股东会具体时间、股权登记日、发出股东会通

知等。有关会议时间、会议通知及会议材料公司将另行公告。

  表决结果：同意 12 票，反对 0 票，弃权 0 票。

  特此公告。

                        ",ok,,,,agent_preflight
601899,紫金矿业集团股份有限公司独立董事提名人和候选人声明公告,,2025-11-29 00:00:00,https://www.cninfo.com.cn/new/disclosure/detail?annoId=1224836778,1224836778,finalpage/2025-11-29/1224836778.PDF,https://static.cninfo.com.cn/finalpage/2025-11-29/1224836778.PDF,PDF,201,"紫金矿业集团股份有限公司
      独立董事提名人和候选人声明公告

           独立董事提名人声明

  提名人紫金矿业集团股份有限公司董事会，经充分了解被提名人
职业、学历、职称、详细的工作经历、全部兼职、有无重大失信等不
良记录等情况，现提名吴小敏、薄少川、张永涛、林寿康、曲晓辉、
洪波、王安建为紫金矿业集团股份有限公司第九届董事会独立董事候
选人。被提名人均已同意出任紫金矿业集团股份有限公司第九届董事
会独立董事候选人（参见该独立董事候选人声明）
                     。
  提名人认为，被提名人具备独立董事任职资格，与紫金矿业集团
股份有限公司之间不存在任何影响其独立性的关系，具体声明如下：
  一、被提名人具备上市公司运作的基本知识，熟悉相关法律、行
政法规、规章及其他规范性文件，具有 5 年以上法律、经济、会计、
财务、管理或者其他履行独立董事职责所必需的工作经验。
  被提名人吴小敏、薄少川、张永涛、林寿康、曲晓辉、洪波、王
安建已经参加培训并取得证券交易所认可的相关培训证明材料。
  二、被提名人任职资格符合下列法律、行政法规和部门规章以及
公司规章的要求：
  （一）
    《中华人民共和国公司法》关于董事任职资格的规定；
  （二）
    《中华人民共和国公务员法》关于公务员兼任职务的规定（如
适用）
  ；
  （三）中国证监会《上市公司独立董事管理办法》、上海证券交易
所自律监管规则以及公司章程有关独立董事任职资格和条件的相关规
定；
  （四）中共中央纪委、中共中央组织部《关于规范中管干部辞去
公职或者退（离）休后担任上市公司、基金管理公司独立董事、独立
监事的通知》的规定（如适用）
             ；
  （五）中共中央组织部《关于进一步规范党政领导干部在企业兼
职（任职）问题的意见》的相关规定（如适用）
                    ；
  （六）中共中央纪委、教育部、监察部《关于加强高等学校反腐
倡廉建设的意见》的相关规定（如适用）
                 ；
  （七）中国人民银行《股份制商业银行独立董事和外部监事制度
指引》等的相关规定（如适用）
             ；
  （八）中国证监会《证券基金经营机构董事、监事、高级管理人
员及从业人员监督管理办法》等的相关规定（如适用）
                       ；
  （九）
    《银行业金融机构董事（理事）和高级管理人员任职资格管
理办法》
   《保险公司董事、监事和高级管理人员任职资格管理规定》
                            《保
险机构独立董事管理办法》等的相关规定（如适用）
                      ；
  （十）其他法律法规、部门规章、规范性文件和上海证券交易所
规定的情形。
  三、被提名人具备独立性，不属于下列情形：
  （一）在上市公司或者其附属企业任职的人员及其配偶、父母、
子女、主要社会关系（主要社会关系是指兄弟姐妹、兄弟姐妹的配偶、
配偶的父母、配偶的兄弟姐妹、子女的配偶、子女配偶的父母等）
                            ；
  （二）直接或间接持有上市公司已发行股份 1%以上或者是上市公
司前 10 名股东中的自然人股东及其配偶、父母、子女；
  （三）在直接或间接持有上市公司已发行股份 5%以上的股东或者
在上市公司前 5 名股东任职的人员及其配偶、父母、子女；
  （四）在上市公司控股股东、实际控制人的附属企业任职的人员
及其配偶、父母、子女；
  （五）与上市公司及其控股股东、实际控制人或者其各自的附属
企业有重大业务往来的人员，或者在有重大业务往来的单位及其控股
股东、实际控制人任职的人员；
  （六）为上市公司及其控股股东、实际控制人或者其各自附属企
业提供财务、法律、咨询、保荐等服务的人员，包括但不限于提供服
务的中介机构的项目组全体人员、各级复核人员、在报告上签字的人
员、合伙人、董事、高级管理人员及主要负责人；
  （七）最近 12 个月内曾经具有前六项所列举情形的人员；
  （八）其他上海证券交易所认定不具备独立性的情形。
  四、独立董事候选人无下列不良记录：
  （一）最近 36 个月内受到中国证监会行政处罚或者司法机关刑事
处罚的；
  （二）因涉嫌证券期货违法犯罪，被中国证监会立案调查或者被
司法机关立案侦查，尚未有明确结论意见的；
  （三）最近 36 个月内受到证券交易所公开谴责或 3 次以上通报批
评的；
  （四）存在重大失信等不良记录；
  （五）本所认定的其他情形。
  五、被提名人不是过往任职独立董事期间因连续两次未能亲自出
席也不委托其他董事出席董事会会议被董事会提议召开股东会予以解
除职务的人员。
  六、包括紫金矿业集团股份有限公司在内，被提名人兼任独立董
事的境内上市公司数量未超过 3 家，被提名人在紫金矿业集团股份有
限公司连续任职未超过六年。
  七、被提名人曲晓辉具备丰富的会计专业知识和经验，具备会计
学教授职称及博士学位且在会计专业岗位有 5 年以上全职工作经验。
  八、被提名人不存在影响独立董事诚信或者其他影响任职资格的
情况。
  被提名人已经通过紫金矿业集团股份有限公司第八届董事会提名
与薪酬委员会资格审查，提名人与被提名人不存在利害关系或者可能
妨碍独立履职的其他关系。
  提名人已经根据《上海证券交易所上市公司自律监管指引第 1 号
——规范运作》对独立董事候选人任职资格进行核实并确认符合要求。
  提名人保证上述声明真实、完整和准确，不存在任何虚假陈述或
误导成分，提名人完全明白做出虚假声明可能导致的后果。

  特此声明。

           提名人：紫金矿业集团股份有限公司董事会
                     2025 年 11 月 28 日
           独立董事候选人声明

  本人吴小敏、薄少川、张永涛、林寿康、洪波、王安建，已充分
了解并同意由提名人紫金矿业集团股份有限公司提名为紫金矿业集团
股份有限公司第九届董事会独立董事候选人。本人公开声明，本人具
备独立董事任职资格，保证不存在任何影响本人担任紫金矿业集团股
份有限公司独立董事独立性的关系，具体声明并承诺如下：
  一、本人具备上市公司运作的基本知识，熟悉相关法律、行政法
规、部门规章及其他规范性文件，具有 5 年以上法律、经济、会计、
财务、管理或者其他履行独立董事职责所必需的工作经验。
  本人已经参加培训并取得证券交易所认可的相关培训证明材料。
  二、本人任职资格符合下列法律、行政法规和部门规章以及公司
规章的要求：
  （一）
    《中华人民共和国公司法》关于董事任职资格的规定；
  （二）
    《中华人民共和国公务员法》关于公务员兼任职务的规定（如
适用）
  ；
  （三）中国证监会《上市公司独立董事管理办法》、上海证券交易
所自律监管规则以及公司章程有关独立董事任职资格和条件的相关规
定；
  （四）中共中央纪委、中共中央组织部《关于规范中管干部辞去
公职或者退（离）休后担任上市公司、基金管理公司独立董事、独立
监事的通知》的规定（如适用）
             ；
  （五）中共中央组织部《关于进一步规范党政领导干部在企业兼
职（任职）问题的意见》的相关规定（如适用）
                    ；
  （六）中共中央纪委、教育部、监察部《关于加强高等学校反腐
倡廉建设的意见》的相关规定（如适用）
                 ；
  （七）中国人民银行《股份制商业银行独立董事和外部监事制度
指引》等的相关规定（如适用）
             ；
  （八）中国证监会《证券基金经营机构董事、监事、高级管理人
员及从业人员监督管理办法》等的相关规定（如适用）
                       ；
  （九）
    《银行业金融机构董事（理事）和高级管理人员任职资格管
理办法》
   《保险公司董事、监事和高级管理人员任职资格管理规定》
                            《保
险机构独立董事管理办法》等的相关规定（如适用）
                      ；
  （十）其他法律法规、部门规章、规范性文件和上海证券交易所
规定的情形。
  三、本人具备独立性，不属于下列情形：
  （一）在上市公司或者其附属企业任职的人员及其配偶、父母、
子女、主要社会关系（主要社会关系是指兄弟姐妹、兄弟姐妹的配偶、
配偶的父母、配偶的兄弟姐妹、子女的配偶、子女配偶的父母等）
                            ；
  （二）直接或者间接持有上市公司已发行股份 1%以上或者是上市
公司前十名股东中的自然人股东及其配偶、父母、子女；
  （三）在直接或者间接持有上市公司已发行股份 5%以上的股东或
者在上市公司前五名股东任职的人员及其配偶、父母、子女；
  （四）在上市公司控股股东、实际控制人的附属企业任职的人员
及其配偶、父母、子女；
  （五）与上市公司及其控股股东、实际控制人或者其各自的附属
企业有重大业务往来的人员，或者在有重大业务往来的单位及其控股
股东、实际控制人任职的人员；
  （六）为上市公司及其控股股东、实际控制人或者其各自附属企
业提供财务、法律、咨询、保荐等服务的人员，包括但不限于提供服
务的中介",ok,,,,agent_preflight
601899,紫金矿业集团股份有限公司股东会议事规则,,2025-11-29 00:00:00,https://www.cninfo.com.cn/new/disclosure/detail?annoId=1224836777,1224836777,finalpage/2025-11-29/1224836777.PDF,https://static.cninfo.com.cn/finalpage/2025-11-29/1224836777.PDF,PDF,258,"紫金矿业集团股份有限公司
                  股东会议事规则

                   第一章 总则

  第一条 为规范紫金矿业集团股份有限公司（以下简称“公司”）行为，保证股东会

依法行使职权，根据《中华人民共和国公司法》
                    （以下简称“《公司法》”）、
                                 《中华人民共

和国证券法》
     （以下简称“《证券法》”）等法律、行政法规、部门规章、公司股票上市地

证券监管规则和《公司章程》等有关规定，制定本规则。

  第二条 公司股东会的召集、提案、通知、召开等事项适用本规则。

  第三条 公司应当严格按照法律、行政法规、部门规章、公司股票上市地证券监管规

则、《公司章程》及本规则的相关规定召开股东会，保证股东能够依法行使权利。

  公司董事会应当切实履行职责，认真、按时组织股东会。公司全体董事应当勤勉尽

责，确保股东会正常召开和依法行使职权。

  第四条 股东会应当在《公司法》和《公司章程》规定的范围内行使职权。

  第五条 股东会分为年度股东会和临时股东会。年度股东会每年召开一次，应当于

上一会计年度结束后的 6 个月内举行。临时股东会不定期召开，出现《公司法》第一百

一十三条或《公司章程》规定的应当召开临时股东会的情形时，临时股东会应当在 2 个

月内召开。

  公司在上述期限内不能召开股东会的，应当报告公司所在地中国证券监督管理委员

会（以下简称“中国证监会”）福建监管局和公司股票上市地证券交易所（以下简称“证

券交易所”），说明原因并公告。

  第六条 公司召开股东会，应当聘请律师对以下问题出具法律意见并公告：

  （一）会议的召集、召开程序是否符合法律、行政法规、部门规章、公司股票上市

地证券监管规则、《公司章程》及本规则的规定；

  （二）出席会议人员的资格、召集人资格是否合法有效；

  （三）会议的表决程序、表决结果是否合法有效；

                     1 / 12
  （四）应公司要求对其他有关问题出具的法律意见。

                 第二章 股东会的召集

  第七条 董事会应当在本规则第五条规定的期限内按时召集股东会。

  第八条 经全体独立董事过半数同意，独立董事有权向董事会提议召开临时股东会。

对独立董事要求召开临时股东会的提议，董事会应当根据法律、行政法规、
                                《公司章程》

及本规则的规定，在收到提议后 10 日内提出同意或者不同意召开临时股东会的书面反

馈意见。

  董事会同意召开临时股东会的，应当在作出董事会决议后的 5 日内发出召开股东会

的通知；董事会不同意召开临时股东会的，应当说明理由并公告。

  第九条 审计与监督委员会向董事会提议召开临时股东会，应当以书面形式向董事

会提出。董事会应当根据法律、行政法规和《公司章程》的规定，在收到提议后 10 日内

提出同意或者不同意召开临时股东会的书面反馈意见。

  董事会同意召开临时股东会的，应当在作出董事会决议后的 5 日内发出召开股东会

的通知，通知中对原提议的变更，应当征得审计与监督委员会的同意。

  董事会不同意召开临时股东会，或者在收到提议后 10 日内未作出书面反馈的，视

为董事会不能履行或者不履行召集股东会会议职责，审计与监督委员会可以自行召集和

主持。

  第十条 单独或者合计持有公司 10%以上股份的股东向董事会请求召开临时股东会，

应当以书面形式向董事会提出。

  董事会应当根据法律、行政法规和《公司章程》的规定，在收到请求后 10 日内提

出同意或者不同意召开临时股东会的书面反馈意见。

  董事会同意召开临时股东会的，应当在作出董事会决议后的 5 日内发出召开股东会

的通知，通知中对原请求的变更，应当征得相关股东的同意。董事会不同意召开临时股

东会，或者在收到请求后 10 日内未作出反馈的，单独或者合计持有公司 10%以上股份的

股东向审计与监督委员会提议召开临时股东会，应当以书面形式向审计与监督委员会提

出请求。

                     2 / 12
  审计与监督委员会同意召开临时股东会的，应在收到请求 5 日内发出召开股东会的

通知，通知中对原请求的变更，应当征得相关股东的同意。

  审计与监督委员会未在规定期限内发出股东会通知的，视为审计与监督委员会不召

集和主持股东会，连续 90 日以上单独或者合计持有公司 10%以上股份的股东可以自行

召集和主持。

  第十一条 审计与监督委员会或者股东决定自行召集股东会的，应当书面通知董事

会，同时向上海证券交易所备案。

  审计与监督委员会或者召集股东应在发出股东会通知及发布股东会决议公告时，向

上海证券交易所提交有关证明材料。

  在股东会决议公告前，召集股东持股比例不得低于百分之十。

  第十二条 对于审计与监督委员会或者股东自行召集的股东会，董事会和董事会秘

书应予配合。

  董事会应当提供股权登记日的股东名册。董事会未提供股东名册的，召集人可以持

召集股东会通知的相关公告，向证券登记结算机构申请获取。召集人所获取的股东名册

不得用于除召开股东会以外的其他用途。

  第十三条 审计与监督委员会或者股东自行召集的股东会，会议所必需的费用由公

司承担。

              第三章 股东会的提案与通知

  第十四条 公司召开股东会，董事会、审计与监督委员会以及单独或者合计持有公

司 1%以上股份的股东，有权向公司提出提案。提案的内容应当属于股东会职权范围，以

书面形式提交或送达董事会，有明确议题和具体决议事项，并且符合法律、行政法规、

部门规章、公司股票上市地证券监管规则和《公司章程》的有关规定。

  第十五条 单独或者合计持有公司 1%以上股份的股东，可以在股东会召开 10 日前

提出临时提案并书面提交召集人。召集人应当在收到提案后 2 日内发出股东会补充通知，

公告临时提案的内容，并将该临时提案提交股东会审议。但临时提案违反法律、行政法

规、部门规章、公司股票上市地证券监管规则、
                    《公司章程》的规定，或者不属于股东会

                     3 / 12
职权范围的除外。如根据公司股票上市地证券监管规则的规定，股东会须因刊发股东会

补充通知而延期的，股东会的召开应当按公司股票上市地证券监管规则的规定延期。公

司不得提高提出临时提案股东持股比例的标准。

  除前款规定的情形外，召集人在发出股东会通知公告后，不得修改股东会通知中已

列明的提案或者增加新的提案。召集人根据规定需对提案内容进行补充或更正的，不得

实质性修改提案，且相关补充或更正公告应当在股东会网络投票开始前发布，与股东会

决议同时披露的法律意见书中应当包含律师对提案内容的补充、更正是否构成提案实质

性修改出具的明确意见。对提案进行实质性修改的，有关变更应当视为一个新的提案，

不得在本次股东会上进行表决。

  股东会通知中未列明或者不符合本规则第十四条规定的提案，股东会不得进行表决

并作出决议。

  第十六条 召集人应当在年度股东会召开 20 日前以公告方式通知各股东，临时股东

会应当于会议召开 10 个营业日前或 15 日前（以较长者为准）以公告方式通知各股东。

  第十七条 股东会通知和补充通知中应当充分、完整披露所有提案的具体内容，以

及为使股东对拟讨论的事项作出合理判断所需的全部资料或者解释。

  第十八条 股东会拟讨论董事选举事项的，股东会通知中应当充分披露董事候选人

的详细资料，至少包括以下内容：

  （一）教育背景、工作经历、兼职等个人情况；

  （二）与公司或者其控股股东及实际控制人是否存在关联关系；

  （三）持有公司股份数量；

  （四）是否受过中国证监会及其他有关部门的处罚和证券交易所惩戒。

  除采取累积投票制选举董事外，每位董事候选人应当以单项提案提出。

  第十九条 股东会通知中应当列明会议时间、地点，并确定股权登记日。股权登记日

与会议日期之间的间隔应当不多于 7 个工作日。股权登记日一旦确认，不得变更。

  第二十条 发出股东会通知后，无正当理由，股东会不应延期或者取消，股东会通知

中列明的提案不应取消。一旦出现延期或者取消的情形，召集人应当在原定召开日前至

                    4 / 12
少 2 个工作日公告并说明原因。公司股票上市地证券监管规则就延期召开或者取消股东

会的程序有特别规定的，在不违反相关监管要求的前提下，从其规定。

                第四章 股东会的召开

  第二十一条 公司应当在公司住所地或股东会通知中指定地点召开股东会。

  股东会应当设置会场，以现场会议形式召开；股东会除设置会场以现场形式召开外，

还可以同时采用网络、视频、电话或其他具有同等效果的电子通信方式召开。公司还将

提供网络投票的方式为股东提供便利。

  股东可以亲自出席股东会并行使表决权，也可以委托他人代为出席和在授权范围内

行使表决权。

  如该股东为认可结算所（包括香港中央结算有限公司）或其代理人，该股东可以授

权一位或一位以上人士或公司在任何股东会、",ok,,,,agent_preflight
601899,紫金矿业H股市场公告,,2025-12-02 00:00:00,https://www.cninfo.com.cn/new/disclosure/detail?annoId=1224840101,1224840101,finalpage/2025-12-02/1224840101.PDF,https://static.cninfo.com.cn/finalpage/2025-12-02/1224840101.PDF,PDF,145,"FF301

股份發行人及根據《上市規則》第十九B章上市的香港預託證券發行人的證券變動月報表

截至月份:          2025年11月30日                                                            狀態: 新提交

致：香港交易及結算所有限公司

公司名稱:          紫金礦業集團股份有限公司

呈交日期:          2025年12月1日

I. 法定/註冊股本變動

1. 股份分類        普通股            股份類別         A                        於香港聯交所上市 (註1)       否

證券代號 (如上市)     601899         說明
                              法定/註冊股份數目                        面值                            法定/註冊股本

上月底結存                                20,591,232,240 RMB                     0.1 RMB                         2,059,123,224

增加 / 減少 (-)                                      0                             RMB                                         0

本月底結存                                20,591,232,240 RMB                     0.1 RMB                         2,059,123,224

2. 股份分類        普通股            股份類別         H                        於香港聯交所上市 (註1)       是

證券代號 (如上市)     02899          說明
                              法定/註冊股份數目                        面值                            法定/註冊股本

上月底結存                                 5,736,940,000 RMB                     0.1 RMB                          573,694,000

增加 / 減少 (-)                                      0                             RMB                                         0

本月底結存                                 5,736,940,000 RMB                     0.1 RMB                          573,694,000

                                                     本月底法定/註冊股本總額： RMB                      2,632,817,224

                                               第 1 頁 共 10 頁                                                      v 1.1.1
                                                                                                      FF301

II. 已發行股份及/或庫存股份變動

1. 股份分類       普通股            股份類別          A                       於香港聯交所上市 (註1)   否

證券代號 (如上市)    601899         說明
                       已發行股份（不包括庫存股份）數目                       庫存股份數目                   已發行股份總數

上月底結存                               20,588,733,940                          0                    20,588,733,940

增加 / 減少 (-)                                -30,600                          0

本月底結存                               20,588,703,340                          0                    20,588,703,340

2. 股份分類       普通股            股份類別          H                       於香港聯交所上市 (註1)   是

證券代號 (如上市)    02899          說明
                       已發行股份（不包括庫存股份）數目                       庫存股份數目                   已發行股份總數

上月底結存                                5,988,840,000                          0                     5,988,840,000

增加 / 減少 (-)                                     0                           0

本月底結存                                5,988,840,000                          0                     5,988,840,000

                                               第 2 頁 共 10 頁                                            v 1.1.1
                                                                                                                                          FF301

III.已發行股份及/或庫存股份變動詳情

 (A). 股份期權（根據發行人的股份期權計劃）

1. 股份分類                 普通股                   股份類別        A                          於香港聯交所上市 (註1)                    否

證券代號(如上市)               601899                說明
                                                                                                                                    本月底可於所有根據計劃
                      上月底結存的股份期權數                             本月底結存的股份期權數          本月內因此發行的新股數   本月内因此自庫存轉讓的    本月底因此可能發行或自         授出的股份期權予以行使
      股份期權計劃詳情                                本月內變動
                           目                                       目                   目 (A1)     庫存股份數目 (A2)    庫存轉讓的股份數目          時發行或自庫存轉讓的股
                                                                                                                                        份總數

1).   2023年股票期權激勵計劃              39,300,000                           39,300,000 ",ok,,,,agent_preflight
601899,紫金矿业集团股份有限公司关于2020年限制性股票激励计划预留授予部分第三个解除限售期解除限售暨上市的公告,,2025-12-03 00:00:00,https://www.cninfo.com.cn/new/disclosure/detail?annoId=1224844379,1224844379,finalpage/2025-12-03/1224844379.PDF,https://static.cninfo.com.cn/finalpage/2025-12-03/1224844379.PDF,PDF,121,"证券代码：601899          证券简称：紫金矿业               编号：临 2025-097

                 紫金矿业集团股份有限公司
        关于 2020 年限制性股票激励计划预留授予部分
            第三个解除限售期解除限售暨上市的公告

   本公司董事会及全体董事保证本公告内容不存在任何虚假记载、误导性陈述
或者重大遗漏，并对其内容的真实性、准确性和完整性依法承担法律责任。

   重要内容提示：

    本次股票上市类型为股权激励股份；股票认购方式为网下，上市股数为

754,800股。

   本次股票上市流通总数为754,800股。

    本次股票上市流通日期为2025 年 12 月 8 日。

   紫金矿业集团股份有限公司（以下简称“公司”）于 2025 年 10 月 17 日召开

第八届董事会第十三次会议、第八届监事会第十三次会议，审议通过了《关于 2020

年限制性股票激励计划预留授予部分第三个解除限售期解除限售条件成就的议

案》，同意为 33 名激励对象办理相关限制性股票解除限售事宜。本次解除限售的

限制性股票数量为 754,800 股，占公司目前总股份的 0.003%。现将有关事项说明

如下：

   一、2020 年限制性股票激励计划批准及实施情况

   （一）已履行的相关审批程序

   公司 2020 年限制性股票激励计划（以下简称“本激励计划”）已根据规定履

行相关审批程序，具体详见公司分别于 2020 年 11 月 18 日（编号：临 2020-078、

079）、2020 年 11 月 21 日（编号：临 2020-081）、2020 年 12 月 12 日（编号：临

2020-084、085）、2020 年 12 月 23 日（编号：临 2020-092）、2020 年 12 月 30 日

（编号：临 2020-094）、2021 年 1 月 12 日（编号：临 2021-002）、2021 年 1 月 14
日（编号：临 2021-003、004）、2021 年 2 月 2 日（编号：临 2021-012）、2021 年

11 月 16 日（编号：临 2021-069、070）、2021 年 12 月 10 日（编号：临 2021-077）、

2022 年 1 月 13 日（编号：临 2022-001）、2022 年 11 月 22 日（编号：临 2022-075）、

2023 年 1 月 9 日（编号：临 2023-003、004、005、006）、2023 年 1 月 17 日（编

号：临 2023-011）、2023 年 2 月 20 日（编号：临 2023-021、022、025）、2023 年

4 月 13 日（编号：临 2023-044）、2023 年 11 月 15 日（编号：临 2023-090）、2024

年 1 月 13 日（编号：临 2024-004、
                        005、006）、2024 年 3 月 15 日（编号：临 2024-018）、

2024 年 11 月 18 日（编号：临 2024-062、063、064、065）、2024 年 12 月 3 日（编

号：临 2024-068）、2025 年 1 月 11 日（编号：临 2025-003、004、005）、2025 年

1 月 14 日（编号：临 2025-010）
                      、2025 年 1 月 22 日（编号：临 2025-014）、2025

年 10 月 18 日（编号：临 2025-083、084、085、086）、2025 年 10 月 31 日（编号：

临 2025-092）等在上海证券交易所网站披露的公告。

     （二）本激励计划历次授予情况
批次         授予日期             登记完成日           授予价格         授予数量         授予人数

首次     2021 年 1 月 13 日    2021 年 1 月 28 日   4.95 元/股   9,598.06 万股    686 人

预留     2021 年 11 月 15 日   2021 年 12 月 8 日   4.83 元/股     251 万股       39 人
  注：因公司实施 2020 年年度权益分派，根据《公司 2020 年限制性股票激励计划（草案
修订稿）》(以下简称“《激励计划》”)相关规定，对预留限制性股票的授予价格进行相应调
整，授予价格由 4.95 元/股调整为 4.83 元/股。

     （三）本激励计划历次解除限售情况
  批次                     上市流通日期                        解除限售数量（股）
                    2023 年 1 月 30 日                      30,617,598
  首次                 2024 年 2 月 2 日                      30,211,698
                     2025 年 2 月 5 日                      30,902,804
                    2023 年 12 月 8 日                       782,100
  预留
                    2024 年 12 月 9 日                       742,500

     本次解除限售为公司 2020 年限制性股票激励计划预留授予部分第三次解除限

售。

     二、本激励计划预留授予部分第三个解除限售期解除限售条件成就的说明

     根据《激励计划》的规定，本激励计划预留授予部分第三个解除限售期解除
限售条件已达成，具体情况如下：

   (一)限售期即将届满

   根据《激励计划》的规定，本激励计划预留授予的限制性股票第三个解除限

售期为自预留授予的限制性股票完成登记之日起 48 个月后的首个交易日起至预留

授予的限制性股票完成登记之日起 60 个月内的最后一个交易日当日止，解除限售

比例为获授限制性股票总数的 34%。

   本激励计划预留授予登记完成之日为 2021 年 12 月 8 日，本激励计划预留授

予的限制性股票第三个限售期将于 2025 年 12 月 7 日届满。

   (二)解除限售条件已经成就

   根据《激励计划》的规定，解除限售期内，同时满足下列条件时，激励对象

获授的限制性股票方可解除限售：
          解除限售条件                            成就情况
（一）公司未发生如下任一情形：
1、最近一个会计年度财务会计报告被注册会计师
出具否定意见或者无法表示意见的审计报告；
2、最近一个会计年度财务报告内部控制被注册会
                          公司未发生前述情形，满足解除限售条
计师出具否定意见或者无法表示意见的审计报告；
                          件。
3、上市后最近 36 个月内出现过未按法律法规、公
司章程、公开承诺进行利润分配的情形；
4、法律法规规定不得实行股权激励的；
5、中国证监会认定的其他情形。
（二）激励对象未发生如下任一情形：
1、最近 12 个月内被证券交易所认定为不适当人选；
2、最近 12 个月内被中国证监会及其派出机构认定
为不适当人选；
3、最近 12 个月内因重大违法违规行为被中国证监 激励对象未发生前述情形，满足解除限售
会及其派出机构行政处罚或者采取市场禁入措施； 条件。
4、具有《公司法》规定的不得担任公司董事、高
级管理人员情形的；
5、法律法规规定不得参与上市公司股权激励的；
6、中国证监会认定的其他情形。
（三）公司层面和个人层面业绩考核要求              公司层面和个人层面满足本激励计划预
本激励计划预留授予限制性股票的第三个解除限           留授予限制性股票的第三个解除限售期
售期业绩考核目标：                       业绩考核目标：
1、以 2019 年业绩为基数，2023 年度的净利润年复   1、以 2019 年业绩为基数，2023 年度的
合增长率不低于 25%，且不低于同行业均值或对标        净 利 润 年 复 合 增 长 率 为 52.68% ， 高 于
企业 75 分位值水平；                    25%，且高于同行业平均值 19.02%；
2、以 2019 年业绩为基数，2023 年的净资产收益率   2、以 2019 年业绩为基数，2023 年的净
年复合增长率不低于 10%,且不低于同行业均值或        资产收益率年复合增长率为 20.14%，高
对标企业 75 分位值水平；                  于 10%,且高于同行业平均值 8.43%；
3、2023 年末资产负债率不高于 65%；          3、2023 年末资产负债率为 59.66%，低于
4、2023 年度激励对象绩效考核 B（含）以上。   ",ok,,,,agent_preflight
601899,紫金矿业集团股份有限公司关于2023年股票期权激励计划第一个行权期自主行权实施公告,,2025-12-03 00:00:00,https://www.cninfo.com.cn/new/disclosure/detail?annoId=1224844378,1224844378,finalpage/2025-12-03/1224844378.PDF,https://static.cninfo.com.cn/finalpage/2025-12-03/1224844378.PDF,PDF,120,"证券代码：601899         证券简称：紫金矿业              编号：临 2025-096

                 紫金矿业集团股份有限公司
关于 2023 年股票期权激励计划第一个行权期自主行权实施公告

   本公司董事会及全体董事保证本公告内容不存在任何虚假记载、误导性陈述

或者重大遗漏，并对其内容的真实性、准确性和完整性承担法律责任。

   重要内容提示：

    股票期权可行权数量：1,310 万份

    行权股票来源：公司向激励对象定向发行公司 A 股普通股股票

    行权起始日：2025 年 12 月 8 日

   紫金矿业集团股份有限公司（以下简称“公司”）于 2025 年 10 月 17 日召开

第八届董事会第十三次会议和第八届监事会第十三次会议，审议通过了《关于 2023

年股票期权激励计划第一个行权期行权条件成就并注销部分已授予期权的议案》，

公司董事会认为 2023 年股票期权激励计划（以下简称“本激励计划”）第一个行

权期行权条件已成就，同意符合行权条件的激励对象进行股票期权行权，第一个

行权期可行权人员合计 12 名，可行权数量合计 1,310 万份。

   一、股权激励计划批准及实施情况

   （一）本激励计划已履行的相关审批程序

   公司 2023 年股票期权激励计划已根据规定履行相关审批程序，具体详见公司

分别于 2023 年 11 月 15 日（编号：临 2023-090、091）、2023 年 12 月 2 日（编号：

临 2023-099）、2023 年 12 月 7 日（编号：临 2023-100）、2023 年 12 月 9 日（编

号：临 2023-101、102、103、104、105）、2023 年 12 月 26 日（编号：临 2023-109、

110）、2025 年 10 月 18 日（编号：临 2025-083、084、088、089）等在上海证券
交易所网站披露的公告。

   （二）股票期权授予情况
                   授予价格       授予数量            授予人数
    授予日期
                   （元/股）      （万份）             （人）
 2023 年 12 月 8 日      12.00    4,200           13

   因实施 2023 年半年度权益分派（每 10 股派发现金红利 0.5 元）、2023 年度权

益分派（每 10 股派发现金红利 2 元）、2024 年半年度权益分派（每 10 股派发现金

红利 1 元）、2024 年度权益分派（每 10 股派发现金红利 2.8 元）和 2025 年半年度

权益分派
   （每 10 股派发现金红利 2.2 元），本激励计划股票期权的行权价格由 12.00

元/股调整为 11.15 元/股。

   （三）历次股票期权行权情况

   本次行权为本激励计划股票期权第一次行权。

   二、本激励计划第一个行权期行权条件成就的说明

   根据《公司 2023 年股票期权激励计划（草案）》(以下简称“《激励计划》”)

的规定，本激励计划第一个行权期行权条件已达成，具体情况如下：

   (一)等待期即将届满

   根据《激励计划》的规定，本激励计划等待期为自股票期权授予之日起的 24

个月，本激励计划授予日期为 2023 年 12 月 8 日，等待期将于 2025 年 12 月 7 日

届满。

   本次激励计划授予的股票期权第一个行权期为自授予之日起 24 个月后的首个

交易日至授予之日起 36 个月内的最后一个交易日当日止，可行权比例为获授股票

期权总数的 1/3。

   (二)行权条件已经成就

   根据《激励计划》的规定，行权期内，同时满足下列条件时，激励对象获授

的股票期权方可行权：
               行权条件                    成就情况
（一）公司未发生如下任一情形：
1、最近一个会计年度财务会计报告被注册会计师        公司未发生前述情形，满足行权条件。
出具否定意见或者无法表示意见的审计报告；
2、最近一个会计年度财务报告内部控制被注册会
计师出具否定意见或无法表示意见的审计报告；
3、上市后最近 36 个月内出现过未按法律法规、公
司章程、公开承诺进行利润分配的情形；
4、法律法规规定不得实行股权激励的；
5、中国证监会认定的其他情形。
（二）激励对象未发生如下任一情形：
1、最近 12 个月内被证券交易所认定为不适当人选；
2、最近 12 个月内被中国证监会及其派出机构认定
为不适当人选；
3、最近 12 个月内因重大违法违规行为被中国证监 激励对象未发生前述情形，满足行权条
会及其派出机构行政处罚或者采取市场禁入措施； 件。
4、具有《公司法》规定的不得担任公司董事、高
级管理人员情形的；
5、法律法规规定不得参与上市公司股权激励的；
6、中国证监会认定的其他情形。
（三）公司层面和个人层面业绩考核要求              公司层面和个人层面满足本激励计划
本激励计划第一个行权期业绩考核目标：              第一个行权期业绩考核目标：
1、以 2022 年业绩为基数，2024 年度的营业收入增   1、以 2022 年业绩为基数，2024 年度
长率不低于 10%，且不低于同行业均值或对标企业        的营业收入增长率为 12%，高于 10%，
75 分位值水平；                       且高于同行业均值 9%；
2、2024 年的净资产收益率不低于 12%,且不低于同    2、2024 年的净资产收益率为 26%，高
行业均值或对标企业 75 分位值水平；             于 12%,且高于同行业均值 7%；
3、2024 年末资产负债率不高于 65%；          3、2024 年末资产负债率为 55%，低于
4、2024 年度激励对象绩效考核 B（含）以上。       65%；
（注：1、净资产收益率为经审计的扣除非经常性损益的加      4、2024 年度，12 名获授股票期权的激
权平均净资产收益率，计算上述考核指标均不含因实施激励      励对象绩效考核均为 B（含）以上。
计划产生的激励成本；2、在激励计划有效期内，如公司有
增发、配股等事项导致净资产变动的，考核时剔除该事项所
引起的净资产变动额及其产生的相应收益额。
                   ）

   综上所述，本激励计划设定的第一个行权期行权条件已成就。根据本激励计

划的行权安排，公司将按照相关规定为符合条件的 12 名激励对象共计 1,310 万份

股票期权办理行权相关事宜。截至本公告日，公司已对 1 名激励对象已获授但尚

未行权的 270 万份股票期权进行注销。

   三、本次行权的具体情况

   （一）授予日：2023 年 12 月 8 日

   （二）行权数量：1,310 万份

   （三）行权人数：12 人
    （四）行权价格（调整后）：11.15 元/股

    （五）行权方式：自主行权

    （六）股票来源：公司向激励对象定向发行公司 A 股普通股股票

    （七）行权安排：根据自主行权手续办理情况，第一个可行权期实际可行权

时间为 2025 年 12 月 8 日至 2026 年 12 月 7 日，行权所得股票可于行权日（T 日）

后的第二个交易日（T+2）日上市交易。

    （八）激励对象名单及行权情况：
                   获授的股票     本次可行    本次可行权数    本次可行权
 姓名          职务     期权数量     权数量     量占已获授股    数量占当前
                    （万份）     （万份）     票期权比例    总股份比例
陈景河          董事长      600     200     33.33%    0.008%

邹来昌     副董事长、总裁       510     170     33.33%    0.006%

林泓富     董事、常务副总裁      300     100     33.33%    0.004%

林红英     董事、副总裁        300     100     33.33%    0.004%

谢雄辉     董事、副总裁        300     100     33.33%    0.004%

吴健辉     董事、副总裁        300     100     33.33%    0.004%

沈绍阳          副总裁      270     90      33.33%    0.003%

龙   翼        副总裁      270     90      33.33%    0.003%

吴红辉       财务总监        270     90      33.33%    0.003%

郑友诚      董事会秘书        270     90      33.33%    0.003%

王   春        副总裁      270 ",ok,,,,agent_preflight
601899,紫金矿业集团股份有限公司第八届董事会临时会议决议公告,,2025-12-10 00:00:00,https://www.cninfo.com.cn/new/disclosure/detail?annoId=1224862124,1224862124,finalpage/2025-12-10/1224862124.PDF,https://static.cninfo.com.cn/finalpage/2025-12-10/1224862124.PDF,PDF,151,"证券代码：601899     股票简称：紫金矿业           编号：临 2025-098

              紫金矿业集团股份有限公司
           第八届董事会临时会议决议公告

  本公司董事会及全体董事保证本公告内容不存在任何虚假记载、误导性陈述

或者重大遗漏，并对其内容的真实性、准确性和完整性承担法律责任。

  紫金矿业集团股份有限公司（以下简称“公司”）第八届董事会 2025 年第 19

次临时会议于 2025 年 12 月 9 日以通讯方式召开，会议应收董事反馈意见 12 份，

实收 12 份。本次会议的召集和召开程序符合《公司法》和《公司章程》的有关规

定，表决结果合法有效，决议如下：

  审议通过《关于提名公司第九届董事会独立董事候选人的议案》

  公司于 2025 年 11 月 28 日召开的第八届董事会 2025 年第 18 次临时会议已审

议通过《关于提名公司第九届董事会独立董事候选人的议案》，拟提名吴小敏、薄

少川、张永涛、林寿康、曲晓辉、洪波、王安建（共 7 人）为第九届董事会独立

董事候选人，并提交股东会审议。

  2025 年 12 月 9 日，公司收到张永涛先生的书面通知，因其个人工作原因，暂

时无法履职，自愿放弃本次独立董事候选人提名。

  经董事会审议，同意取消对张永涛先生的提名，并将独立董事候选人名单调

整为：吴小敏、薄少川、林寿康、曲晓辉、洪波、王安建（共 6 人）。

  根据《公司章程》规定，公司第九届董事会应由 7 名独立董事组成。公司将

尽快完成补选工作。

  上述 6 位独立董事候选人简历详见附件。独立董事提名人和候选人声明详见

公司同日披露的公告。

  本议案提交董事会审议前，已经董事会提名与薪酬委员会审议通过。

                        1
本议案尚需提交公司股东会审议。

表决结果：同意 12 票，反对 0 票，弃权 0 票。

特此公告。

                              紫金矿业集团股份有限公司

                                  董 事 会

                               二〇二五年十二月十日

                    2
  附件：独立董事候选人简历

  吴小敏，女，1955 年 1 月生，1982 年毕业于山东大学，获文学学士学位；翻

译、高级经济师。1982 年至 2018 年历任厦门建发集团有限公司职员、部门经理、

副总经理、常务副总经理、总经理、党委副书记、党委书记、董事长等职务；曾

任第十二届福建省人大代表、第八届福建省政治协商委员会委员、第十四届厦门

市人大代表；先后获得福建省五一劳动奖章、全国劳动模范、全国妇女创先争优

先进个人、全国优秀企业家、
            《财富》中国最具影响力的 50 位商界领袖及《财富》

中国最具影响力的 25 位商界女性，拥有丰富的大型国企管理经验。自 2022 年 12

月起任公司独立董事。

  薄少川，男，1965 年 10 月生，加拿大籍，硕士研究生，高级工程师，拥有矿

业和石油天然气行业 30 余年的投资和实践经验。曾任职于中国石油，1996 年加入

艾芬豪投资集团，历任集团旗下（加拿大）艾芬豪矿业、艾芬豪能源、金山矿业

等多家公司及其合资/合作公司的管理职位，及艾芬豪投资集团业务开发总经理；

曾担任数家加拿大、澳大利亚、巴西矿业公司董事、高级管理人员和多家国内外

矿业、石油天然气公司顾问。薄先生是中国金属矿业经济研究院（五矿产业金融

研究院）学术委员会委员，著有《国际矿业风云》。薄先生现任灵宝黄金集团股份

有限公司独立董事，自 2020 年 12 月起任公司独立董事。

  林寿康，男，1963 年 8 月生，中国香港籍，厦门大学数学专业学士，美国布

朗大学经济学硕士、博士，曾执教于加拿大约克大学，拥有丰富的金融行业管理

及资本市场实践经验。历任国际货币基金组织经济学专家、香港金融管理局货币

政策管理部高级经理、德意志摩根建富公司大中华区经济研究负责人，1999 年加

入中国建设银行参与筹建中国信达资产管理公司并担任中国信达资产管理公司国

际部副主任。林先生于 2000 年加入中国国际金融股份有限公司，历任资本市场部

负责人、投资管理业务负责人（兼任中金基金管理公司董事长）、董事总经理、管

理委员会成员、首席运营官、代履总裁等职务。林先生现任瀚川资产管理（香港）

有限公司持牌代表、宁波健世科技股份有限公司独立董事。

                     3
  曲晓辉，女，1954 年 11 月生，中国第一位经济学(会计学)女博士，厦门大学

会计学荣誉退休教授、博士生导师，享受国务院政府特殊津贴专家，在会计研究、

财务管理和公司治理方面拥有丰富经验。曲女士是全国会计硕士专业学位（MPAcc）

论证发起人、全国会计博士专业学位（DPAcc）论证起草人、《当代会计评论》创

刊主编、美国富布莱特研究学者。曾任财政部会计准则委员会咨询专家、教育部

社会科学委员会委员、厦门大学研究生院副院长、教育部人文社科重点研究基地

厦门大学会计发展研究中心主任、国家哲学社会科学创新基地厦门大学财务管理

与会计研究院院长等职务，荣获国家及省部级科研奖 16 项、葛家澍奖、ACCA 卓越

成就奖，全国先进女职工和福建省优秀专家等称号。曲女士现任厦门大学会计发

展研究中心学术委员会主任、国家社科基金学科评审组专家、中国成本研究会副

会长、泰康养老保险股份有限公司独立董事等职。

  洪波，男，1959 年 11 月生，中国政法大学法学学士、厦门大学世界经济硕士，

具有律师执业资格和一级律师正高职称。洪先生长期从事律师执业工作和律师行

业管理工作，历任第十三届全国人大代表、中华全国律师协会副会长、福建省律

师协会会长、最高人民法院特约监督员、最高人民检察院特约监督员、公安部党

风政风警风监督员、福建省高级人民法院监督员、福建省公安厅特邀监督员等职，

并先后担任过宁德时代、东百集团、星网锐捷、锐捷网络、中闽能源、雪人集团

等多家上市公司独立董事。洪先生现任福建新世通律师事务所首席合伙人，兼任

福建省人大常委会立法咨询专家、福州市人民政府顾问，中国国际经济贸易仲裁

委员会仲裁员、福州仲裁委员会委员、厦门仲裁委员会仲裁员等职。

  王安建，男，1953 年 4 月生，理学博士、教授、中国地质科学院全球矿产资

源战略研究首席科学家，长期从事区域成矿学、资源产业经济学和全球矿产资源

战略研究工作。曾任中国地质科学院成矿远景区划室主任、全球矿产资源战略研

究中心主任，先后主持和负责国家 973、科技部科技攻关、科技支撑计划（课题）、

自然科学基金重大、国家发改委、国家物资储备局、全国人大、环保部、工程院、

国土资源大调查等项目 40 余项。主持中国矿产资源国情调查（2007-2012 年）和

                     4
新一轮矿产资源保障程度论证（2013-2017 年）。出版专著 4 部，在国内外学术刊

物发表论文 220 余篇，主持出版系列和专题战略研究报告 114 部，获国家发明专

利 3 项、国土资源科技奖 8 项。王先生现任中国罕王控股有限公司独立非执行董

事。

                     5",ok,,,,agent_preflight
601899,紫金矿业集团股份有限公司独立董事提名人和候选人声明公告（更新版）,,2025-12-10 00:00:00,https://www.cninfo.com.cn/new/disclosure/detail?annoId=1224862079,1224862079,finalpage/2025-12-10/1224862079.PDF,https://static.cninfo.com.cn/finalpage/2025-12-10/1224862079.PDF,PDF,201,"紫金矿业集团股份有限公司
      独立董事提名人和候选人声明公告
            （更新版）

           独立董事提名人声明

  提名人紫金矿业集团股份有限公司董事会，经充分了解被提名人
职业、学历、职称、详细的工作经历、全部兼职、有无重大失信等不
良记录等情况，现提名吴小敏、薄少川、林寿康、曲晓辉、洪波、王
安建为紫金矿业集团股份有限公司第九届董事会独立董事候选人。被
提名人均已同意出任紫金矿业集团股份有限公司第九届董事会独立董
事候选人（参见该独立董事候选人声明）
                 。
  提名人认为，被提名人具备独立董事任职资格，与紫金矿业集团
股份有限公司之间不存在任何影响其独立性的关系，具体声明如下：
  一、被提名人具备上市公司运作的基本知识，熟悉相关法律、行
政法规、规章及其他规范性文件，具有 5 年以上法律、经济、会计、
财务、管理或者其他履行独立董事职责所必需的工作经验。
  被提名人吴小敏、薄少川、林寿康、曲晓辉、洪波、王安建已经
参加培训并取得证券交易所认可的相关培训证明材料。
  二、被提名人任职资格符合下列法律、行政法规和部门规章以及
公司规章的要求：
  （一）
    《中华人民共和国公司法》关于董事任职资格的规定；
  （二）
    《中华人民共和国公务员法》关于公务员兼任职务的规定（如
适用）
  ；
  （三）中国证监会《上市公司独立董事管理办法》、上海证券交易
所自律监管规则以及公司章程有关独立董事任职资格和条件的相关规
定；
  （四）中共中央纪委、中共中央组织部《关于规范中管干部辞去
公职或者退（离）休后担任上市公司、基金管理公司独立董事、独立
监事的通知》的规定（如适用）
             ；
  （五）中共中央组织部《关于进一步规范党政领导干部在企业兼
职（任职）问题的意见》的相关规定（如适用）
                    ；
  （六）中共中央纪委、教育部、监察部《关于加强高等学校反腐
倡廉建设的意见》的相关规定（如适用）
                 ；
  （七）中国人民银行《股份制商业银行独立董事和外部监事制度
指引》等的相关规定（如适用）
             ；
  （八）中国证监会《证券基金经营机构董事、监事、高级管理人
员及从业人员监督管理办法》等的相关规定（如适用）
                       ；
  （九）
    《银行业金融机构董事（理事）和高级管理人员任职资格管
理办法》
   《保险公司董事、监事和高级管理人员任职资格管理规定》
                            《保
险机构独立董事管理办法》等的相关规定（如适用）
                      ；
  （十）其他法律法规、部门规章、规范性文件和上海证券交易所
规定的情形。
  三、被提名人具备独立性，不属于下列情形：
  （一）在上市公司或者其附属企业任职的人员及其配偶、父母、
子女、主要社会关系（主要社会关系是指兄弟姐妹、兄弟姐妹的配偶、
配偶的父母、配偶的兄弟姐妹、子女的配偶、子女配偶的父母等）
                            ；
  （二）直接或间接持有上市公司已发行股份 1%以上或者是上市公
司前 10 名股东中的自然人股东及其配偶、父母、子女；
  （三）在直接或间接持有上市公司已发行股份 5%以上的股东或者
在上市公司前 5 名股东任职的人员及其配偶、父母、子女；
  （四）在上市公司控股股东、实际控制人的附属企业任职的人员
及其配偶、父母、子女；
  （五）与上市公司及其控股股东、实际控制人或者其各自的附属
企业有重大业务往来的人员，或者在有重大业务往来的单位及其控股
股东、实际控制人任职的人员；
  （六）为上市公司及其控股股东、实际控制人或者其各自附属企
业提供财务、法律、咨询、保荐等服务的人员，包括但不限于提供服
务的中介机构的项目组全体人员、各级复核人员、在报告上签字的人
员、合伙人、董事、高级管理人员及主要负责人；
  （七）最近 12 个月内曾经具有前六项所列举情形的人员；
  （八）其他上海证券交易所认定不具备独立性的情形。
  四、独立董事候选人无下列不良记录：
  （一）最近 36 个月内受到中国证监会行政处罚或者司法机关刑事
处罚的；
  （二）因涉嫌证券期货违法犯罪，被中国证监会立案调查或者被
司法机关立案侦查，尚未有明确结论意见的；
  （三）最近 36 个月内受到证券交易所公开谴责或 3 次以上通报批
评的；
  （四）存在重大失信等不良记录；
  （五）本所认定的其他情形。
  五、被提名人不是过往任职独立董事期间因连续两次未能亲自出
席也不委托其他董事出席董事会会议被董事会提议召开股东会予以解
除职务的人员。
  六、包括紫金矿业集团股份有限公司在内，被提名人兼任独立董
事的境内上市公司数量未超过 3 家，被提名人在紫金矿业集团股份有
限公司连续任职未超过六年。
  七、被提名人曲晓辉具备丰富的会计专业知识和经验，具备会计
学教授职称及博士学位且在会计专业岗位有 5 年以上全职工作经验。
  八、被提名人不存在影响独立董事诚信或者其他影响任职资格的
情况。
  被提名人已经通过紫金矿业集团股份有限公司第八届董事会提名
与薪酬委员会资格审查，提名人与被提名人不存在利害关系或者可能
妨碍独立履职的其他关系。
  提名人已经根据《上海证券交易所上市公司自律监管指引第 1 号
——规范运作》对独立董事候选人任职资格进行核实并确认符合要求。
  提名人保证上述声明真实、完整和准确，不存在任何虚假陈述或
误导成分，提名人完全明白做出虚假声明可能导致的后果。

  特此声明。

           提名人：紫金矿业集团股份有限公司董事会
                      2025 年 12 月 9 日
           独立董事候选人声明

  本人吴小敏、薄少川、林寿康、洪波、王安建，已充分了解并同
意由提名人紫金矿业集团股份有限公司提名为紫金矿业集团股份有限
公司第九届董事会独立董事候选人。本人公开声明，本人具备独立董
事任职资格，保证不存在任何影响本人担任紫金矿业集团股份有限公
司独立董事独立性的关系，具体声明并承诺如下：
  一、本人具备上市公司运作的基本知识，熟悉相关法律、行政法
规、部门规章及其他规范性文件，具有 5 年以上法律、经济、会计、
财务、管理或者其他履行独立董事职责所必需的工作经验。
  本人已经参加培训并取得证券交易所认可的相关培训证明材料。
  二、本人任职资格符合下列法律、行政法规和部门规章以及公司
规章的要求：
  （一）
    《中华人民共和国公司法》关于董事任职资格的规定；
  （二）
    《中华人民共和国公务员法》关于公务员兼任职务的规定（如
适用）
  ；
  （三）中国证监会《上市公司独立董事管理办法》、上海证券交易
所自律监管规则以及公司章程有关独立董事任职资格和条件的相关规
定；
  （四）中共中央纪委、中共中央组织部《关于规范中管干部辞去
公职或者退（离）休后担任上市公司、基金管理公司独立董事、独立
监事的通知》的规定（如适用）
             ；
  （五）中共中央组织部《关于进一步规范党政领导干部在企业兼
职（任职）问题的意见》的相关规定（如适用）
                    ；
  （六）中共中央纪委、教育部、监察部《关于加强高等学校反腐
倡廉建设的意见》的相关规定（如适用）
                 ；
  （七）中国人民银行《股份制商业银行独立董事和外部监事制度
指引》等的相关规定（如适用）
             ；
  （八）中国证监会《证券基金经营机构董事、监事、高级管理人
员及从业人员监督管理办法》等的相关规定（如适用）
                       ；
  （九）
    《银行业金融机构董事（理事）和高级管理人员任职资格管
理办法》
   《保险公司董事、监事和高级管理人员任职资格管理规定》
                            《保
险机构独立董事管理办法》等的相关规定（如适用）
                      ；
  （十）其他法律法规、部门规章、规范性文件和上海证券交易所
规定的情形。
  三、本人具备独立性，不属于下列情形：
  （一）在上市公司或者其附属企业任职的人员及其配偶、父母、
子女、主要社会关系（主要社会关系是指兄弟姐妹、兄弟姐妹的配偶、
配偶的父母、配偶的兄弟姐妹、子女的配偶、子女配偶的父母等）
                            ；
  （二）直接或者间接持有上市公司已发行股份 1%以上或者是上市
公司前十名股东中的自然人股东及其配偶、父母、子女；
  （三）在直接或者间接持有上市公司已发行股份 5%以上的股东或
者在上市公司前五名股东任职的人员及其配偶、父母、子女；
  （四）在上市公司控股股东、实际控制人的附属企业任职的人员
及其配偶、父母、子女；
  （五）与上市公司及其控股股东、实际控制人或者其各自的附属
企业有重大业务往来的人员，或者在有重大业务往来的单位及其控股
股东、实际控制人任职的人员；
  （六）为上市公司及其控股股东、实际控制人或者其各自附属企
业提供财务、法律、咨询、保荐等服务的人员，包括但不限于提供服
务的",ok,,,,agent_preflight
601899,紫金矿业集团股份有限公司关于召开2025年第二次临时股东会的通知,,2025-12-13 00:00:00,https://www.cninfo.com.cn/new/disclosure/detail?annoId=1224873064,1224873064,finalpage/2025-12-13/1224873064.PDF,https://static.cninfo.com.cn/finalpage/2025-12-13/1224873064.PDF,PDF,169,"证券代码：601899       证券简称：紫金矿业               编号：临 2025-099

          紫金矿业集团股份有限公司
       关于召开2025年第二次临时股东会的通知

     本公司董事会及全体董事保证本公告内容不存在任何虚假记载、误导性陈述或

者重大遗漏，并对其内容的真实性、准确性和完整性承担法律责任。

  重要内容提示：

   股东会召开日期：2025年12月31日

   本次股东会采用的网络投票系统：上海证券交易所股东会网络投票系统

  一、 召开会议的基本情况

  (一) 股东会类型和届次

  2025年第二次临时股东会

  (二) 股东会召集人：董事会

  (三) 投票方式：本次股东会所采用的表决方式是现场投票和网络投票相结合的

方式

  (四) 现场会议召开的日期、时间和地点

  召开的日期时间：2025 年 12 月 31 日    09 点 00 分

  召开地点：福建省上杭县紫金大道 1 号紫金总部大楼 21 楼会议室

  (五) 网络投票的系统、起止日期和投票时间

  网络投票系统：上海证券交易所股东会网络投票系统

  网络投票起止时间：自2025 年 12 月 31 日

                至2025 年 12 月 31 日

  采用上海证券交易所网络投票系统，通过交易系统投票平台的投票时间为股东
会召开当日的交易时间段，即 9:15-9:25，9:30-11:30，13:00-15:00；通过互联网

投票平台的投票时间为股东会召开当日的 9:15-15:00。

  (六) 融资融券、转融通、约定购回业务账户和沪股通投资者的投票程序

  涉及融资融券、转融通业务、约定购回业务相关账户以及沪股通投资者的投票，

应按照《上海证券交易所上市公司自律监管指引第 1 号 — 规范运作》等有关规定

执行。

  (七) 涉及公开征集股东投票权

  无

  二、 会议审议事项

  本次股东会审议议案及投票股东类型

                                            投票股东类型
序号                 议案名称
                                          A 股股东   H 股股东
非累积投票议案
   1  关于修订《公司章程》的议案                         √          √
   2  关于修订《股东会议事规则》的议案                      √          √
   3  关于修订《董事会议事规则》的议案                      √          √
   4  关于修订《独立董事工作制度》的议案                     √          √
   5  关于修订《关联交易管理办法》的议案                     √          √
   6  关于制订《董事和高级管理人员薪酬管理制度》的议案              √          √
   7  关于第九届董事薪酬和考核方案的议案                     √          √
   8  关于聘任陈景河先生为公司终身荣誉董事长的议案                √          √
累积投票议案
 9.00 关于选举公司第九届董事会非独立董事的议案                应选董事（7）人
 9.01 邹来昌                                 √      √
 9.02 林泓富                                 √      √
 9.03 吴健辉                                 √      √
 9.04 沈绍阳                                 √      √
 9.05 郑友诚                                 √      √
 9.06 吴红辉                                 √      √
 9.07 李建                                  √      √
10.00 关于选举公司第九届董事会独立董事的议案                应选独立董事（6）人
10.01 吴小敏                                 √      √
10.02 薄少川                                 √      √
10.03   林寿康                                    √           √
10.04   曲晓辉                                    √           √
10.05   洪波                                     √           √
10.06   王安建                                    √           √

    1、 各议案已披露的时间和披露媒体

    议案 1-9 经公司第八届董事会 2025 年第 18 次临时会议审议通过；议案 10 经公

司第八届董事会 2025 年第 19 次临时会议审议通过，具体详见公司于 2025 年 11 月

29 日和 12 月 10 日披露的相关公告。

    2、 特别决议议案：1

    3、 对中小投资者单独计票的议案：7、9、10

    4、 涉及关联股东回避表决的议案：7

        应回避表决的关联股东名称：邹来昌、林泓富、谢雄辉、吴健辉、沈绍阳、

郑友诚、吴红辉对议案 7 回避表决。

    5、 涉及优先股股东参与表决的议案：无

    三、 股东会投票注意事项

    (一) 本公司股东通过上海证券交易所股东会网络投票系统行使表决权的，既可

以登陆交易系统投票平台（通过指定交易的证券公司交易终端）进行投票，也可以

登陆互联网投票平台（网址：vote.sseinfo.com）进行投票。首次登陆互联网投票

平台进行投票的，投资者需要完成股东身份认证。具体操作请见互联网投票平台网

站说明。

    为更好地服务广大中小投资者，确保有投票意愿的中小投资者能够及时参会、

及时投票，公司拟使用上证所信息网络有限公司（以下简称“上证信息”）提供的

股东会提醒服务，委托上证信息通过发送智能短信等形式，根据股权登记日的股东

名册主动提醒股东参会投票，向每一位投资者主动推送股东会参会邀请、议案情况

等信息。投资者在收到智能短信后，可根据使用手册（下载链接：

https://vote.sseinfo.com/i/yjt_help.pdf）的提示步骤直接投票，如遇拥堵等情
况，仍可通过原有的交易系统投票平台和互联网投票平台进行投票。

 (二) 股东所投选举票数超过其拥有的选举票数的，或者在差额选举中投票超过

应选人数的，其对该项议案所投的选举票视为无效投票。

 (三) 同一表决权通过现场、本所网络投票平台或其他方式重复进行表决的，以

第一次投票结果为准。

 (四) 持有多个股东账户的股东，可行使的表决权数量是其名下全部股东账户所

持相同类别普通股和相同品种优先股的数量总和。

 持有多个股东账户的股东通过本所网络投票系统参与股东会网络投票的，可以

通过其任一股东账户参加。投票后，视为其全部股东账户下的相同类别普通股和相

同品种优先股均已分别投出同一意见的表决票。

 持有多个股东账户的股东，通过多个股东账户重复进行表决的，其全部股东账

户下的相同类别普通股和相同品种优先股的表决意见，分别以各类别和品种股票的

第一次投票结果为准。

 (五) 股东对所有议案均表决完毕才能提交。

 (六) 采用累积投票制选举董事和独立董事的投票方式，详见附件 2。

 四、 会议出席对象

 (一) 股权登记日下午收市时在中国证券登记结算有限责任公司上海分公司登

记在册的公司股东有权出席股东会（具体情况详见下表），并可以以书面形式委托

代理人出席会议和参加表决。该代理人不必是公司股东。
  股份类别       股票代码     股票简称    股权登记日
   Ａ股        601899   紫金矿业    2025/12/23

 (二) 公司董事、监事和高级管理人员。

 (三) 公司聘请的律师。

 (四) 其他人员。

 五、 会议登记方法
  （一）A 股股东

  股权登记日持有公司股份的股东如欲出席现场会议，须提供以下登记资料：

  1、法人股东：由法定代表人出席会议的，应持加盖公司公章的营业执照复印件、

本人身份证原件及复印件办理登记手续；委托代理人出席会议的，代理人应持加盖

公司公章的营业执照复印件、法定代表人身份证复印件、代理人身份证原件及复印

件、授权委托书（见附件 1）办理登记手续。

  2、个人股东：个人股东亲自出席会议的，应持本人身份证原件及复印件、股东

身份证明文件办理登记手续；委托代理人出席会议的，代理人",ok,,,,agent_preflight
601899,紫金矿业集团股份有限公司股权激励限制性股票回购注销实施公告,,2025-12-16 00:00:00,https://www.cninfo.com.cn/new/disclosure/detail?annoId=1224877975,1224877975,finalpage/2025-12-16/1224877975.PDF,https://static.cninfo.com.cn/finalpage/2025-12-16/1224877975.PDF,PDF,135,"证券代码：601899     证券简称：紫金矿业      编号：临 2025-100

               紫金矿业集团股份有限公司
           股权激励限制性股票回购注销实施公告

  本公司董事会及全体董事保证本公告内容不存在任何虚假记载、误导性陈述

或者重大遗漏，并对其内容的真实性、准确性和完整性承担法律责任。

  重要内容提示：

   回购注销原因：公司 2020 年限制性股票激励计划中有 1 名激励对象因离

职不再符合激励对象条件，公司对该名激励对象已获授但尚未解除限售的 10,200

股限制性股票予以回购注销。

     本次注销股份的有关情况
 回购股份数量（股）       注销股份数量（股）       预计注销日期
      10,200          10,200   2025 年 12 月 18 日

  一、本次限制性股票回购注销的决策与信息披露

  2025 年 10 月 17 日，公司召开第八届董事会第十三次会议、第八届监事会第

十三次会议，审议通过了《关于回购注销 2020 年限制性股票激励计划部分激励对

象限制性股票及调整回购价格的议案》，公司授予限制性股票激励对象中有 1 名激

励对象因离职不再符合激励对象条件，根据《紫金矿业集团股份有限公司 2020 年

限制性股票激励计划（草案修订稿）》
                （以下简称“《激励计划》”）的相关规定，公

司决定回购注销上述 1 名激励对象持有的 10,200 股已获授但尚未解除限售的限制

性股票，具体内容详见公司 2025 年 10 月 18 日于上海证券交易所网站披露的《关

于回购注销 2020 年限制性股票激励计划部分激励对象限制性股票及调整回购价格

的公告》
   （编号：临 2025-085）。

  公司已根据法律规定就本次限制性股票回购注销事项履行了债权人通知程序，
 具体内容详见公司 2025 年 10 月 18 日于上海证券交易所网站（www.sse.com.cn）

 及指定信息披露媒体披露的《关于回购注销部分限制性股票通知债权人的公告》

 （编号：临 2025-087）。截至本公告日，通知期已满 45 天，公司未收到任何债权

 人关于清偿债务或者提供相应担保的要求，也未收到任何债权人对本次限制性股

 票回购注销事项提出的异议。

    二、本次限制性股票回购注销情况

    (一)本次回购注销限制性股票的原因及依据

    公司 2020 年限制性股票授予的激励对象中有 1 名激励对象因离职不再符合激

 励对象条件，根据《激励计划》的相关规定，前述 1 名激励对象已获授但尚未解

 除限售的 10,200 股限制性股票应由公司回购注销。

    (二)本次回购注销的相关人员、数量

    本次限制性股票回购注销涉及的激励对象共 1 人，回购注销限制性股票 10,200

 股。本次回购注销完成后，剩余股权激励限制性股票 0 股。

    (三)回购注销安排

    公司已在中国证券登记结算有限责任公司上海分公司（以下简称“中登上海

 分公司”）开设了回购专用证券账户（账户号码：B884520988），并向中登上海分

 公司申请办理本次限制性股票回购注销手续，预计本次限制性股票将于 2025 年 12

 月 18 日完成注销，公司后续将依法办理工商变更等相关手续。

    三、本次限制性股票回购注销前后公司股本结构的变动情况

    本 次 回 购 注 销 完 成 后 ， 公 司 股 份 总 数 将 由 26,589,743,340 股 变 更 为

 26,589,733,140 股。股本结构变化如下：
                本次变动前                 本次变动增减（＋,－）            本次变动后
  类别
          数量（股）             比例        增加（股）   减少（股）       数量（股）          比例

一、有限售条
                10,200    0.00004%        -     -10,200             0         0
件股份

1、A 股           10,200     0.00004%       -     -10,200             0         0

二、无限售条
         26,589,733,140   99.99996%       -           - 26,589,733,140   100%
件股份
1、A 股（注） 20,600,893,140      77.47684%   -        - 20,600,893,140 77.48%

2、H 股        5,988,840,000   22.52312%   -        -       5,988,840,000 22.52%

三、股份总数      26,589,743,340       100%    -   -10,200 26,589,733,140     100%

1、A 股（注） 20,600,903,340        77.48%    -   -10,200 20,600,893,140 77.48%

2、H 股        5,988,840,000     22.52%    -        -       5,988,840,000 22.52%
 注：公司 2023 年股票期权激励计划第一个行权期起始日为 2025 年 12 月 8 日，截
 至目前，已累计行权 1,220 万股。

     四、说明及承诺

     公司董事会说明：本次回购注销限制性股票事项涉及的决策程序、信息披露

 符合《公司法》
       《上市公司股权激励管理办法》等相关法律、法规及规范性文件的

 规定以及《激励计划》的安排，不存在损害激励对象合法权益及债权人利益的情

 形。

     公司承诺：已核实并保证本次回购注销限制性股票涉及的对象、股份数量、

 注销日期等信息真实、准确、完整，已充分告知相关激励对象本次限制性股票回

 购注销事宜。如因本次限制性股票回购注销与有关激励对象产生纠纷，公司将自

 行承担由此产生的相关法律责任。

     五、法律意见书的结论性意见

     福建至理律师事务所认为，公司本次回购注销及回购价格调整事项已取得现

 阶段必要的批准与授权；公司本次回购注销部分限制性股票的原因、数量、回购

 价格及其调整、回购资金来源符合《公司法》
                    《上市公司股权激励管理办法》等法

 律、法规、规范性文件的规定及《激励计划》的安排；公司尚需根据相关规定办

 理本次回购的限制性股票注销登记及注册资本变更登记手续，并履行相应的信息

 披露义务。具体内容详见公司于 2025 年 10 月 18 日披露的《福建至理律师事务所

 关于紫金矿业集团股份有限公司 2020 年限制性股票激励计划预留授予部分第三期

 解除限售、回购注销部分限制性股票及调整回购价格相关事项的法律意见书》。

     特此公告。

                                             紫金矿业集团股份有限公司

                                                      董     事    会
二〇二五年十二月十六日",ok,,,,agent_preflight
601899,紫金矿业集团股份有限公司2025年第二次临时股东会会议材料,,2025-12-24 00:00:00,https://www.cninfo.com.cn/new/disclosure/detail?annoId=1224893996,1224893996,finalpage/2025-12-24/1224893996.PDF,https://static.cninfo.com.cn/finalpage/2025-12-24/1224893996.PDF,PDF,530,"2025 年第二次临时股东会
2025 Second Extraordinary General
     Meeting of Shareholders

              会
              议
              材
              料
       紫金矿业集团股份有限公司
          2025 年 12 月 31 日
                        议 程
会议时间：2025 年 12 月 31 日（星期三）9 点
网络投票时间：2025 年 12 月 31 日，通过交易系统投票平台：9:15－9:25，9:30－11:30，
13:00－15:00；通过互联网投票平台：9:15－15:00

会议地点：福建省龙岩市上杭县紫金大道 1 号公司总部大楼 21 楼会议室
会议主持：陈景河
参会人员：股东及股东代表、董事、监事、高管、中介机构等

                         议 程

  主持人宣布会议开幕；
  董事会秘书宣布参加本次股东会现场会议的股东人数、代表股份总额；
  主持人根据《公司章程》提议表决票清点人；
非累积投票议案
1、特别决议案：关于修订《公司章程》的议案
2、普通决议案：关于修订《股东会议事规则》的议案
3、普通决议案：关于修订《董事会议事规则》的议案
4、普通决议案：关于修订《独立董事工作制度》的议案
5、普通决议案：关于修订《关联交易管理办法》的议案

6、普通决议案：关于制订《董事和高级管理人员薪酬管理制度》的议案
7、普通决议案：关于第九届董事薪酬和考核方案的议案
8、普通决议案：关于聘任陈景河先生为公司终身荣誉董事长的议案
累积投票议案
9、普通决议案：关于选举公司第九届董事会非独立董事的议案
10、普通决议案：关于选举公司第九届董事会独立董事的议案
  现场会议议案表决；统计并宣布现场投票表决结果；
  与会代表休息（等待网络投票结果）；
  统计并宣布最终表决结果、律师发表见证法律意见；
  本次会议闭幕。
2025 年第二次临时股东会
       议案一

         紫金矿业集团股份有限公司
         关于修订《公司章程》的议案

各位股东：
  为落实新《公司法》及 2025 年以来中国证监会《上市公司章程指
引》
 《关于新<公司法>配套制度规则实施相关过渡期安排》等系列监管
新规，公司将取消监事会设置，并结合紫金特色实践，对《公司章程》
进行修订。
  鉴于本次修订以中国证监会《上市公司章程指引》为蓝本，调整
幅度较大，公司将不再单独出具修正案，修订后的《公司章程》全文
请详见公司于 2025 年 11 月 28 日披露的公告。
  除根据最新监管规则所作的相关调整外，本次修订主要内容如下：
  一、取消监事会
  根据监管新规，公司将取消监事会，
                 《公司法》规定的监事会法定
职权由董事会审计与监督委员会承接并行使。
  二、扩编董事会，聘任终身荣誉董事长
  董事会席位由 13 名增至 15 名：新增 1 名职工董事（执行董事）
及 1 名独立董事，扩编后的董事会由 7 名执行董事、1 名非执行董事、
7 名独立董事组成，并明确其中 1 名独立董事担任首席独立董事。
  为表彰公司创始人陈景河先生对公司发展作出的重大贡献，公司
将聘任陈景河先生为终身荣誉董事长。
  三、新增高级管理人员职位
  根据公司经营管理需要，新设常务副总裁、联席财务总监职务；
调整后的公司高级管理人员包括：总裁、常务副总裁、副总裁、财务

                     1
总监及联席财务总监、董事会秘书、总工程师。
   四、公司章程记载的注册资本变更
   因公司回购注销部分 2020 年限制性股票、实施 H 股配售，公司股
份总数由 26,328,172,240 股变更为 26,577,533,140 股，注册资本由人民
币 2,632,817,224 元变更为人民币 2,657,753,314 元。
     公告日期             变更事项         股份数          变动方向
  2023 年 2 月 20 日   限制性股票回购注销      -1,601,000    减资
  2024 年 1 月 13 日   限制性股票回购注销        -582,300    减资
 2024 年 11 月 18 日   限制性股票回购注销        -345,600    减资
  2024 年 6 月 26 日    公司 H 股配售    +251,900,000    增资
 2025 年 10 月 18 日   限制性股票回购注销         -10,200    减资

   董事会提请股东会授权公司管理层或其授权代表向工商登记机关
具体办理上述事项涉及的工商变更登记、公司章程备案等相关手续并
签署相关文件，并授权公司管理层或其授权代表按照工商登记机关或
其他政府有关部门提出的审批意见或要求，对本次变更登记事项进行
必要的修改。

   以上议案经公司第八届董事会 2025 年第 18 次临时会议审议通过，
现提交股东会，请各位股东审议。

                                 紫金矿业集团股份有限公司
                                         董 事 会
                                 二〇二五年十二月三十一日

                             2
2025 年第二次临时股东会
       议案二

       紫金矿业集团股份有限公司
     关于修订《股东会议事规则》的议案

各位股东：
  为落实新《公司法》及 2025 年以来中国证监会《上市公司股东会
规则》等系列监管新规，并与本次《公司章程》修订相衔接，董事会
同意对《股东会议事规则》进行同步修订，重点就股东会的召集机制、
提案主体、表决程序等事项予以细化，以保障股东会规范、高效运作。
  修订后的《股东会议事规则》全文请详见公司于 2025 年 11 月 28
日披露的公告。

  以上议案经公司第八届董事会 2025 年第 18 次临时会议审议通过，
现提交股东会，请各位股东审议。

                      紫金矿业集团股份有限公司
                           董 事 会
                      二〇二五年十二月三十一日

                  3
2025 年第二次临时股东会
       议案三

       紫金矿业集团股份有限公司
     关于修订《董事会议事规则》的议案

各位股东：
  为落实新《公司法》及 2025 年以来中国证监会《上市公司治理准
则》等系列监管新规，并与本次《公司章程》修订相衔接，董事会同
意对《董事会议事规则》进行同步修订，重点就董事会组成、临时会
议召开、提案主体、提案规范、会议通知、列席人员等事项予以修改，
以保障董事会规范、高效运作。
  修订后的《董事会议事规则》全文请详见公司于 2025 年 11 月 28
日披露的公告。

  以上议案经公司第八届董事会 2025 年第 18 次临时会议审议通过，
现提交股东会，请各位股东审议。

                      紫金矿业集团股份有限公司
                           董 事 会
                      二〇二五年十二月三十一日

                  4
2025 年第二次临时股东会
       议案四

      紫金矿业集团股份有限公司
    关于修订《独立董事工作制度》的议案

各位股东：
  为落实新《公司法》及 2025 年以来证监会《上市公司治理准则》
等系列监管新规，并与本次《公司章程》修订相衔接，董事会同意对
《独立董事工作制度》作适应性修订，仅就监事会取消、专门委员会
名称变化及部分文字表述作相应调整。公司已于 2023 年依据《上市公
司独立董事管理办法》完成制度升级，本次修订不涉及对原有条款的
实质性调整。
  修订后的《独立董事工作制度》全文请详见公司于 2025 年 11 月
28 日披露的公告。

  以上议案经公司第八届董事会 2025 年第 18 次临时会议审议通过，
现提交股东会，请各位股东审议。

                     紫金矿业集团股份有限公司
                          董 事 会
                     二〇二五年十二月三十一日

                 5
2025 年第二次临时股东会
       议案五

      紫金矿业集团股份有限公司
    关于修订《关联交易管理办法》的议案

各位股东：
  为落实新《公司法》及 2025 年以来证监会《上市公司治理准则》
等系列监管新规，并与本次《公司章程》修订相衔接，董事会同意对
《关联交易管理办法》作适应性修订，仅就监事会取消、关联交易应
遵循的基本原则、应当披露的关联交易需经独立董事专门会议审议等
作相应调整。本次修订不涉及对原有条款的实质性调整。
  修订后的《关联交易管理办法》全",ok,,,,agent_preflight
601899,紫金矿业集团股份有限公司关于选举职工董事的公告,,2025-12-30 00:00:00,https://www.cninfo.com.cn/new/disclosure/detail?annoId=1224904427,1224904427,finalpage/2025-12-30/1224904427.PDF,https://static.cninfo.com.cn/finalpage/2025-12-30/1224904427.PDF,PDF,98,"证券代码：601899    股票简称：紫金矿业     编号：临 2025-101

              紫金矿业集团股份有限公司
              关于选举职工董事的公告

  本公司董事会及全体董事保证本公告内容不存在任何虚假记载、误导性陈述

或者重大遗漏，并对其内容的真实性、准确性和完整性承担法律责任。

  鉴于紫金矿业集团股份有限公司（以下简称“公司”）第八届董事会任期即

将届满，根据《公司法》及修订后的《公司章程》等相关规定，公司于 2025 年 12

月 29 日召开职工代表大会，选举谢雄辉先生为公司第九届董事会职工董事。

  谢雄辉先生将在公司 2025 年第二次临时股东会审议通过《关于修订<公司章

程>的议案》后，与该次股东会选举产生的非职工董事共同组成公司第九届董事会，

任期三年。

  特此公告。

                           紫金矿业集团股份有限公司

                              董   事   会

                           二〇二五年十二月三十日

                    1
  附件：职工董事简历

  谢雄辉，男，1974 年 10 月生，安徽理工大学地质矿产勘查专业学士，昆明理

工大学能源与环保专业博士，正高级工程师。具有律师、注册安全工程师、一级

建造师、地质工程师、注册咨询（投资）工程师等资格，中国上市公司协会可持

续发展（ESG）专业委员会委员。2001 年加入公司，历任珲春紫金矿业有限公司副

总经理、内蒙布龙图磷矿有限公司总经理、崇礼紫金矿业有限责任公司总经理、

俄罗斯龙兴有限公司董事长、紫金矿业集团西北有限公司总经理、紫金矿业集团

南方有限公司董事长、公司矿山管理部总经理。2016 年 12 月至 2019 年 12 月任公

司副总裁，2019 年 12 月起任公司执行董事、副总裁，2025 年 11 月起兼任公司控

股子公司福建龙净环保股份有限公司（SH600388）董事长。

                       2",ok,,,,agent_preflight
601899,紫金矿业集团股份有限公司2025年度业绩预增公告,,2025-12-31 00:00:00,https://www.cninfo.com.cn/new/disclosure/detail?annoId=1224910535,1224910535,finalpage/2025-12-31/1224910535.PDF,https://static.cninfo.com.cn/finalpage/2025-12-31/1224910535.PDF,PDF,58,"证券代码：601899       股票简称：紫金矿业      编号：临 2025-102

              紫金矿业集团股份有限公司
                2025 年度业绩预增公告

   本公司董事会及全体董事保证本公告内容不存在任何虚假记载、误导性陈述

或者重大遗漏，并对其内容的真实性、准确性和完整性承担法律责任。

   重要内容提示：

   1.紫金矿业集团股份有限公司（以下简称“公司”）预计2025年度实现归属

于上市公司股东的净利润约人民币510-520亿元（币种下同），与上年同期相比将

增加约189-199亿元，同比增加约59%-62%。

   2.预计2025年度实现归属于上市公司股东的扣除非经常性损益的净利润约

475-485亿元，与上年同期相比将增加约158-168亿元，同比增加约50%-53%。

   一、本期业绩预告情况

   （一）业绩预告期间

   2025年1月1日至2025年12月31日。

   （二）业绩预告情况

   经财务部门初步测算，预计2025年度实现归属于上市公司股东的净利润约

510-520亿元，与上年同期320.51亿元相比，将增加约189-199亿元，同比增加约

59%-62%。

   预计2025 年度实现归属于上市公司股东的扣除非经常性损益的净利润约

475-485亿元，与上年同期316.93亿元相比，将增加约158-168亿元，同比增加约

50%-53%。

   （三）本次业绩预告未经会计师事务所审计。

   二、上年同期业绩情况
  2024年归属于上市公司股东的净利润：320.51亿元。

  2024年归属于上市公司股东的扣除非经常性损益的净利润：316.93亿元。

  2024年每股收益：1.21元。

  三、本期业绩预增的主要原因

  （一）报告期主要矿产品产量同比增加，其中矿产金约90吨（2024年度：73

吨）、矿产铜（含卡莫阿权益产量）约109万吨(2024年度：107万吨）、矿产银约

437吨（2024年度：436吨）、当量碳酸锂（含藏格矿业5-12月产量）约2.5万吨（2024

年度：261吨）。

  （二）报告期，矿产金、矿产铜、矿产银销售价格同比上升。

  四、公司2026年度主要矿产品产量计划

  公司提出2026年度主要矿产品产量计划如下：矿产金105吨、矿产铜120万吨、

当量碳酸锂12万吨、矿产银520吨。

  五、其他说明事项及风险提示

  公司不存在影响本次业绩预告内容准确性的重大不确定因素；以上预告数据

仅为初步核算数据，具体准确的财务数据以公司正式披露的经审计后的2025年年

报为准；鉴于市场环境复杂多变，公司2026年度主要矿产品产量计划为指导性指

标，存在不确定性，不构成对产量实现的承诺，公司有权根据情况变化做出相应

调整；敬请广大投资者注意投资风险。

  特此公告。

                             紫金矿业集团股份有限公司

                                  董 事 会

                             二〇二五年十二月三十一日",ok,,,,agent_preflight
601899,紫金矿业集团股份有限公司2025年第二次临时股东会决议公告,,2026-01-01 00:00:00,https://www.cninfo.com.cn/new/disclosure/detail?annoId=1224914995,1224914995,finalpage/2026-01-01/1224914995.PDF,https://static.cninfo.com.cn/finalpage/2026-01-01/1224914995.PDF,PDF,132,"证券代码：601899       证券简称：紫金矿业     编号：2025-103

            紫金矿业集团股份有限公司
         2025年第二次临时股东会决议公告

    本公司董事会及全体董事保证本公告内容不存在任何虚假记载、误导性陈述

或者重大遗漏，并对其内容的真实性、准确性和完整性承担法律责任。

重要内容提示：

   本次会议是否有否决议案：无

一、 会议召开和出席情况

(一) 股东会召开的时间：2025 年 12 月 31 日

(二) 股东会召开的地点：福建省上杭县紫金大道 1 号紫金总部大楼 21 楼会议室

(三) 出席会议的普通股股东和恢复表决权的优先股股东及其持有股份情况：

1、出席会议的股东和代理人人数                           5,258

其中：A 股股东人数                                5,257

     境外上市外资股股东人数（H 股）                         1

2、出席会议的股东所持有表决权的股份总数（股）          14,861,225,027

其中：A 股股东持有股份总数                   11,825,353,603

     境外上市外资股股东持有股份总数（H 股）         3,035,871,424

3、出席会议的股东所持有表决权股份数占公司有表决权股份

总数的比例（%）                                55.8908
其中：A 股股东持股占股份总数的比例（%）                                                    44.4734

     境外上市外资股股东持股占股份总数的比例（%）                                              11.4174

(四) 表决方式是否符合《公司法》及《公司章程》的规定，会议主持情况等。

  公司 2025 年第二次临时股东会由公司董事会召集，会议由董事长陈景河先生
主持，会议的召集、召开及表决方式符合《公司法》等有关法律、法规、规章及
《公司章程》的规定。

(五) 公司董事、监事和董事会秘书的出席情况

1、公司在任董事12人，出席12人；
2、公司在任监事 5 人，出席 5 人；
3、董事会秘书及其他高管列席会议；
4、本次股东会的计票和监票工作由公司股东代表、监事、律师以及容诚（香港）
  会计师事务所有限公司担任。

二、 议案审议情况

(一) 非累积投票议案

1、 议案名称：关于修订《公司章程》的议案

  审议结果：通过

表决情况：

                   同意                         反对                       弃权
 股东类型
              票数           比例（%）         票数          比例（%）        票数         比例（%）

  A股      11,280,771,625   95.3948    417,292,631    3.5288    127,289,347   1.0764

  H股       1,458,363,412   48.0377   1,365,129,517   44.9667   212,378,495   6.9956

普通股合计： 12,739,135,037      85.7206   1,782,422,148   11.9938   339,667,842   2.2856
2、 议案名称：关于修订《股东会议事规则》的议案

  审议结果：通过

表决情况：

                    同意                        反对                       弃权
 股东类型
               票数          比例（%）         票数          比例（%）        票数        比例（%）

   A股     11,437,037,309   96.7162    387,613,694     3.2779      702,600   0.0059

   H股      1,594,552,432   52.5237   1,428,703,020   47.0607   12,615,972   0.4156

普通股合计： 13,031,589,741      87.6885   1,816,316,714   12.2219   13,318,572   0.0896

3、 议案名称：关于修订《董事会议事规则》的议案

  审议结果：通过

表决情况：

                    同意                        反对                       弃权
 股东类型
               票数          比例（%）         票数          比例（%）        票数        比例（%）

   A股     11,437,073,369   96.7165    387,569,634     3.2775      710,600   0.0060

   H股      1,544,057,111   50.8604   1,479,198,341   48.7240   12,615,972   0.4156

普通股合计： 12,981,130,480      87.3490   1,866,767,975   12.5613   13,326,572   0.0897

4、 议案名称：关于修订《独立董事工作制度》的议案

  审议结果：通过

表决情况：

                    同意                        反对                       弃权
 股东类型
               票数          比例（%）         票数          比例（%）        票数        比例（%）
   A股     11,437,009,559    96.7160     387,614,394     3.2778      729,650    0.0062

   H股      1,543,834,082    50.8531    1,479,421,370   48.7313   12,615,972    0.4156

普通股合计： 12,980,843,641       87.3471    1,867,035,764   12.5631   13,345,622    0.0898

5、 议案名称：关于修订《关联交易管理办法》的议案

  审议结果：通过

表决情况：

                    同意                          反对                       弃权
 股东类型
               票数           比例（%）          票数          比例（%）        票数        比例（%）

   A股     11,436,196,114    96.7091     388,413,034     3.2846      744,455    0.0063

   H股      1,592,690,913    52.4624    1,430,564,539   47.1220   12,615,972    0.4156

普通股合计： 13,028,887,027       87.6703    1,818,977,573   12.2398   13,360,427    0.0899

6、 议案名称：关于制订《董事和高级管理人员薪酬管理制度》的议案

  审议结果：通过

表决情况：

                    同意                          反对                       弃权
 股东类型
               票数           比例（%）          票数          比例（%）        票数        比例（%）

   A股      11,775,695,967    99.5801    48,315,108      0.4085    1,342,528    0.0114

   H股       2,946,731,352    97.0638     4,700,000      0.1548   84,440,072    2.7814

普通股合计：     14,722,427,319    99.0660    53,015,108      0.3568   85,782,600    0.5772

7、 议案名称：关于第九届董事薪酬和考核方案的议案
 审议结果：通过

表决情况：

           ",ok,,,,agent_preflight
601899,紫金矿业集团股份有限公司章程（2025年12月31日）,,2026-01-01 00:00:00,https://www.cninfo.com.cn/new/disclosure/detail?annoId=1224914993,1224914993,finalpage/2026-01-01/1224914993.PDF,https://static.cninfo.com.cn/finalpage/2026-01-01/1224914993.PDF,PDF,985,"紫金矿业集团股份有限公司

   章         程

   2025 年 12 月 31 日
                                                         目录
第一章        总 则 .............................................................................................................. 1

第二章        经营宗旨和范围 ............................................................................................ 2

第三章        股 份 .............................................................................................................. 3

第一节 股份发行 ..................................................................................................................... 3

第二节 股份增减和回购 ....................................................................................................... 4

第三节 股份转让 ..................................................................................................................... 5

第四章        股东和股东会 ................................................................................................ 7

第一节 股东的一般规定 ....................................................................................................... 7

第二节 控股股东和实际控制人 ....................................................................................... 10

第三节 股东会的一般规定................................................................................................. 11

第四节 股东会的召集 .......................................................................................................... 13

第五节 股东会的提案与通知 ............................................................................................ 14

第六节 股东会的召开 .......................................................................................................... 16

第七节 股东会的表决和决议 ............................................................................................ 20

第五章        类别股东表决的特别程序 .......................................................................... 24

第六章        公司党委 ...................................................................................................... 25

第七章        董事和董事会 .............................................................................................. 26

第一节 董事的一般规定 ..................................................................................................... 26

第二节 董事会 ....................................................................................................................... 30

第三节 独立董事 ................................................................................................................... 34

第四节 董事会专门委员会................................................................................................. 36

第八章        总裁及其他高级管理人员 .......................................................................... 39

第九章        财务会计制度、利润分配和审计 .............................................................. 40

第一节 财务会计制度 .......................................................................................................... 41
第二节 内部审计 ................................................................................................................... 45

第三节 会计师事务所的聘任 ............................................................................................ 46

第十章         通知和公告 .................................................................................................. 46

第一节 通知 ............................................................................................................................ 46

第二节 公告 ............................................................................................................................ 47

第十一章            合并、分立、增资、减资、解散和清算 .............................................. 48

第一节 合并、分立、增资和减资 ................................................................................... 48

第二节 解散和清算 .............................................................................................................. 49

第十二章            修改章程 .............................................................................................",ok,,,,agent_preflight
601899,紫金矿业集团股份有限公司第九届董事会第一次会议决议公告,,2026-01-01 00:00:00,https://www.cninfo.com.cn/new/disclosure/detail?annoId=1224914992,1224914992,finalpage/2026-01-01/1224914992.PDF,https://static.cninfo.com.cn/finalpage/2026-01-01/1224914992.PDF,PDF,147,"证券代码：601899     股票简称：紫金矿业        编号：临 2025-104

              紫金矿业集团股份有限公司
           第九届董事会第一次会议决议公告

  本公司董事会及全体董事保证本公告内容不存在任何虚假记载、误导性陈述

或者重大遗漏，并对其内容的真实性、准确性和完整性承担法律责任。

  紫金矿业集团股份有限公司（以下简称“公司”）第九届董事会第一次会议于

2025 年 12 月 31 日在公司上杭总部以现场方式召开。会议应出席董事 14 名，实际

出席董事 14 名，本次会议有效表决票 14 票。公司高管列席会议，本次会议的召

集和召开符合《公司法》和《公司章程》的有关规定，会议由邹来昌董事长主持，

以投票表决方式审议通过以下议案：

  一、审议通过《关于选举公司第九届董事会董事长、副董事长的议案》

  会议选举邹来昌先生为公司第九届董事会董事长，选举林泓富先生为公司第

九届董事会副董事长，任期均为三年。

  表决结果：同意 14 票，反对 0 票，弃权 0 票。

  二、审议通过《关于第九届董事会专门委员会组成人员的议案》

  会议选举产生董事会四个专门委员会委员，具体如下：

  （一）董事会战略与可持续发展（ESG）委员会

  主任：邹来昌

  副主任：林泓富、王安建

  委员：薄少川、林寿康、李建、谢雄辉、吴健辉、沈绍阳、郑友诚、吴红辉

  办事机构：董事会办公室

  （二）董事会执行与投资委员会

  主任：邹来昌

                      1
  副主任：林泓富

  委员：谢雄辉、吴健辉、沈绍阳、郑友诚、吴红辉

  办事机构：董事会办公室

  （三）董事会审计与监督委员会

  主任：曲晓辉   联席主任：郑友诚

  委员：吴小敏、薄少川、林寿康、洪波

  办事机构：审计监察部

  （四）董事会提名与薪酬委员会

  主任：吴小敏

  副主任：林寿康

  委员：薄少川、洪波、李建、邹来昌

  办事机构：人力资源部

  以上表决结果：同意 14 票，反对 0 票，弃权 0 票。

  （五）推选吴小敏女士为公司首席独立董事

  三、审议通过《关于聘任公司总裁、董事会秘书的议案》

  根据董事长邹来昌先生的提名，聘任林泓富先生为公司总裁，聘任高文龙先

生为公司董事会秘书，任期均为三年。有关简历详见附件。

  本议案提交董事会审议前，已经董事会提名与薪酬委员会审议通过。

  表决结果：同意 14 票，反对 0 票，弃权 0 票。

  四、审议通过《关于聘任公司常务副总裁、副总裁、财务总监及联席财务总

监、总工程师的议案》

  根据总裁林泓富先生的提名，聘任吴健辉先生为公司常务副总裁，聘任谢雄

辉先生、沈绍阳先生、吴红辉先生、龙翼先生、王春先生、廖元杭先生、丘国柱

先生、简锡明先生、高文龙先生为公司副总裁；聘任吴红辉先生为公司财务总监

（兼），聘任蔡雪琳女士为公司联席财务总监；聘任吴健辉先生为公司总工程师

（兼）；任期均为三年。有关简历详见附件。

                      2
本议案提交董事会审议前，已经董事会提名与薪酬委员会审议通过。

表决结果：同意 14 票，反对 0 票，弃权 0 票。

特此公告。

                              紫金矿业集团股份有限公司

                                  董 事 会

                               二〇二六年一月一日

                    3
附件：高级管理人员简历

   林泓富，男，1974 年 4 月生，清华大学工商管理硕士（EMBA），中南大学博士，

教授级高级工程师。1997 年 8 月加入公司，历任黄金冶炼厂厂长，紫金山金矿副

矿长，巴彦淖尔紫金有色金属公司总经理、董事长等职，2006 年 8 月至 2013 年

10 月任公司副总裁，2013 年 10 月至 2019 年 12 月任公司执行董事、副总裁，2019

年 12 月至 2025 年 12 月任公司执行董事、常务副总裁，2022 年 6 月至 2025 年 10

月兼任公司控股子公司福建龙净环保股份有限公司（SH600388）董事长，2025 年

5 月起兼任公司控股子公司紫金黄金国际有限公司（HK2259）非执行董事兼董事长。

2025 年 12 月起任公司执行董事、副董事长、总裁。

   吴健辉，男，1974 年 11 月生，南方冶金学院选矿工程专业学士，中国地质大

学地质工程硕士，对外经济贸易大学工商管理硕士，中南大学博士，教授级高级

工程师。1997 年 8 月加入公司，历任紫金山金矿选矿厂副厂长、紫金山铜矿试验

厂副厂长、紫金山铜矿建设指挥部总指挥助理，巴彦淖尔紫金有色金属公司副总

经理、总经理，紫金铜业有限公司总经理，公司冶炼加工管理部常务副总经理、

总经理，西藏巨龙铜业有限公司总经理，西藏紫金实业有限公司总经理，2022 年

5 月至 2022 年 12 月任公司副总裁，2022 年 12 月至 2025 年 12 月任公司执行董事、

副总裁，2025 年 3 月起兼任公司总工程师，2025 年 5 月起兼任公司控股子公司藏

格矿业股份有限公司（SZ000408）董事长。2025 年 12 月起任公司执行董事、常务

副总裁、总工程师（兼）。

   谢雄辉，男，1974 年 10 月生，安徽理工大学地质矿产勘查专业学士，昆明理

工大学能源与环保专业博士，教授级高级工程师。具有律师、注册安全工程师、

一级建造师、企业法律顾问、注册咨询（投资）工程师等资格，中国上市公司协

会可持续发展（ESG）专业委员会委员。2001 年加入公司，历任珲春紫金矿业有限

公司副总经理，崇礼紫金矿业有限责任公司总经理，俄罗斯龙兴有限公司董事长，

紫金矿业集团西北有限公司总经理，紫金矿业集团南方有限公司董事长，公司矿

山管理部总经理。2016 年 12 月至 2019 年 12 月任公司副总裁，2019 年 12 月起任

                          4
公司执行董事、副总裁，2025 年 11 月起兼任公司控股子公司福建龙净环保股份有

限公司（SH600388）董事长，2025 年 12 月起任公司执行董事、职工董事、副总裁。

   沈绍阳，男，1969 年 7 月生，厦门大学国际贸易专业学士，新加坡国立大学

工商管理硕士，多伦多大学管理与专业会计硕士，加拿大特许专业会计师。曾任

厦门特区贸易有限公司子公司经理，厦门远东国际贸易公司总经理，加拿大 Grant

Thornton LLP 高级分析师，加拿大矿业公司 Silvercorp Metals Inc.副总裁、首

席运营官。2014 年 5 月加入公司任国际部总经理，2015 年 11 月至 2019 年 12 月

任合资公司巴理克（新几内亚）有限公司董事总经理，2019 年 12 月至 2025 年 12

月任公司副总裁。2025 年 12 月起任公司执行董事、副总裁。

   吴红辉，男，1976 年 8 月生，工商管理硕士，注册会计师、税务师、高级会

计师。2007 年 8 月加入公司，历任巴彦淖尔紫金有色金属有限公司计划财务部副

经理、经理，总经理助理，财务总监，公司计划财务部总经理，2019 年 12 月至

2025 年 12 月任公司财务总监。2025 年 12 月起任公司执行董事、副总裁、财务总

监（兼）
   。

   龙翼，男，1976 年 10 月生，东北大学采矿工程专业学士，东北大学采矿工程

专业博士研究生，高级工程师。1999 年加入公司，历任紫金山金铜矿技术员、铜

矿建设指挥部办公室副主任、井下工程处副处长，新疆金宝矿业有限公司总经理

助理，富蕴金山矿冶有限公司副总经理，新疆金宝矿业有限公司总经理，新疆阿

舍勒铜业股份有限公司总经理，公司总裁助理，紫金山金铜矿矿长，公司安全总

监，穆索诺伊矿业简易股份有限公司总经理，公司国际事业部总经理，塞尔维亚

紫金波尔铜业有限公司总经理，2019 年 12 月起任公司副总裁。

   王春，男，1968 年 11 月生，中南工业大学应用化学专业学士，中国科学院长

春应用化学研究院博士研究生，教授级高级工程师。曾任北京矿冶研究总院课题

组长；西藏玉龙铜业有限公司总工程师；瑞木镍钴管理(中冶)有限公司副总经理

与技术总监；公司副总工程师、紫金矿冶设计研究院院长；洛阳栾川钼业集团股

份有限公司运营及技术副总裁；公司副总工程师、国际事业部总工程师，大陆黄

                          5
金有限公司哥伦比亚分公司总经理，金山（香港）国际矿业有限公司总经理。2021

年 11 月起兼任公司控股子公司紫金黄金国际有限公司（HK2259）非执行董事。2022

年 12 月起任公司副总裁。

  廖元杭，男，1970 年 1 月生，合肥工业大学学士，厦门大学工商行政管理研

究生班毕业，中南大学冶金与环境工程在读博士，教授级高级工程师。曾任福建

金鑫粉末冶金股份有限公司（原龙岩粉末冶金厂）冶金制品分厂厂长、生产技术

处长、龙岩粉末冶金研究所长、技术质量部部长、总工程师、副总经理；2003 年

",ok,,,,agent_preflight
601899,福建至理律师事务所关于紫金矿业集团股份有限公司2025年第二次临时股东会的法律意见书,,2026-01-01 00:00:00,https://www.cninfo.com.cn/new/disclosure/detail?annoId=1224914991,1224914991,finalpage/2026-01-01/1224914991.PDF,https://static.cninfo.com.cn/finalpage/2026-01-01/1224914991.PDF,PDF,282,"关于紫金矿业集团股份有限公司

                    2025 年第二次临时股东会的

                   法       律       意        见       书

                          福建至理律师事务所
               地址：福州市鼓楼区洪山园路华润万象城三期 TB#写字楼 22 层
电话：
  （86 591）8806 5558 传真：
                      （86 591）8806 8008 网址：http://www.zenithlawyer.com

                                     1
             福建至理律师事务所
         关于紫金矿业集团股份有限公司
       2025 年第二次临时股东会的法律意见书

                       闽理非诉字〔2025〕第 289 号

致：紫金矿业集团股份有限公司

  福建至理律师事务所（以下简称本所）接受紫金矿业集团股份有限公司（以
下简称公司）之委托，指派林涵、韩叙律师（以下简称本所律师）出席公司 2025
年第二次临时股东会（以下简称本次会议），并依据《中华人民共和国公司法》
（以下简称《公司法》）、《中华人民共和国证券法》（以下简称《证券法》）、《上
市公司股东会规则》、
         《上海证券交易所上市公司自律监管指引第 1 号——规范运
作》
 （以下简称《自律监管指引第 1 号》）等有关法律、法规、规范性文件以及《紫
金矿业集团股份有限公司章程》（以下简称《公司章程》）之规定出具法律意见。

  对于本法律意见书，本所特作如下声明：
  1.本所及经办律师依据《证券法》
                 《律师事务所从事证券法律业务管理办法》
和《律师事务所证券法律业务执业规则(试行)》等规定及本法律意见书出具日以
前已经发生或者存在的事实，严格履行了法定职责，遵循了勤勉尽责和诚实信用
原则，进行了充分的核查验证，保证本法律意见书所认定的事实真实、准确、完
整，所发表的结论性意见合法、准确，不存在虚假记载、误导性陈述或者重大遗
漏，并承担相应法律责任。
  2.公司应当对其向本所律师提供的本次会议资料以及其他相关资料（包括但
不限于董事会决议及公告、《关于召开 2025 年第二次临时股东会的通知》、本次
会议股权登记日的公司股东名册和《公司章程》等）的真实性、完整性和有效性
负责。
  3.对于出席现场会议的公司股东（或股东代理人）在办理出席会议登记手续
时向公司出示的身份证件、营业执照、授权委托书等资料，其真实性、有效性应

                   2
当由出席股东（或股东代理人）自行负责，本所律师的责任是核对股东姓名（或
名称）及其持股数额与公司股东名册中登记的股东姓名（或名称）及其持股数额
是否相符。
   4.公司股东（或股东代理人）通过上海证券交易所上市公司股东会网络投票
系统（包括交易系统投票平台、互联网投票平台）参加网络投票的操作行为均视
为股东自己的行为，股东应当对此承担一切法律后果。通过上海证券交易所上市
公司股东会网络投票系统进行网络投票的股东资格，由网络投票系统提供机构上
证所信息网络有限公司验证其身份。
   5.按照《上市公司股东会规则》的要求，本所律师在本法律意见书中仅对本
次会议的召集、召开程序、本次会议召集人和出席会议人员的资格、本次会议的
表决程序和表决结果发表法律意见。本所律师并不对本次会议审议的各项议案内
容及其所涉及事实或数据的真实性、准确性、合法性发表意见。
   6.本所律师同意公司董事会将本法律意见书与本次会议的决议一并公告。

   基于上述声明，根据《上市公司股东会规则》第六条的要求，按照律师行业
公认的业务标准、道德规范和勤勉尽责精神，本所律师现出具法律意见如下：

   一、本次会议的召集、召开程序

   根据公司第八届董事会 2025 年第 18 次临时会议的授权，公司董事长决定于
2025 年 12 月 31 日召开本次会议，并于 2025 年 12 月 13 日在公司网站及上海证
券交易所网站上刊登了召开本次会议的通知。

   本次会议采用现场会议和网络投票相结合的方式召开。本次会议的现场会议
于 2025 年 12 月 31 日在福建省上杭县紫金大道 1 号紫金总部大楼 21 楼会议室
召开，本次会议由董事长陈景河先生主持。公司股东通过上海证券交易所股东会
网络投票系统进行网络投票的时间为：(1)通过上海证券交易所交易系统投票平
台的投票时间为股东会召开当日的交易时间段：即 9:15—9:25、9:30—11:30 和
13:00—15:00；(2)通过上海证券交易所互联网投票平台的投票时间为股东会召
开当日的 9:15 至 15:00。

                         3
   本所律师认为，本次会议的召集、召开程序符合《公司法》《上市公司股东
会规则》《自律监管指引第 1 号》和《公司章程》的规定。

   二、本次会议召集人和出席会议人员的资格

   (一)本次会议由公司董事会召集。本所律师认为，本次会议召集人的资格合
法有效。

   (二)关于出席本次会议人员的资格

   1.出席现场会议和参加网络投票的股东(或股东代理人，下同)共 5,258 人，
代表股份 14,861,225,027 股，占公司有表决权股份总数的 55.8908%。其中：(1)A
股股东共 5,257 人，代表股份 11,825,353,603 股，占公司有表决权股份总数的
44.4734%；(2)H 股股东共 1 人，代表股份 3,035,871,424 股,占公司有表决权股
份总数的 11.4174%。以上通过网络投票系统进行投票的股东资格,由网络投票系
统提供机构上证所信息网络有限公司验证其身份。
   2.公司董事、高级管理人员列席了本次会议。

   本所律师认为，上述出席或列席会议人员的资格合法有效。

   三、本次会议的表决程序和表决结果

   本次会议以现场记名投票和网络投票相结合的表决方式，审议通过了以下议
案：

   (一)审议通过《关于修订<公司章程>的议案》，表决结果为：

 股东           同意              反对              弃权

 类型      票数        比例    票数        比例    票数        比例

                         4
                       （%）                         （%）                     （%）

A股   11,280,771,625    95.3948     417,292,631     3.5288    127,289,347   1.0764

H股    1,458,363,412    48.0377   1,365,129,517     44.9667   212,378,495   6.9956

合计   12,739,135,037    85.7206   1,782,422,148     11.9938   339,667,842   2.2856

 (二)审议通过《关于修订<股东会议事规则>的议案》，表决结果为：

               同意                             反对                     弃权
股东
                         比例                          比例                     比例
类型        票数                             票数                     票数
                        （%）                         （%）                    （%）

A股    11,437,037,309   96.7162      387,613,694     3.2779       702,600   0.0059

H股     1,594,552,432   52.5237    1,428,703,020    47.0607    12,615,972   0.4156

合计    13,031,589,741   87.6885    1,816,316,714    12.2219    13,318,572   0.0896

 (三)审议通过《关于修订<董事会议事规则>的议案》，表决结果为：

               同意                             反对                     弃权
股东
                         比例                          比例                     比例
类型        票数                             票数                     票数
             ",ok,,,,agent_preflight
601899,紫金矿业集团股份有限公司关于2023年股票期权激励计划第一个行权期自主行权实施结果暨股份变动公告,,2026-01-06 00:00:00,https://www.cninfo.com.cn/new/disclosure/detail?annoId=1224919877,1224919877,finalpage/2026-01-06/1224919877.PDF,https://static.cninfo.com.cn/finalpage/2026-01-06/1224919877.PDF,PDF,134,"证券代码：601899      证券简称：紫金矿业         编号：临 2026-001

              紫金矿业集团股份有限公司
关于 2023 年股票期权激励计划第一个行权期自主行权实施结果
                  暨股份变动公告

  本公司董事会及全体董事保证本公告内容不存在任何虚假记载、误导性陈述

或者重大遗漏，并对其内容的真实性、准确性和完整性承担法律责任。

重要内容提示：

   本次行权股票数量：紫金矿业集团股份有限公司（以下简称“公司”）2023

年股票期权激励计划第一个行权期的可行权时间为 2025 年 12 月 8 日至 2026 年 12

月 7 日，可行权数量为 1,310 万股。截至本公告披露日，累计已行权并完成过户

登记的股票数量为 1,220 万股，占本期可行权总量的 93.13%。

   本次行权股票上市流通时间：公司采用自主行权模式，激励对象行权所得

股票于行权日（T 日）后的第一个交易日（T+1 日）登记至其证券账户，第二个交

易日（T+2 日）允许上市流通。

  一、本次股权激励计划行权的决策程序及相关信息披露

  经公司于 2025 年 10 月 17 日召开的第八届董事会第十三次会议和第八届监事

会第十三次会议审议通过，公司 2023 年股票期权激励计划第一个行权期行权条件

已成就，具体内容详见公司临 2025-089 号公告。

  二、本次股权激励计划行权的基本情况

  （一）激励对象行权情况
                                                      本次已行
                                             本次已行
                             本次可行    本次已行             权数量占
              2023 年授予股票期权                   权数量占
序号     姓名                     权数量     权数量             已授予期
                   时的职务                      可行权数
                             （万股）    （万股）             权总量的
                                             量的比例
                                                       比例
1     陈景河           董事长       200     200     100%    33.33%
2     邹来昌      副董事长、总裁        170     170     100%    33.33%
3     林泓富      董事、常务副总裁       100     100     100%    33.33%
4     林红英          董事、副总裁     100     100     100%    33.33%
5     谢雄辉          董事、副总裁     100     100     100%    33.33%
6     吴健辉          董事、副总裁     100     100     100%    33.33%
7     沈绍阳           副总裁       90       0       0%       0%
8     龙   翼         副总裁       90      90      100%    33.33%
9     吴红辉          财务总监       90      90      100%    33.33%
10    郑友诚          董事会秘书      90      90      100%    33.33%
11    王   春         副总裁       90      90      100%    33.33%
12    廖元杭           副总裁       90      90      100%    33.33%
              合计             1,310   1,220   93.13%   29.05%

     （二）本次行权股票来源情况

     公司向激励对象定向发行的 A 股普通股股票。

     （三）行权人数

     截至本公告披露日，第一个行权期符合行权条件的激励对象共 12 人，其中 11

人已完成行权；剩余 1 人因距其最近一次减持公司股票未满 6 个月，为避免触发

短线交易，尚未行权。

     三、本次股权激励计划行权股票的上市流通安排及股本结构变动情况

     （一）本次行权股票的上市流通日

     公司采用自主行权模式，激励对象行权所得股票于行权日（T 日）后的第一个

交易日（T+1 日）登记至其证券账户，第二个交易日（T+2 日）允许上市流通。

     （二）本次行权股票的上市流通数量

     截至本公告披露日，本次行权股票的上市流通数量为 1,220 万股。
   （三）董事和高级管理人员本次行权股票的锁定和转让限制

   激励对象为公司董事和高级管理人员的，转让其持有的公司股票应当符合中

国证监会《上市公司董事和高级管理人员所持本公司股份及其变动管理规则》、

上海证券交易所《上市公司自律监管指引第 15 号——股东及董事、高级管理人员

减持股份》以及《公司章程》的规定。

   （四）股本结构变动情况
                本次变动前                本次变动增减（＋,－）        本次变动后
   类别
            数量（股）           比例       增加（股） 减少（股）    数量（股）          比例

一、有限售条
                       0         0         0    0             0         0
件股份

二、无限售条
       26,577,533,140       100% +12,200,000    0 26,589,733,140   100%
件股份

1、A 股      20,588,693,140 77.47% +12,200,000    0 20,600,893,140 77.48%

2、H 股       5,988,840,000 22.53%           0    0   5,988,840,000 22.52%

三、股份总数     26,577,533,140   100% +12,200,000    0 26,589,733,140   100%

   本次股份变动后公司控股股东、实际控制人未发生变化。

   四、股份登记情况及行权资金使用计划

   截至本公告披露日，公司 2023 年股票期权激励计划第一个行权期已累计行权

1,220 万股，并在中国证券登记结算有限责任公司上海分公司完成过户登记，共募

集资金人民币 13,603 万元，将全部用于补充公司流动资金。

   五、本次行权后新增股份对最近一期财务报告的影响

   本次行权后新增股份对最近一期财务报告不会产生重大影响。

   特此公告。

                                               紫金矿业集团股份有限公司

                                                    董   事    会

                                                二〇二六年一月六日",ok,,,,agent_preflight
601899,紫金矿业H股市场公告,,2026-01-06 00:00:00,https://www.cninfo.com.cn/new/disclosure/detail?annoId=1224919815,1224919815,finalpage/2026-01-06/1224919815.PDF,https://static.cninfo.com.cn/finalpage/2026-01-06/1224919815.PDF,PDF,149,"FF301

股份發行人及根據《上市規則》第十九B章上市的香港預託證券發行人的證券變動月報表

截至月份:          2025年12月31日                                                             狀態: 新提交

致：香港交易及結算所有限公司

公司名稱:          紫金礦業集團股份有限公司

呈交日期:          2026年1月2日

I. 法定/註冊股本變動

1. 股份分類        普通股            股份類別         A                         於香港聯交所上市 (註1)       否

證券代號 (如上市)     601899         說明
                              法定/註冊股份數目                         面值                            法定/註冊股本

上月底結存                                20,591,232,240 RMB                      0.1 RMB                         2,059,123,224

增加 / 減少 (-)                              -2,539,100                             RMB                              -253,910

本月底結存                                20,588,693,140 RMB                      0.1 RMB                         2,058,869,314

2. 股份分類        普通股            股份類別         H                         於香港聯交所上市 (註1)       是

證券代號 (如上市)     02899          說明
                              法定/註冊股份數目                         面值                            法定/註冊股本

上月底結存                                 5,736,940,000 RMB                      0.1 RMB                          573,694,000

增加 / 減少 (-)                            251,900,000                              RMB                            25,190,000

本月底結存                                 5,988,840,000 RMB                      0.1 RMB                          598,884,000

                                                      本月底法定/註冊股本總額： RMB                      2,657,753,314

備註：

                                               第 1 頁 共 11 頁                                                       v 1.1.1
                                                                                                                  FF301

公司於2025年12月31日修改公司章程，股份總數由 26,328,172,240 股變更為 26,577,533,140 股，註冊資本由人民幣 2,632,817,224 元變更為人民幣 2,657,753,314 元。

                                                             第 2 頁 共 11 頁                                         v 1.1.1
                                                                                                      FF301

II. 已發行股份及/或庫存股份變動

1. 股份分類       普通股            股份類別          A                       於香港聯交所上市 (註1)   否

證券代號 (如上市)    601899         說明
                       已發行股份（不包括庫存股份）數目                       庫存股份數目                   已發行股份總數

上月底結存                               20,588,703,340                          0                    20,588,703,340

增加 / 減少 (-)                            12,189,800                           0

本月底結存                               20,600,893,140                          0                    20,600,893,140

2. 股份分類       普通股            股份類別          H                       於香港聯交所上市 (註1)   是

證券代號 (如上市)    02899          說明
                       已發行股份（不包括庫存股份）數目                       庫存股份數目                   已發行股份總數

上月底結存                                5,988,840,000                          0                     5,988,840,000

增加 / 減少 (-)                                     0                           0

本月底結存                                5,988,840,000                          0                     5,988,840,000

                                               第 3 頁 共 11 頁                                            v 1.1.1
                                                                                                                                                                 FF301

III.已發行股份及/或庫存股份變動詳情

 (A). 股份期權（根據發行人的股份期權計劃）

1. 股份分類                 普通股                              股份類別              A                          於香港聯交所上市 (註1)                          否

證券代號(如上市)               601899                           說明
                                                                                                                                                           本月底可於所有根據計劃
                      上月底結存的股份期權數                                              本月底結存的股份期權數          本月內因此發行的新股數     ",ok,,,,agent_preflight
601899,紫金矿业H股市场公告,,2026-01-09 00:00:00,https://www.cninfo.com.cn/new/disclosure/detail?annoId=1224925644,1224925644,finalpage/2026-01-09/1224925644.PDF,https://static.cninfo.com.cn/finalpage/2026-01-09/1224925644.PDF,PDF,241,"關於變更授權代表的公告

茲提述紫金礦業集團股份有限公司（「本公司」）日期為 2025 年 12 月 31 日關於（其中包括）
本公司董事會（「董事會」）換屆及陳景河先生辭任本公司執行董事、董事長職務的公告。本
公司董事會謹此公告，陳景河先生辭任上述職務後，停止擔任香港聯合交易所有限公司證券
上市規則第 3.05 條項下本公司授權代表（「授權代表」）  。本公司已委任本公司執行董事、董
事長鄒來昌先生為授權代表，自 2026 年 1 月 8 日起生效。

2026 年 1 月 8 日 中國福建
*本公司之英文名稱僅供識別

                           1",ok,,,,agent_preflight
601899,紫金矿业集团股份有限公司关于2026年度套期保值业务的公告,,2026-01-15 00:00:00,https://www.cninfo.com.cn/new/disclosure/detail?annoId=1224934785,1224934785,finalpage/2026-01-15/1224934785.PDF,https://static.cninfo.com.cn/finalpage/2026-01-15/1224934785.PDF,PDF,125,"证券代码：601899    股票简称：紫金矿业     编号：临 2026-003

              紫金矿业集团股份有限公司
         关于2026年度套期保值业务的公告

  本公司董事会及全体董事保证本公告内容不存在任何虚假记载、误导性陈述

或者重大遗漏，并对其内容的真实性、准确性和完整性承担法律责任。

  一、套期保值业务情况概述

  （一）交易目的

  为降低大宗商品市场价格波动对紫金矿业集团股份有限公司（以下简称“公

司”）及子公司生产经营的不利影响，防范利率汇率风险，公司利用金融工具的套

期保值功能，对生产经营业务相关的产品及原材料、外汇风险敞口择机开展套期

保值业务，提升公司防御风险能力，确保稳健经营。

  （二）套期保值规模

  1.冶炼加工类企业和贸易类企业通过套期保值锁定利润，未保值部分实行敞

口限额管理。冶炼加工类企业敞口数量不超过所在企业全系统已生成价格总量的

一定比例，其中，铜、锌为 25%，金、银为 50%；贸易类企业原则上套期保值头寸

与货物作价敞口数量匹配，如有敞口，上限不超过授权额度；以上具体敞口数量

由公司金融委员会在董事会授权额度内确定。

  2.矿山类企业根据矿产品年度计划产量进行套期保值，集团矿产品（铜、锌、

金、银）套期保值最大持仓量为年度计划产量 5%；碳酸锂的套期保值最大持仓量

由公司金融委员会在董事会的权限范围内根据市场情况另行确定。

  3.对于集团非记账本位币的资产和负债错币种产生的外汇会计敞口及因并购、

分红、采购等有明确收付计划的外汇交易需求，董事会授权公司金融委员会依照

总外汇敞口动态调整套期保值规模，外汇衍生品交易持仓金额不得超过实际外汇

敞口。

                   1
  （三）资金来源

  公司自有资金，不涉及募集资金。

  （四）交易方式

  1.交易类型

  商品套期保值业务品种包括：公司矿山、冶炼主营品种及供应链业务相关品

种；外汇套期保值业务包括但不限于外汇远期、掉期、期权、货币互换、利率互

换等。

  2.交易场所：

  场内交易场所：根据实际业务需求，公司拟通过上海证券交易所、深圳证券

交易所、上海期货交易所、中国金融期货交易所、上海黄金交易所等合法境内外

交易场所进行场内期货和衍生品交易业务。

  场外交易对手方：公司拟通过经监管机构批准、有衍生品交易业务经营资质

的证券公司、商业银行等金融机构（非关联方机构）进行场外期货和衍生品交易

业务。

  因公司在海外有自产黄金、铜等矿产品，为规避价格波动产生的风险，公司

部分期货和衍生品业务拟在境外开展。公司开展上述业务，均通过欧美等发达地

区交易所、大型商业银行和投资银行等专业金融机构，信用等风险基本可控。

  （五）实施主体

  根据业务实施情况，实施主体为公司和子公司。

  （六）授权期限

  自董事会审议通过之日起 12 个月内有效。

  二、审议程序

  公司于 2026 年 1 月 14 日召开第九届董事会 2026 年第 1 次临时会议，审议通

过《关于 2026 年度套期保值业务授权的议案》，同意公司及子公司开展与生产经

营相关的产品、原材料及外汇套期保值业务，授权公司金融委员会对套期保值业

务进行管理。本议案在董事会审议权限范围内，无需提交股东会审议。

                       2
  三、套期保值风险分析

  公司进行套期保值业务不以投机为目的，主要为有效规避价格波动对公司带

来的不利影响，但同时也会存在一定的风险,主要如下：

  （一）市场风险

  公司开展相关套期保值业务时，将受国际及国内经济政策和经济形势、汇率

和利率波动、地缘政治等多种因素影响，如原料和产品价格、汇率和利率行情等

变动较大时，可能会造成期货交易的损失。

  （二）资金风险

  当公司没有及时补足保证金时，可能会被强制平仓而遭受损失。

  （三）内部控制风险

  套期保值业务专业性较强，复杂程度较高，可能会由于内部控制机制不完善

而造成风险。

  （四）技术风险

  由于无法控制或不可预测的系统、网络、通讯故障等造成交易系统非正常运

行，使交易指令出现延迟、中断或数据错误等问题，从而带来相应风险。

  四、风险控制措施

  （一）公司已建立较为完善的套期保值制度流程，将套期保值业务与生产经

营相匹配，坚持“只做保值不做投机”的基本原则，严格进行套期保值交易。公

司金融委员会在董事会授权范围内对套期保值交易业务进行决策。

  （二）公司及子公司制定《大宗商品套期保值管理办法》
                          《全面风险管理办法》

《资金管理办法》
       《商品期货套期保值实施细则》等制度，详尽规定套期保值业务

风险控制、审批程序、后续管理等，有效防范交易业务风险。同时加强相关人员

的专业知识培训，提高从业人员的专业素养。

  （三）公司严格控制套期保值的规模，合理计划和使用保证金，制定并执行

严格的止损机制。

  （四）公司将密切跟踪市场行情变化，关注价格走势，及时调整套期保值方

                 3
案，并结合现货销售，尽可能降低交易风险。

  （五）在业务操作过程中，严格遵守国家有关法律法规的规定，防范法律风

险，定期对套期保值业务的规范性、内控机制的有效性等方面进行监督检查。

  五、会计政策及核算原则

  公司根据财政部《企业会计准则第 22 号—金融工具确认和计量》《企业会计

准则第 37 号—金融工具列报》《企业会计准则第 39 号—公允价值计量》《企业会

计准则第 24 号—套期会计》等相关规定及其指南，对拟开展的套期保值业务进行

相应的核算处理，在资产负债表及损益表相关项目中反映。

  六、对公司的影响

  在保证正常生产经营的前提下，公司开展与生产经营相关的套期保值业务，

旨在充分利用期货市场的套期保值功能，有效规避价格波动对公司业绩的影响，

具有必要性和可行性；公司开展套期保值业务的相关审批程序符合国家相关法律、

法规及《公司章程》的有关规定。公司已制定相关制度，明确审批流程、风险防

控和管理等内部控制程序，对公司控制套期保值风险起到了保障作用。公司开展

套期保值业务不会对公司的正常经营造成重大影响，符合公司及全体股东的利益。

  特此公告。

                           紫金矿业集团股份有限公司

                              董   事   会

                           二〇二六年一月十五日

                    4",ok,,,,agent_preflight
601899,紫金矿业集团股份有限公司董事会会议提案管理规定,,2026-01-15 00:00:00,https://www.cninfo.com.cn/new/disclosure/detail?annoId=1224934784,1224934784,finalpage/2026-01-15/1224934784.PDF,https://static.cninfo.com.cn/finalpage/2026-01-15/1224934784.PDF,PDF,238,"紫金矿业集团股份有限公司
               董事会会议提案管理规定

                  第一章 总则

  第一条 为规范紫金矿业集团股份有限公司（以下简称“公司”）董事会提案管理，

帮助公司董事全面及时获取提案信息，提高决策科学性，健全内控机制，确保信息披露

完整，根据《中华人民共和国公司法》
                《中华人民共和国证券法》等法律、行政法规、部

门规章、公司股票上市地证券监管规则、
                 《公司章程》和公司《董事会议事规则》等有关

规定，制定本规定。

  第二条 本规定所称议案，是指正式列入董事会会议审议范围的待审议事项。提案

人已提交但尚未列入董事会会议审议范围的待审议事项称为提案，提出提案的人士或单

位称为提案人。

  第三条 本规定适用于所有以提案名义向公司董事会提交报告，并提请董事会审议

决策的行为。

               第二章 提案人及提案类型

  第四条 下列主体有权向董事会提出提案：

  （一）任何一名董事；

  （二）董事会专门委员会；

  （三）总裁、常务副总裁、副总裁、财务总监及联席财务总监、董事会秘书、总工

程师等高级管理人员（以下简称“高管”）；

  （四）单独或合并持股百分之一以上的股东；

  上述第（二）、
        （三）项主体所提的提案应限于其职责所及范围内的事项且属于董事

会的职责范围。

  第五条 本规定所述提案包括但不限于：

  （一）定期报告类；

  （二）对外投资类；

                       1
  （三）建设投资类；

  （四）出售资产类；

  （五）利润分配类；

  （六）人事薪酬类；

  （七）对外担保类；

  （八）委托理财类；

  （九）关联交易类；

  （十）对外捐赠类；

  （十一）其他应提交董事会审议的提案。

                 第三章 提案审核流程

  第六条 董事会提案管理实行分层对口审核制度：

  （一）有提案权的主体可以直接提交提案。

  （二）公司总部部门准备的提案材料必须经过分管该部门业务的公司执行董事或高

管先行审核，再由该执行董事或高管提交提案。

  （三）权属企业准备的提案材料应由公司总部内承担相应板块管理职能的事业部或

业务主管部门进行初审；事业部或业务主管部门认为提案不完整、不规范的，应当直接

要求相关权属企业完善。事业部或业务主管部门初审通过后应根据提案内容和涉及的业

务范围，组织公司其他相关部门会审，之后按前款所规定的程序提交。

  第七条 在提案审核流程中，所有签署意见的责任人均应明确提出是否同意提交董

事会审议的意见，不得使用“已阅”、“拟同意”等消极字样。

  第八条 公司董事会秘书负责提案管理工作；董事会办公室作为日常办事机构，在

其指导下对提案进行形式与合规审核。董事会秘书汇总提案后应提交董事长审核，由董

事长决定是否将提案列为议案。

                 第四章 提案内容规范

  第九条 董事会提案应当符合下列条件：

  （一）内容与法律、行政法规、部门规章和《公司章程》的规定不相抵触，并且属

                      2
于董事会的职责范围；

  （二）有明确议题和具体决议事项，内容充分完整、论证明确、形式规范；

  （三）必须符合公司和股东的利益。

  第十条 董事会提案应充分考虑下列因素：

  （一）背景和目的；

  （二）损益和风险；

  （三）作价依据和方法；

  （四）可行性和合规性；

  （五）交易对方的信用及其与公司的关联关系；

  （六）该等事项对公司财务状况及持续发展的潜在影响；

  （七）对决策有重要影响的其他因素。

  第十一条 为使董事们充分掌握提案所述事项，提高决策效率，提案人向董事会提

交的提案应当符合规范要求，并提交相关辅助材料，包括但不限于项目论证报告、投资

测算、法律风险评估报告、资产评估报告、审计报告、合同、内部审核文件等。

                 第五章 提案时间规范

  第十二条 董事会召开定期会议或拟召开临时会议前，董事会办公室可以向董事、

高管发出董事会会议预通知，告知拟定的董事会会议时间，并征集会议提案。

  第十三条 提案人应当在董事会定期会议召开前 12 个工作日、临时会议召开前 5 个

工作日，将拟提交当期董事会会议审议的提案报送给董事会办公室。涉及重大复杂或紧

急事项无法满足上述提案时限的，可延迟至会议召开前合理时间提交。

  第十四条 对不符合本规定第九条要求的提案，董事会办公室应退回提案人，由其

修改或补充至符合要求后重新报送；未达要求的提案不得提交董事会审议。

  第十五条 提案提交后，提案人原则上不得对提案再进行修改；确需补充或调整的，

应当说明理由，董事会办公室应及时向董事发送更新版本。

                   第六章 附则

  第十六条 本规定未尽事宜或与有关法律、行政法规、部门规章、公司股票上市地证

                      3
券监管规则和《公司章程》不一致时，按照有关法律、行政法规、部门规章、公司股票

上市地证券监管规则和《公司章程》执行。

  第十七条 本规定自董事会审议通过之日起生效，修改时亦同。

  第十八条 本规定由董事会负责解释。

                          紫金矿业集团股份有限公司

                           二○二六年一月十四日

                      4",ok,,,,agent_preflight
601899,紫金矿业集团股份有限公司董事会审计与监督委员会工作细则,,2026-01-15 00:00:00,https://www.cninfo.com.cn/new/disclosure/detail?annoId=1224934783,1224934783,finalpage/2026-01-15/1224934783.PDF,https://static.cninfo.com.cn/finalpage/2026-01-15/1224934783.PDF,PDF,289,"紫金矿业集团股份有限公司
         董事会审计与监督委员会工作细则

                  第一章 总则

  第一条 为健全和规范紫金矿业集团股份有限公司（以下简称“公司”）董事会审计

与监督委员会的议事和决策程序，提高工作效率和科学决策水平，根据《中华人民共和

国公司法》（以下简称“《公司法》”）、《中华人民共和国证券法》等法律、行政法

规、部门规章、公司股票上市地证券监管规则和《公司章程》等有关规定，制定本工作

细则。

  第二条 审计与监督委员会是董事会下设的专门委员会，负责审核公司财务信息及

其披露、监督及评估内外部审计工作和内部控制，行使《公司法》规定的监事会职权。

                 第二章 人员组成

  第三条 审计与监督委员会由六名董事组成，均为不在公司担任高级管理人员（以

下简称“高管”）的董事，其中独立董事五名（至少有一名独立董事须为会计专业背景

人士），负责公司内部监督工作的执行董事一名。

  第四条 审计与监督委员会委员由董事长、二分之一以上独立董事或者全体董事的

三分之一提名，并由董事会选举产生。

  第五条 审计与监督委员会设主任委员兼召集人一名，由独立董事中的会计专业人

士担任，负责公司内部监督工作的执行董事担任联席主任委员。

  第六条 审计与监督委员会任期与董事会一致，委员任期届满，可以连选连任。期间

如有委员不再担任公司董事职务，则自动失去委员资格，并由委员会根据上述第三至第

五条规定补足委员人数。

  第七条 审计监察部为审计与监督委员会的办事机构，负责委员联络、会议组织、材

料准备、决议落实、档案管理等具体工作；审计监察部每年初应向审计与监督委员会汇

报上年度工作总结和本年度审计与内部监督工作计划。审计与监督委员会根据工作需要

可抽调有关人员组成工作组开展工作。

                    1
                  第三章 职责权限

  第八条 审计与监督委员会的主要职责权限：

  （一）审议下列事项，并于审议通过后提交董事会审议：

  1.披露财务会计报告及定期报告中的财务信息、内部控制评价报告；

  2.聘用或者解聘承办公司审计业务的会计师事务所；

  3.聘任或者解聘公司财务负责人；

  4.因会计准则变更以外的原因作出会计政策、会计估计变更或者重大会计差错更正；

  5.法律、行政法规、中国证监会规定、公司股票上市地证券监管规则和《公司章程》

规定的其他需经审议事项。

  （二）行使《公司法》规定的监事会法定职权：

  1.检查公司财务；

  2.对董事、高管执行职务的行为进行监督，对违反法律、行政法规、《公司章程》

或者股东会决议的董事、高管提出解任的建议；

  3.当董事、高管的行为损害公司的利益时，要求董事、高管予以纠正；

  4.提议召开临时股东会会议，在董事会不履行《公司法》规定的召集和主持股东会

会议职责时召集和主持股东会会议；

  5.向股东会会议提出提案；

  6.依照《公司法》的规定，对执行职务违反法律、行政法规或者《公司章程》的规

定，给公司造成损失，应当承担赔偿责任的董事、高管提起诉讼。

  （三）监督、指导审计工作

  1.监督公司内部审计制度的建设及其实施，监督指导内部审计机构对公司业务活动、

风险管理、内部控制、财务信息监督检查，参与对内部审计负责人的考核；

  2.监督外部审计机构的聘用，监督及评估外部审计机构的审计工作，向董事会报告

外部审计机构的履职情况；

  3.负责内部审计与外部审计之间的沟通。

  （四）审查公司财务内部申报及风险管理系统，有权决定对重大关联交易进行审计。

                     2
  （五）定期组织内部控制检查和内部控制评价，指导、督促内部审计机构对公司内

部控制的关键领域、重点环节的风险情况进行评估，对公司内部控制有效性出具书面评

估意见，并向董事会报告。

  （六）当公司存在内部控制重大缺陷，应当督促公司做好后续整改与内部追责等工

作，督促公司制定整改方案和整改措施并限期内完成整改、建立健全并严格落实内部问

责追责制度。

  （七）根据法律、行政法规、中国证监会规定、公司股票上市地证券监管规则等列

示的其他职责和事项（包括附件一所列示的香港联合交易所有限公司《企业管治守则》

中所列的职责权限）。

  （八）公司董事会授予的其他事宜。

  第九条 公司分管内部监督的执行董事在委员会闭会期间主持日常工作；并负责内

部审计、监督与反腐败体系建设，垂直管理公司及各权属企业的监督机构，组织领导各

类腐败、失职渎职等内部案件的调查处理。

  第十条 审计与监督委员会对董事会负责，向董事会报告工作，审计与监督委员会

的提案提交董事会审议。

               第四章 会议材料及审议事项

  第十一条 公司审计监察部负责审计与监督委员会会议的前期准备工作，并提供以

下有关方面的书面资料：

  （一）公司相关财务报告及其对外披露信息情况；

  （二）内部审计机构的工作报告；

  （三）外部审计合同及相关工作报告；

  （四）公司重大关联交易审计报告；

  （五）公司内部控制及风险管理的相关报告；

  （六）其他相关事宜。

  第十二条 审计与监督委员会对上述报告及有关事项进行评价，并对下列事项提出

                     3
审议意见：

  （一）外部审计机构工作评价，外部审计机构的聘请及更换；

  （二）公司内部审计制度是否已得到有效实施，公司财务报告是否全面真实；

  （三）公司对外披露的财务报告等信息是否客观真实，公司重大的关联交易是否合

乎相关法律法规；

  （四）公司财务部门、审计部门包括其负责人的工作评价；

  （五）公司内部控制和风险管理有效性的评价和审计意见；

  （六）其他相关事宜。

               第五章 议事规则

  第十三条 审计与监督委员会会议分为定期会议和临时会议，定期会议每年至少召

开四次，每季度召开一次，临时会议由主任委员或联席主任委员，或两名以上委员提议

召开。会议召开前七天须通知全体委员，并不迟于前三天提供相关资料和信息，会议由

召集人主持，召集人不能出席时可委托其他一名独立董事委员主持。

  第十四条 审计与监督委员会会议应由三分之二以上的委员出席方可举行；每一名

委员有一票的表决权；会议做出的决议，必须经全体委员的过半数通过。委员因故不能

亲自出席会议的，应当事先审阅会议材料，形成明确的意见并书面委托其他委员代为表

决（独立董事委员只能书面委托其他独立董事委员代为表决）。

  第十五条 审计与监督委员会会议表决方式为投票表决；临时会议可以采取通讯表

决的方式召开。

  第十六条 公司财务总监及联席财务总监、董事会秘书及外聘审计中介机构的代表

一般应列席审计与监督委员会会议，必要时亦可邀请公司其他董事及高管列席会议。

  第十七条 如有必要，审计与监督委员会可以聘请中介机构为其决策提供专业意见，

费用由公司支付。

  第十八条 审计与监督委员会会议的召开程序、表决方式和会议通过的议案必须遵

循有关法律、法规、《公司章程》及本工作细则的规定。

  第十九条 审计与监督委员会会议应当有记录，出席会议的委员应当在会议记录上

                   4
签名，会议记录由审计监察部保存，保存期限至少十年。

  第二十条 审计与监督委员会会议通过的意见、纪要及决议，应以书面形式报公司

董事会。

  第二十一条 出席会议的委员及列席会议的其他人员均对会议所议事项有保密义

务，不得擅自披露有关信息。

                第六章 年度报告工作规程

  第二十二条 审计与监督委员会委员在公司年度财务报告编制、审议和披露过程中，

应切实履行委员的责任和义务，勤勉尽责。

  第二十三条 在每个会计年度结束后，公司财务总监及联席财务总监应根据公司的

实际情况提出年度财务报告审计工作的时间安排草案，并提交给审计与监督委员会和为

公司提供年度财务报告审计的会计师事务所（以下简称“年审会计师”或“核数师”）。

  第二十四条 年度财务报告审计工作的时间安排由审计与监督委员会和年审会计师

具体协商确定。年度财务报告审计工作会议每年度至少应安排两次会议。

  第二十五条 审计与监督委员会应在年审会计师进场前审阅公司编制的财务会计报

表，形成书面意见。

  第二十六条 年审会计师进场后，审计与监督委员会应加强与其沟通，在年审会计

师出具初步审计意见后再一次审阅公司财务会计报表，形成书面意见。

  第二十七条 审计与监督委员会应重点关注报告及账目中反映或需反映的重大或异

常事项，并充分听取公司计划财务部、审计监察部或年审会计师提出的意见。

  第二十八条 年度财务报告审计完成后，审计与监督委员会应召开会议进行审议，

形成审议意见后提交董事会。

  第二十九条 审计与监督委员会有权了解年审会计师的审计工作进度及在审计过程

中发现的问题，并督促年审会计师在约定的时间内提交年度审计报告。审计与监督委员

会应以书面意见形式记录督促的方式、次数和结果，并由相关负责人签字确认。

  第三十条 在向董事会提交年度财务报告的同时，审计与监督委员会应向董事会提

交年审会计师从事",ok,,,,agent_preflight
601899,紫金矿业集团股份有限公司关于2026年度委托理财的公告,,2026-01-15 00:00:00,https://www.cninfo.com.cn/new/disclosure/detail?annoId=1224934782,1224934782,finalpage/2026-01-15/1224934782.PDF,https://static.cninfo.com.cn/finalpage/2026-01-15/1224934782.PDF,PDF,116,"证券代码：601899      股票简称：紫金矿业     编号：临 2026-004

                紫金矿业集团股份有限公司
              关于2026年度委托理财的公告

  本公司董事会及全体董事保证本公告内容不存在任何虚假记载、误导性陈述

或者重大遗漏，并对其内容的真实性、准确性和完整性承担法律责任。

  一、委托理财概述

  为提高资金利用效率，增加现金资产收益，在保证日常生产经营需求和资金

安全的前提下，紫金矿业集团股份有限公司（以下简称“公司”）及子公司紫金

矿业集团财务有限公司（以下简称“紫金财务公司”，公司持有其 96%股权）拟合

理利用闲置自有资金进行委托理财，具体情况如下：

  （一）委托方：紫金矿业集团股份有限公司

  1.委托理财额度：单日余额最高不超过 100 亿元人民币（不包括紫金财务公

司的投资类理财业务），占公司最近一期经审计归母净资产 7.15%。

  2.委托理财额度期限：自本次董事会审议通过之日起 12 个月内有效。

  3.委托理财类型：坚持稳健原则，购买以安全性高、流动性强、低风险等级

的银行理财、大额存单、结构性存款、券商收益凭证、资管产品、交易所国债逆

回购等为主，产品持有期限原则上不超过 12 个月。

  4.委托理财资金来源：公司自有资金。

  5.受托理财单位：公司委托理财将选择信誉良好、风控措施严密、有能力保

障资金安全的金融机构等作为受托方，包括但不限于商业银行、证券公司及其资

产管理公司、基金公司等。

  （二）委托方：紫金矿业集团财务有限公司

  1.委托理财额度：单日余额最高不超过 20 亿元人民币，占公司最近一期经审

计归母净资产 1.43%。

                     1
  2.委托理财额度期限：自本次董事会审议通过之日起 12 个月内有效。

  3.委托理财类型：投资产品包括国债及国债逆回购、交易所质押式报价回购、

中央银行票据、地方政府债券、金融债券、AAA 级企业债券、货币市场基金、固定

收益类公开募集证券投资基金等，不得直接投资于二级市场的股票及其衍生品。

  4.委托理财资金来源：紫金财务公司自有资金。

  5.受托理财单位：紫金财务公司委托理财将选择信誉良好、风控措施严密、

有能力保障资金安全的金融机构等作为受托方，包括但不限于商业银行、证券公

司、基金公司及资产管理公司等。

  二、审议程序

  公司于 2026 年 1 月 14 日召开第九届董事会 2026 年第 1 次临时会议，审议通

过了《关于开展 2026 年度理财业务的议案》，本议案在董事会审议权限范围内，

无需提交股东会审议。

  三、委托理财实施及风险控制措施

  （一）委托理财实施

  在上述额度范围内，董事会授权公司分管领导负责决策及实施事项，包括但

不限于选择合格专业理财机构作为受托方、明确委托理财金额、期限、选择产品

品种、签署合同及协议等。如后续单笔/累计实际购买理财产品的收益达到须予披

露标准的，公司将及时披露进展情况。除此之外，公司将在定期报告中披露报告

期内理财产品办理以及相应的损益情况。

  （二）风险控制措施

  1.公司已制定《资金管理办法》，对购买理财产品的范围、职责与权限、基

本原则、审批流程、风险防范与报告、信息披露等方面做出详尽的规定，以有效

防范理财风险，确保资金安全。公司计划财务部依据董事会批准的方案，结合公

司资金状况，适时提出具体实施方案，报公司分管领导审批。

  2.紫金财务公司已制定《有价证券投资管理办法》等制度，对投资理财业务

进行规范，在理财产品的选择范围、职责与权限、基本原则、审批流程、业务台

                       2
账的建立和管理、前中后台的风险防范与报告、预警及止损、信息系统及披露等

方面做了严格的规定，以有效防范投资理财风险，确保资金安全。

  3.公司和紫金财务公司均已建立台账，对理财产品进行日常管理，并定期向

公司董事会报告。

  4.公司独立董事有权对资金使用情况进行监督与检查，必要时可以聘请专业

机构进行审计。

  四、对公司的影响

  公司坚持规范运作，在保障资金安全及确保不影响公司正常生产经营的前提

下，使用闲置自有资金购买金融机构理财产品，坚持稳健原则，有利于提高资金

使用效率和资金收益，降低财务成本，符合公司和全体股东的利益。

  开展有价证券投资业务是紫金财务公司日常业务行为，紫金财务公司通过开

展投资理财业务，有助于提高紫金财务公司在资本市场的参与度，提高现金资产

收益，实现综合发展。

  公司根据财政部《企业会计准则第 22 号—金融工具确认和计量》《企业会计

准则第 37 号—金融工具列报》《企业会计准则第 39 号—公允价值计量》等相关

规定及其指南，对拟开展的投资理财业务进行相应的核算处理，在资产负债表及

损益表相关项目中反映。

  五、风险提示

  委托理财的主要风险包括市场波动风险、宏观经济形势及货币财政政策变化

风险、工作人员操作失误风险等，委托理财的实际收益存在不确定性。

  特此公告。

                          紫金矿业集团股份有限公司

                             董   事   会

                           二〇二六年一月十五日

                   3",ok,,,,agent_preflight
601899,紫金矿业集团股份有限公司董事会提名与薪酬委员会工作细则,,2026-01-15 00:00:00,https://www.cninfo.com.cn/new/disclosure/detail?annoId=1224934781,1224934781,finalpage/2026-01-15/1224934781.PDF,https://static.cninfo.com.cn/finalpage/2026-01-15/1224934781.PDF,PDF,304,,,,,,agent_preflight
601899,紫金矿业集团股份有限公司董事会战略与可持续发展（ESG）委员会工作细则,,2026-01-15 00:00:00,https://www.cninfo.com.cn/new/disclosure/detail?annoId=1224934780,1224934780,finalpage/2026-01-15/1224934780.PDF,https://static.cninfo.com.cn/finalpage/2026-01-15/1224934780.PDF,PDF,359,,,,,,agent_preflight
601899,紫金矿业集团股份有限公司董事会执行与投资委员会工作细则,,2026-01-15 00:00:00,https://www.cninfo.com.cn/new/disclosure/detail?annoId=1224934779,1224934779,finalpage/2026-01-15/1224934779.PDF,https://static.cninfo.com.cn/finalpage/2026-01-15/1224934779.PDF,PDF,194,,,,,,agent_preflight
601899,紫金矿业集团股份有限公司第九届董事会临时会议决议公告,,2026-01-15 00:00:00,https://www.cninfo.com.cn/new/disclosure/detail?annoId=1224934778,1224934778,finalpage/2026-01-15/1224934778.PDF,https://static.cninfo.com.cn/finalpage/2026-01-15/1224934778.PDF,PDF,112,,,,,,agent_preflight
601899,紫金矿业集团股份有限公司董事和高级管理人员离职管理制度,,2026-01-15 00:00:00,https://www.cninfo.com.cn/new/disclosure/detail?annoId=1224934777,1224934777,finalpage/2026-01-15/1224934777.PDF,https://static.cninfo.com.cn/finalpage/2026-01-15/1224934777.PDF,PDF,198,,,,,,agent_preflight
601899,紫金矿业集团股份有限公司关于签署沙坪沟钼矿项目合作及股权转让协议的公告,,2026-01-16 00:00:00,https://www.cninfo.com.cn/new/disclosure/detail?annoId=1224935832,1224935832,finalpage/2026-01-16/1224935832.PDF,https://static.cninfo.com.cn/finalpage/2026-01-16/1224935832.PDF,PDF,111,,,,,,agent_preflight
601899,紫金矿业集团股份有限公司关于巨龙铜矿二期工程建成投产的公告,,2026-01-24 00:00:00,https://www.cninfo.com.cn/new/disclosure/detail?annoId=1224948177,1224948177,finalpage/2026-01-24/1224948177.PDF,https://static.cninfo.com.cn/finalpage/2026-01-24/1224948177.PDF,PDF,92,,,,,,agent_preflight
601899,紫金矿业集团股份有限公司关于拟收购Allied Gold Corporation 100%股权的公告,,2026-01-27 00:00:00,https://www.cninfo.com.cn/new/disclosure/detail?annoId=1224951157,1224951157,finalpage/2026-01-27/1224951157.PDF,https://static.cninfo.com.cn/finalpage/2026-01-27/1224951157.PDF,PDF,243,,,,,,agent_preflight
601899,紫金矿业集团股份有限公司关于根据一般性授权拟发行15亿美元零息可转换公司债券的公告,,2026-01-30 00:00:00,https://www.cninfo.com.cn/new/disclosure/detail?annoId=1224957529,1224957529,finalpage/2026-01-30/1224957529.PDF,https://static.cninfo.com.cn/finalpage/2026-01-30/1224957529.PDF,PDF,233,,,,,,agent_preflight
601899,紫金矿业集团股份有限公司关于2023年股票期权激励计划第一个行权期自主行权结果暨股份变动月度公告,,2026-02-04 00:00:00,https://www.cninfo.com.cn/new/disclosure/detail?annoId=1224965300,1224965300,finalpage/2026-02-04/1224965300.PDF,https://static.cninfo.com.cn/finalpage/2026-02-04/1224965300.PDF,PDF,133,,,,,,agent_preflight
601899,紫金矿业H股市场公告,,2026-02-04 00:00:00,https://www.cninfo.com.cn/new/disclosure/detail?annoId=1224965070,1224965070,finalpage/2026-02-04/1224965070.PDF,https://static.cninfo.com.cn/finalpage/2026-02-04/1224965070.PDF,PDF,153,,,,,,agent_preflight
601899,紫金矿业集团股份有限公司关于为全资子公司提供担保的实施公告,,2026-02-06 00:00:00,https://www.cninfo.com.cn/new/disclosure/detail?annoId=1224968955,1224968955,finalpage/2026-02-06/1224968955.PDF,https://static.cninfo.com.cn/finalpage/2026-02-06/1224968955.PDF,PDF,120,,,,,,agent_preflight
601899,紫金矿业集团股份有限公司关于15亿美元零息可转换公司债券发行完成的公告,,2026-02-06 00:00:00,https://www.cninfo.com.cn/new/disclosure/detail?annoId=1224968949,1224968949,finalpage/2026-02-06/1224968949.PDF,https://static.cninfo.com.cn/finalpage/2026-02-06/1224968949.PDF,PDF,101,,,,,,agent_preflight
601899,紫金矿业集团股份有限公司关于三年（2026-2028年）主要矿产品产量规划和2035年远景目标纲要的公告,,2026-02-09 00:00:00,https://www.cninfo.com.cn/new/disclosure/detail?annoId=1224972233,1224972233,finalpage/2026-02-09/1224972233.PDF,https://static.cninfo.com.cn/finalpage/2026-02-09/1224972233.PDF,PDF,141,,,,,,agent_preflight
601899,紫金矿业集团股份有限公司关于2023年股票期权激励计划第一个行权期自主行权结果暨股份变动月度公告,,2026-03-03 00:00:00,https://www.cninfo.com.cn/new/disclosure/detail?annoId=1224992174,1224992174,finalpage/2026-03-03/1224992174.PDF,https://static.cninfo.com.cn/finalpage/2026-03-03/1224992174.PDF,PDF,133,,,,,,agent_preflight
601899,紫金矿业H股市场公告,,2026-03-03 00:00:00,https://www.cninfo.com.cn/new/disclosure/detail?annoId=1224991243,1224991243,finalpage/2026-03-03/1224991243.PDF,https://static.cninfo.com.cn/finalpage/2026-03-03/1224991243.PDF,PDF,154,,,,,,agent_preflight
601899,紫金矿业集团股份有限公司关于全资子公司与专业投资机构共同投资的公告,,2026-03-13 00:00:00,https://www.cninfo.com.cn/new/disclosure/detail?annoId=1225007115,1225007115,finalpage/2026-03-13/1225007115.PDF,https://static.cninfo.com.cn/finalpage/2026-03-13/1225007115.PDF,PDF,130,,,,,,agent_preflight
601899,紫金矿业集团股份有限公司关于召开2025年度业绩说明会的公告,,2026-03-14 00:00:00,https://www.cninfo.com.cn/new/disclosure/detail?annoId=1225008174,1225008174,finalpage/2026-03-14/1225008174.PDF,https://static.cninfo.com.cn/finalpage/2026-03-14/1225008174.PDF,PDF,110,,,,,,agent_preflight
601899,紫金矿业集团股份有限公司关于续聘会计师事务所的公告,,2026-03-21 00:00:00,https://www.cninfo.com.cn/new/disclosure/detail?annoId=1225023679,1225023679,finalpage/2026-03-21/1225023679.PDF,https://static.cninfo.com.cn/finalpage/2026-03-21/1225023679.PDF,PDF,117,,,,,,agent_preflight
601899,紫金矿业集团股份有限公司涉及财务公司关联交易的存贷款等金融业务的专项说明,,2026-03-21 00:00:00,https://www.cninfo.com.cn/new/disclosure/detail?annoId=1225023678,1225023678,finalpage/2026-03-21/1225023678.PDF,https://static.cninfo.com.cn/finalpage/2026-03-21/1225023678.PDF,PDF,5397,,,,,,agent_preflight
601899,紫金矿业集团股份有限公司2025年年度报告摘要,,2026-03-21 00:00:00,https://www.cninfo.com.cn/new/disclosure/detail?annoId=1225023677,1225023677,finalpage/2026-03-21/1225023677.PDF,https://static.cninfo.com.cn/finalpage/2026-03-21/1225023677.PDF,PDF,309,,,,,,agent_preflight
601899,紫金矿业集团股份有限公司第九届董事会第二次会议决议公告,,2026-03-21 00:00:00,https://www.cninfo.com.cn/new/disclosure/detail?annoId=1225023676,1225023676,finalpage/2026-03-21/1225023676.PDF,https://static.cninfo.com.cn/finalpage/2026-03-21/1225023676.PDF,PDF,131,,,,,,agent_preflight
601899,紫金矿业集团股份有限公司第八届董事会审计与内控委员会2025年度对会计师事务所履行监督职责情况的报告,,2026-03-21 00:00:00,https://www.cninfo.com.cn/new/disclosure/detail?annoId=1225023675,1225023675,finalpage/2026-03-21/1225023675.PDF,https://static.cninfo.com.cn/finalpage/2026-03-21/1225023675.PDF,PDF,205,,,,,,agent_preflight
601899,紫金矿业集团股份有限公司关于控股子公司紫金矿业集团财务有限公司的风险持续评估报告,,2026-03-21 00:00:00,https://www.cninfo.com.cn/new/disclosure/detail?annoId=1225023674,1225023674,finalpage/2026-03-21/1225023674.PDF,https://static.cninfo.com.cn/finalpage/2026-03-21/1225023674.PDF,PDF,275,,,,,,agent_preflight
601899,紫金矿业集团股份有限公司2025年年度审计报告,,2026-03-21 00:00:00,https://www.cninfo.com.cn/new/disclosure/detail?annoId=1225023673,1225023673,finalpage/2026-03-21/1225023673.PDF,https://static.cninfo.com.cn/finalpage/2026-03-21/1225023673.PDF,PDF,16458,,,,,,agent_preflight
601899,紫金矿业集团股份有限公司2025年度募集资金存放、管理与实际使用情况的专项报告,,2026-03-21 00:00:00,https://www.cninfo.com.cn/new/disclosure/detail?annoId=1225023672,1225023672,finalpage/2026-03-21/1225023672.PDF,https://static.cninfo.com.cn/finalpage/2026-03-21/1225023672.PDF,PDF,343,,,,,,agent_preflight
601899,紫金矿业集团股份有限公司2025年度内部控制审计报告,,2026-03-21 00:00:00,https://www.cninfo.com.cn/new/disclosure/detail?annoId=1225023671,1225023671,finalpage/2026-03-21/1225023671.PDF,https://static.cninfo.com.cn/finalpage/2026-03-21/1225023671.PDF,PDF,4882,,,,,,agent_preflight
601899,紫金矿业集团股份有限公司2026年度担保计划的公告,,2026-03-21 00:00:00,https://www.cninfo.com.cn/new/disclosure/detail?annoId=1225023670,1225023670,finalpage/2026-03-21/1225023670.PDF,https://static.cninfo.com.cn/finalpage/2026-03-21/1225023670.PDF,PDF,150,,,,,,agent_preflight
601899,紫金矿业集团股份有限公司2025年度利润分配方案公告,,2026-03-21 00:00:00,https://www.cninfo.com.cn/new/disclosure/detail?annoId=1225023669,1225023669,finalpage/2026-03-21/1225023669.PDF,https://static.cninfo.com.cn/finalpage/2026-03-21/1225023669.PDF,PDF,99,,,,,,agent_preflight
601899,紫金矿业集团股份有限公司信息披露暂缓与豁免事务管理制度,,2026-03-21 00:00:00,https://www.cninfo.com.cn/new/disclosure/detail?annoId=1225023668,1225023668,finalpage/2026-03-21/1225023668.PDF,https://static.cninfo.com.cn/finalpage/2026-03-21/1225023668.PDF,PDF,200,,,,,,agent_preflight
601899,紫金矿业集团股份有限公司2025年度会计师事务所履职情况评估报告,,2026-03-21 00:00:00,https://www.cninfo.com.cn/new/disclosure/detail?annoId=1225023667,1225023667,finalpage/2026-03-21/1225023667.PDF,https://static.cninfo.com.cn/finalpage/2026-03-21/1225023667.PDF,PDF,288,,,,,,agent_preflight
601899,紫金矿业集团股份有限公司第八届独立董事2025年度述职报告（孙文德）,,2026-03-21 00:00:00,https://www.cninfo.com.cn/new/disclosure/detail?annoId=1225023666,1225023666,finalpage/2026-03-21/1225023666.PDF,https://static.cninfo.com.cn/finalpage/2026-03-21/1225023666.PDF,PDF,337,,,,,,agent_preflight
601899,紫金矿业集团股份有限公司董事会关于独立董事独立性情况评估的专项意见,,2026-03-21 00:00:00,https://www.cninfo.com.cn/new/disclosure/detail?annoId=1225023665,1225023665,finalpage/2026-03-21/1225023665.PDF,https://static.cninfo.com.cn/finalpage/2026-03-21/1225023665.PDF,PDF,109,,,,,,agent_preflight
601899,紫金矿业集团股份有限公司2025年度内部控制评价报告,,2026-03-21 00:00:00,https://www.cninfo.com.cn/new/disclosure/detail?annoId=1225023664,1225023664,finalpage/2026-03-21/1225023664.PDF,https://static.cninfo.com.cn/finalpage/2026-03-21/1225023664.PDF,PDF,173,,,,,,agent_preflight
601899,紫金矿业集团股份有限公司第八届独立董事2025年度述职报告（何福龙）,,2026-03-21 00:00:00,https://www.cninfo.com.cn/new/disclosure/detail?annoId=1225023663,1225023663,finalpage/2026-03-21/1225023663.PDF,https://static.cninfo.com.cn/finalpage/2026-03-21/1225023663.PDF,PDF,323,,,,,,agent_preflight
601899,德勤华永会计师事务所（特殊普通合伙）关于紫金矿业集团股份有限公司非经营性资金占用及其他关联资金往来情况汇总表的专项审计报告,,2026-03-21 00:00:00,https://www.cninfo.com.cn/new/disclosure/detail?annoId=1225023662,1225023662,finalpage/2026-03-21/1225023662.PDF,https://static.cninfo.com.cn/finalpage/2026-03-21/1225023662.PDF,PDF,474,,,,,,agent_preflight
601899,紫金矿业集团股份有限公司关于子公司开展期货及衍生品交易的公告,,2026-03-21 00:00:00,https://www.cninfo.com.cn/new/disclosure/detail?annoId=1225023661,1225023661,finalpage/2026-03-21/1225023661.PDF,https://static.cninfo.com.cn/finalpage/2026-03-21/1225023661.PDF,PDF,117,,,,,,agent_preflight
601899,紫金矿业集团股份有限公司第八届独立董事2025年度述职报告（薄少川）,,2026-03-21 00:00:00,https://www.cninfo.com.cn/new/disclosure/detail?annoId=1225023660,1225023660,finalpage/2026-03-21/1225023660.PDF,https://static.cninfo.com.cn/finalpage/2026-03-21/1225023660.PDF,PDF,347,,,,,,agent_preflight
601899,紫金矿业集团股份有限公司第八届董事会审计与内控委员会2025年度履职情况报告,,2026-03-21 00:00:00,https://www.cninfo.com.cn/new/disclosure/detail?annoId=1225023659,1225023659,finalpage/2026-03-21/1225023659.PDF,https://static.cninfo.com.cn/finalpage/2026-03-21/1225023659.PDF,PDF,197,,,,,,agent_preflight
601899,紫金矿业集团股份有限公司2025年年度报告,,2026-03-21 00:00:00,https://www.cninfo.com.cn/new/disclosure/detail?annoId=1225023658,1225023658,finalpage/2026-03-21/1225023658.PDF,https://static.cninfo.com.cn/finalpage/2026-03-21/1225023658.PDF,PDF,78054,,,,,,agent_preflight
601899,紫金矿业集团股份有限公司2025年度可持续发展报告摘要,,2026-03-21 00:00:00,https://www.cninfo.com.cn/new/disclosure/detail?annoId=1225023657,1225023657,finalpage/2026-03-21/1225023657.PDF,https://static.cninfo.com.cn/finalpage/2026-03-21/1225023657.PDF,PDF,176,,,,,,agent_preflight
601899,紫金矿业集团股份有限公司第八届独立董事2025年度述职报告（吴小敏）,,2026-03-21 00:00:00,https://www.cninfo.com.cn/new/disclosure/detail?annoId=1225023656,1225023656,finalpage/2026-03-21/1225023656.PDF,https://static.cninfo.com.cn/finalpage/2026-03-21/1225023656.PDF,PDF,347,,,,,,agent_preflight
601899,紫金矿业集团股份有限公司2025年度募集资金存放、管理与实际使用情况审核报告,,2026-03-21 00:00:00,https://www.cninfo.com.cn/new/disclosure/detail?annoId=1225023655,1225023655,finalpage/2026-03-21/1225023655.PDF,https://static.cninfo.com.cn/finalpage/2026-03-21/1225023655.PDF,PDF,5595,,,,,,agent_preflight
601899,紫金矿业集团股份有限公司关于以集中竞价方式回购A股股份方案的公告暨回购报告书,,2026-03-21 00:00:00,https://www.cninfo.com.cn/new/disclosure/detail?annoId=1225023654,1225023654,finalpage/2026-03-21/1225023654.PDF,https://static.cninfo.com.cn/finalpage/2026-03-21/1225023654.PDF,PDF,180,,,,,,agent_preflight
601899,紫金矿业集团股份有限公司2025年度可持续发展报告,,2026-03-21 00:00:00,https://www.cninfo.com.cn/new/disclosure/detail?annoId=1225023653,1225023653,finalpage/2026-03-21/1225023653.PDF,https://static.cninfo.com.cn/finalpage/2026-03-21/1225023653.PDF,PDF,54840,,,,,,agent_preflight
601899,兴业证券股份有限公司关于紫金矿业集团股份有限公司2025年度募集资金存放、管理与使用情况的核查意见,,2026-03-21 00:00:00,https://www.cninfo.com.cn/new/disclosure/detail?annoId=1225023652,1225023652,finalpage/2026-03-21/1225023652.PDF,https://static.cninfo.com.cn/finalpage/2026-03-21/1225023652.PDF,PDF,609,,,,,,agent_preflight
601899,紫金矿业集团股份有限公司第八届独立董事2025年度述职报告（李常青）,,2026-03-21 00:00:00,https://www.cninfo.com.cn/new/disclosure/detail?annoId=1225023651,1225023651,finalpage/2026-03-21/1225023651.PDF,https://static.cninfo.com.cn/finalpage/2026-03-21/1225023651.PDF,PDF,325,,,,,,agent_preflight
601899,紫金矿业集团股份有限公司关于开展期货和衍生品业务的可行性分析报告,,2026-03-21 00:00:00,https://www.cninfo.com.cn/new/disclosure/detail?annoId=1225023650,1225023650,finalpage/2026-03-21/1225023650.PDF,https://static.cninfo.com.cn/finalpage/2026-03-21/1225023650.PDF,PDF,190,,,,,,agent_preflight
601899,紫金矿业集团股份有限公司第八届独立董事2025年度述职报告（毛景文）,,2026-03-21 00:00:00,https://www.cninfo.com.cn/new/disclosure/detail?annoId=1225023649,1225023649,finalpage/2026-03-21/1225023649.PDF,https://static.cninfo.com.cn/finalpage/2026-03-21/1225023649.PDF,PDF,309,,,,,,agent_preflight
601899,紫金矿业集团股份有限公司内部审计管理制度,,2026-03-21 00:00:00,https://www.cninfo.com.cn/new/disclosure/detail?annoId=1225023648,1225023648,finalpage/2026-03-21/1225023648.PDF,https://static.cninfo.com.cn/finalpage/2026-03-21/1225023648.PDF,PDF,273,,,,,,agent_preflight
601899,紫金矿业集团股份有限公司关于拟通过协议收购A股和认购定向增发H股的方式获得赤峰吉隆黄金矿业股份有限公司控制权的公告,,2026-03-23 00:00:00,https://www.cninfo.com.cn/new/disclosure/detail?annoId=1225024230,1225024230,finalpage/2026-03-23/1225024230.PDF,https://static.cninfo.com.cn/finalpage/2026-03-23/1225024230.PDF,PDF,263,,,,,,agent_preflight
601899,紫金矿业集团股份有限公司关于以集中竞价交易方式首次回购公司A股股份的公告,,2026-03-24 00:00:00,https://www.cninfo.com.cn/new/disclosure/detail?annoId=1225025170,1225025170,finalpage/2026-03-24/1225025170.PDF,https://static.cninfo.com.cn/finalpage/2026-03-24/1225025170.PDF,PDF,101,,,,,,agent_preflight
601899,紫金矿业集团股份有限公司关于回购A股股份事项前十名股东和前十名无限售条件股东持股情况的公告,,2026-03-25 00:00:00,https://www.cninfo.com.cn/new/disclosure/detail?annoId=1225027508,1225027508,finalpage/2026-03-25/1225027508.PDF,https://static.cninfo.com.cn/finalpage/2026-03-25/1225027508.PDF,PDF,111,,,,,,agent_preflight
601899,紫金矿业H股市场公告,,2026-04-02 00:00:00,https://www.cninfo.com.cn/new/disclosure/detail?annoId=1225071936,1225071936,finalpage/2026-04-02/1225071936.PDF,https://static.cninfo.com.cn/finalpage/2026-04-02/1225071936.PDF,PDF,158,,,,,,agent_preflight
601899,紫金矿业集团股份有限公司关于以集中竞价交易方式回购公司A股股份的进展公告,,2026-04-03 00:00:00,https://www.cninfo.com.cn/new/disclosure/detail?annoId=1225075988,1225075988,finalpage/2026-04-03/1225075988.PDF,https://static.cninfo.com.cn/finalpage/2026-04-03/1225075988.PDF,PDF,68,,,,,,agent_preflight
601899,紫金矿业集团股份有限公司关于2023年股票期权激励计划第一个行权期自主行权完毕暨股份变动公告,,2026-04-03 00:00:00,https://www.cninfo.com.cn/new/disclosure/detail?annoId=1225075985,1225075985,finalpage/2026-04-03/1225075985.PDF,https://static.cninfo.com.cn/finalpage/2026-04-03/1225075985.PDF,PDF,132,,,,,,agent_preflight
601899,中信证券股份有限公司关于紫金矿业集团股份有限公司分拆所属子公司紫金黄金国际有限公司境外上市之持续督导核查意见,,2026-04-04 00:00:00,https://www.cninfo.com.cn/new/disclosure/detail?annoId=1225078771,1225078771,finalpage/2026-04-04/1225078771.PDF,https://static.cninfo.com.cn/finalpage/2026-04-04/1225078771.PDF,PDF,222,,,,,,agent_preflight
601899,紫金矿业集团股份有限公司关于回购股份实施结果暨股份变动的公告,,2026-04-15 00:00:00,https://www.cninfo.com.cn/new/disclosure/detail?annoId=1225102175,1225102175,finalpage/2026-04-15/1225102175.PDF,https://static.cninfo.com.cn/finalpage/2026-04-15/1225102175.PDF,PDF,107,,,,,,agent_preflight
601899,紫金矿业集团股份有限公司证券违法违规行为内部问责制度,,2026-04-22 00:00:00,https://www.cninfo.com.cn/new/disclosure/detail?annoId=1225141516,1225141516,finalpage/2026-04-22/1225141516.PDF,https://static.cninfo.com.cn/finalpage/2026-04-22/1225141516.PDF,PDF,193,,,,,,agent_preflight
601899,紫金矿业集团股份有限公司未来三年（2026-2028年度）股东分红回报规划,,2026-04-22 00:00:00,https://www.cninfo.com.cn/new/disclosure/detail?annoId=1225141515,1225141515,finalpage/2026-04-22/1225141515.PDF,https://static.cninfo.com.cn/finalpage/2026-04-22/1225141515.PDF,PDF,107,,,,,,agent_preflight
601899,紫金矿业集团股份有限公司投资者关系管理制度,,2026-04-22 00:00:00,https://www.cninfo.com.cn/new/disclosure/detail?annoId=1225141513,1225141513,finalpage/2026-04-22/1225141513.PDF,https://static.cninfo.com.cn/finalpage/2026-04-22/1225141513.PDF,PDF,213,,,,,,agent_preflight
601899,紫金矿业集团股份有限公司信息披露管理办法,,2026-04-22 00:00:00,https://www.cninfo.com.cn/new/disclosure/detail?annoId=1225141512,1225141512,finalpage/2026-04-22/1225141512.PDF,https://static.cninfo.com.cn/finalpage/2026-04-22/1225141512.PDF,PDF,257,,,,,,agent_preflight
601899,紫金矿业集团股份有限公司市值管理制度,,2026-04-22 00:00:00,https://www.cninfo.com.cn/new/disclosure/detail?annoId=1225141511,1225141511,finalpage/2026-04-22/1225141511.PDF,https://static.cninfo.com.cn/finalpage/2026-04-22/1225141511.PDF,PDF,231,,,,,,agent_preflight
601899,紫金矿业集团股份有限公司总裁工作细则,,2026-04-22 00:00:00,https://www.cninfo.com.cn/new/disclosure/detail?annoId=1225141510,1225141510,finalpage/2026-04-22/1225141510.PDF,https://static.cninfo.com.cn/finalpage/2026-04-22/1225141510.PDF,PDF,193,,,,,,agent_preflight
601899,紫金矿业集团股份有限公司第九届董事会第三次会议决议公告,,2026-04-22 00:00:00,https://www.cninfo.com.cn/new/disclosure/detail?annoId=1225141509,1225141509,finalpage/2026-04-22/1225141509.PDF,https://static.cninfo.com.cn/finalpage/2026-04-22/1225141509.PDF,PDF,94,,,,,,agent_preflight
601899,紫金矿业集团股份有限公司2026年第一季度报告,,2026-04-22 00:00:00,https://www.cninfo.com.cn/new/disclosure/detail?annoId=1225141507,1225141507,finalpage/2026-04-22/1225141507.PDF,https://static.cninfo.com.cn/finalpage/2026-04-22/1225141507.PDF,PDF,200,,,,,,agent_preflight
601899,紫金矿业H股市场公告,,2026-04-28 00:00:00,https://www.cninfo.com.cn/new/disclosure/detail?annoId=1225201092,1225201092,finalpage/2026-04-28/1225201092.PDF,https://static.cninfo.com.cn/finalpage/2026-04-28/1225201092.PDF,PDF,9008,,,,,,agent_preflight
601899,紫金矿业H股市场公告,,2026-05-01 00:00:00,https://www.cninfo.com.cn/new/disclosure/detail?annoId=1225272773,1225272773,finalpage/2026-05-01/1225272773.PDF,https://static.cninfo.com.cn/finalpage/2026-05-01/1225272773.PDF,PDF,157,,,,,,agent_preflight
601899,紫金矿业集团股份有限公司第九届董事会临时会议决议公告,,2026-05-09 00:00:00,https://www.cninfo.com.cn/new/disclosure/detail?annoId=1225286410,1225286410,finalpage/2026-05-09/1225286410.PDF,https://static.cninfo.com.cn/finalpage/2026-05-09/1225286410.PDF,PDF,105,,,,,,agent_preflight
601899,紫金矿业集团股份有限公司九届二次职工（会员）代表大会决议公告,,2026-05-09 00:00:00,https://www.cninfo.com.cn/new/disclosure/detail?annoId=1225286409,1225286409,finalpage/2026-05-09/1225286409.PDF,https://static.cninfo.com.cn/finalpage/2026-05-09/1225286409.PDF,PDF,73,,,,,,agent_preflight
601899,紫金矿业集团股份有限公司2026年员工持股计划（草案）,,2026-05-09 00:00:00,https://www.cninfo.com.cn/new/disclosure/detail?annoId=1225286404,1225286404,finalpage/2026-05-09/1225286404.PDF,https://static.cninfo.com.cn/finalpage/2026-05-09/1225286404.PDF,PDF,253,,,,,,agent_preflight
601899,紫金矿业集团股份有限公司董事会提名与薪酬委员会关于公司2026年员工持股计划相关事项的核查意见,,2026-05-09 00:00:00,https://www.cninfo.com.cn/new/disclosure/detail?annoId=1225286353,1225286353,finalpage/2026-05-09/1225286353.PDF,https://static.cninfo.com.cn/finalpage/2026-05-09/1225286353.PDF,PDF,120,,,,,,agent_preflight
601899,紫金矿业集团股份有限公司董事会秘书管理制度,,2026-05-09 00:00:00,https://www.cninfo.com.cn/new/disclosure/detail?annoId=1225286352,1225286352,finalpage/2026-05-09/1225286352.PDF,https://static.cninfo.com.cn/finalpage/2026-05-09/1225286352.PDF,PDF,196,,,,,,agent_preflight
601899,紫金矿业集团股份有限公司2026年员工持股计划管理办法,,2026-05-09 00:00:00,https://www.cninfo.com.cn/new/disclosure/detail?annoId=1225286342,1225286342,finalpage/2026-05-09/1225286342.PDF,https://static.cninfo.com.cn/finalpage/2026-05-09/1225286342.PDF,PDF,146,,,,,,agent_preflight
601899,福建至理律师事务所关于紫金矿业集团股份有限公司2026年员工持股计划法律意见书,,2026-05-09 00:00:00,https://www.cninfo.com.cn/new/disclosure/detail?annoId=1225286337,1225286337,finalpage/2026-05-09/1225286337.PDF,https://static.cninfo.com.cn/finalpage/2026-05-09/1225286337.PDF,PDF,698,,,,,,agent_preflight
601899,紫金矿业集团股份有限公司2026年员工持股计划（草案）摘要,,2026-05-09 00:00:00,https://www.cninfo.com.cn/new/disclosure/detail?annoId=1225286335,1225286335,finalpage/2026-05-09/1225286335.PDF,https://static.cninfo.com.cn/finalpage/2026-05-09/1225286335.PDF,PDF,242,,,,,,agent_preflight
601899,紫金矿业集团股份有限公司关于召开2025年年度股东会的通知,,2026-05-16 00:00:00,https://www.cninfo.com.cn/new/disclosure/detail?annoId=1225309069,1225309069,finalpage/2026-05-16/1225309069.PDF,https://static.cninfo.com.cn/finalpage/2026-05-16/1225309069.PDF,PDF,203,,,,,,agent_preflight
601899,紫金矿业集团股份有限公司2025年年度股东会会议材料,,2026-05-27 00:00:00,https://www.cninfo.com.cn/new/disclosure/detail?annoId=1225331065,1225331065,finalpage/2026-05-27/1225331065.PDF,https://static.cninfo.com.cn/finalpage/2026-05-27/1225331065.PDF,PDF,2665,,,,,,agent_preflight
601899,紫金矿业H股市场公告,,2026-05-30 00:00:00,https://www.cninfo.com.cn/new/disclosure/detail?annoId=1225339211,1225339211,finalpage/2026-05-30/1225339211.PDF,https://static.cninfo.com.cn/finalpage/2026-05-30/1225339211.PDF,PDF,154,,,,,,agent_preflight
601899,紫金矿业集团股份有限公司关于调整2025年年度股东会现场会议召开地点的公告,,2026-06-03 00:00:00,https://www.cninfo.com.cn/new/disclosure/detail?annoId=1225347320,1225347320,finalpage/2026-06-03/1225347320.PDF,https://static.cninfo.com.cn/finalpage/2026-06-03/1225347320.PDF,PDF,82,,,,,,agent_preflight
601899,紫金矿业集团股份有限公司第九届董事会临时会议决议公告,,2026-06-06 00:00:00,https://www.cninfo.com.cn/new/disclosure/detail?annoId=1225355503,1225355503,finalpage/2026-06-06/1225355503.PDF,https://static.cninfo.com.cn/finalpage/2026-06-06/1225355503.PDF,PDF,92,,,,,,agent_preflight
601899,福建至理律师事务所关于紫金矿业集团股份有限公司2025年年度股东会的法律意见书,,2026-06-06 00:00:00,https://www.cninfo.com.cn/new/disclosure/detail?annoId=1225355500,1225355500,finalpage/2026-06-06/1225355500.PDF,https://static.cninfo.com.cn/finalpage/2026-06-06/1225355500.PDF,PDF,524,,,,,,agent_preflight
601899,紫金矿业集团股份有限公司2025年年度股东会决议公告,,2026-06-06 00:00:00,https://www.cninfo.com.cn/new/disclosure/detail?annoId=1225355497,1225355497,finalpage/2026-06-06/1225355497.PDF,https://static.cninfo.com.cn/finalpage/2026-06-06/1225355497.PDF,PDF,141,,,,,,agent_preflight
601899,紫金矿业集团股份有限公司债务融资工具信息披露事务管理制度,,2026-06-06 00:00:00,https://www.cninfo.com.cn/new/disclosure/detail?annoId=1225355495,1225355495,finalpage/2026-06-06/1225355495.PDF,https://static.cninfo.com.cn/finalpage/2026-06-06/1225355495.PDF,PDF,239,,,,,,agent_preflight
601899,紫金矿业集团股份有限公司内幕信息及知情人管理制度,,2026-06-06 00:00:00,https://www.cninfo.com.cn/new/disclosure/detail?annoId=1225355459,1225355459,finalpage/2026-06-06/1225355459.PDF,https://static.cninfo.com.cn/finalpage/2026-06-06/1225355459.PDF,PDF,322,,,,,,agent_preflight
601899,紫金矿业集团股份有限公司第九届董事会临时会议决议公告,,2026-06-09 00:00:00,https://www.cninfo.com.cn/new/disclosure/detail?annoId=1225357786,1225357786,finalpage/2026-06-09/1225357786.PDF,https://static.cninfo.com.cn/finalpage/2026-06-09/1225357786.PDF,PDF,87,,,,,,agent_preflight
601899,福建至理律师事务所关于紫金矿业集团股份有限公司差异化分红事项的法律意见书,,2026-06-22 00:00:00,https://www.cninfo.com.cn/new/disclosure/detail?annoId=1225379972,1225379972,finalpage/2026-06-22/1225379972.PDF,https://static.cninfo.com.cn/finalpage/2026-06-22/1225379972.PDF,PDF,499,,,,,,agent_preflight
601899,紫金矿业集团股份有限公司2025年年度权益分派实施公告,,2026-06-22 00:00:00,https://www.cninfo.com.cn/new/disclosure/detail?annoId=1225379946,1225379946,finalpage/2026-06-22/1225379946.PDF,https://static.cninfo.com.cn/finalpage/2026-06-22/1225379946.PDF,PDF,153,,,,,,agent_preflight
601899,紫金矿业H股市场公告,,2026-07-03 00:00:00,https://www.cninfo.com.cn/new/disclosure/detail?annoId=1225406911,1225406911,finalpage/2026-07-03/1225406911.PDF,https://static.cninfo.com.cn/finalpage/2026-07-03/1225406911.PDF,PDF,157,,,,,,agent_preflight
601899,紫金矿业集团股份有限公司2026年半年度业绩预增公告,,2026-07-10 00:00:00,https://www.cninfo.com.cn/new/disclosure/detail?annoId=1225417751,1225417751,finalpage/2026-07-10/1225417751.PDF,https://static.cninfo.com.cn/finalpage/2026-07-10/1225417751.PDF,PDF,107,,,,,,agent_preflight
